trading_start,y,x,sector,group,distance,alpha,beta,mean,sigma,half_life,validation_mean_z,validation_std_ratio,validation_crossings,stability_score
2004-12-31,SSE LN Equity,PNN LN Equity,Utilities,LN,0.0022950742104983816,1.389753842941852,0.6891609267571366,1.0390548820209799e-15,0.03768209064222709,4.060155278662736,-0.6141601887993146,0.772984427750477,10,0.37165656460978413
2004-12-31,BDEV LN Equity,BVS LN Equity,"Consumer, Cyclical",LN,0.0024410746788156865,-0.1963095503467922,0.9216911610977764,-9.03835411073044e-16,0.04952310980288556,3.466506735821147,-0.10027106358985693,1.028933593631654,11,-0.42120601649817324
2004-12-31,SGRO LN Equity,BXTN LN Equity,Financial,LN,0.002595467570423596,1.0380713346326245,1.0053188402887967,6.291263806209221e-16,0.04318747351317353,2.448403859882644,-0.344734190382785,0.6157327557636234,9,0.3796764380124205
2004-12-31,MGGT LN Equity,IMI LN Equity,Industrial,LN,0.002943063965293358,-0.9673445658702311,1.1075013150770485,-1.9001894075315178e-16,0.05273981522404585,2.5226051862994128,0.8395176814840397,1.6219942861405021,12,0.7231741144463348
2004-12-31,NG/ LN Equity,UU/ LN Equity,Utilities,LN,0.0030778662692184386,-0.7984173151117949,1.1996002878131584,1.5656991372918874e-15,0.045216915843892015,4.405343101082593,-0.3246196532248436,1.0177448142510965,7,-0.0077911336943870535
2004-12-31,MB IM Equity,AL IM Equity,Financial,IM,0.0032133719484595613,0.029094197149052096,0.9894572041062116,2.889426589729574e-16,0.06150624660767837,6.185087862847025,0.8843358101269297,1.129233381096394,7,0.6558747888091094
2004-12-31,MS IM Equity,MN IM Equity,Communications,IM,0.0032974964327539386,0.337113315787154,0.9186295315446339,7.671925772730249e-16,0.049280744379712214,3.567783191509804,-0.5118360309578486,0.8264437881521199,7,0.35245940690698224
2004-12-31,SEBA SS Equity,SWEDA SS Equity,Financial,SS,0.003835538262977137,-0.6840213644883132,0.9784732149412925,1.1386902816668272e-17,0.04872009176364106,4.405538281711073,0.09187828151211921,0.4514297034814855,11,0.33721389525960466
2004-12-31,BIRG ID Equity,AIBG ID Equity,Financial,ID,0.003890268435426415,-2.0955953531720812,0.9180386889529262,1.0760623161751516e-15,0.05409869063440772,5.561264901461519,-0.07231826188429744,0.6184930581608258,15,-0.19721242723428767
2004-12-31,ABF LN Equity,RB/ LN Equity,"Consumer, Non-cyclical",LN,0.004587197593816498,0.19898289017813195,0.6767248939098107,3.75767792950053e-16,0.05946386238421065,7.519382332982181,-0.7257545481640191,0.9075369838051375,1,0.772775508333268
2004-12-31,BKT SQ Equity,ALB SQ Equity,Financial,SQ,0.004735123449620387,-1.8731308343508914,1.0268455602940751,3.885780586188048e-16,0.06294378691946392,6.089384848606518,-0.8294549018037565,0.964617603164779,8,0.46547842413157436
2004-12-31,JMAT LN Equity,AGG LN Equity,Basic Materials,LN,0.004805889866793213,2.5257473203317207,0.8647033948479714,9.081054996292946e-16,0.054584512982758356,4.100915515244475,-1.1879701740314583,0.7536351014477896,3,1.3208171524818946
2004-12-31,BPB LN Equity,WEIR LN Equity,Industrial,LN,0.004851960504204305,0.2322634957582689,1.0379956371362522,-5.935423093188337e-16,0.07702273440136212,4.454553040784041,1.4165420253735528,0.8512624659231413,2,1.477576802742934
2004-12-31,PFG LN Equity,AL/ LN Equity,Financial,LN,0.004904676617066602,-0.5933596293322401,1.0997388208956493,-2.352818794494082e-15,0.07678402858177026,6.850362467992841,-0.39980725887531066,1.6101443972424228,4,0.6761311215781913
2004-12-31,FERG LN Equity,WTB LN Equity,"Consumer, Cyclical",LN,0.00551567756231143,0.6884029222277823,1.172187490105024,-2.3286216260086617e-15,0.07384340783956088,4.885744505013125,1.163185955576412,0.6672757352258054,4,1.36773787792693
2004-12-31,BBA LN Equity,HNS LN Equity,Industrial,LN,0.005578678897744039,-0.7206936968159703,0.9586846974608637,3.0175292464170923e-16,0.07775462581402598,5.28431358351196,1.1931819879070926,0.7688132121450352,2,1.3560892239684377
2004-12-31,VOLVB SS Equity,ALIV SS Equity,"Consumer, Cyclical",SS,0.0058669399419917145,-1.8197786871028712,1.0829258867999703,-6.760973547396786e-17,0.06887255993206064,4.87983576271574,0.8111267571162389,1.2097947018248028,6,0.7015774344162737
2004-12-31,TW/ LN Equity,BWY LN Equity,"Consumer, Cyclical",LN,0.005985007410999354,-0.9126756675215469,0.833324984806233,-4.903485025427775e-16,0.058188151444581976,4.1143729127367425,-0.28927197783620945,0.7788172864702686,9,0.08925078727712815
2004-12-31,AAL LN Equity,RIO LN Equity,Basic Materials,LN,0.006306447347311717,-1.095490266120211,1.4036173676591137,-1.5343851545460498e-15,0.07268394087404687,6.091351771865435,0.797807304162636,0.9740142543089122,8,0.4241366447952476
2004-12-31,GLE FP Equity,KN FP Equity,Financial,FP,0.006653751919671719,1.72787421073996,1.3221252359821458,1.2895667439876818e-15,0.058958092405729946,2.4644425020371497,0.4380892891866624,0.8313799950885511,9,0.17275760335667206
2005-07-01,SVT LN Equity,KEL LN Equity,Utilities,LN,0.0018198804768038907,0.8268341392461248,0.8209247668873162,2.0268687013669524e-15,0.03478130397319808,4.38824739139819,-0.27146026121394723,0.7710522766100715,6,0.23145936528660793
2005-07-01,GLH LN Equity,ABF LN Equity,"Consumer, Non-cyclical",LN,0.002135428141476428,0.40429287465207636,0.8440675568464481,1.7365026795419115e-16,0.04567785814010766,3.0237762190020305,-0.48572574390736956,0.9769159636321821,8,0.10908038925225794
2005-07-01,SGRO LN Equity,BXTN LN Equity,Financial,LN,0.00229775505155709,1.0986831276875566,0.9565323159666045,5.237975295667405e-16,0.04293671297347688,2.5618636535726758,-0.8182549422215619,0.6199096888645294,4,1.0964364168961915
2005-07-01,MS IM Equity,MN IM Equity,Communications,IM,0.002487997353839209,0.14966365803523163,1.0188708091808643,-2.2346796777711484e-16,0.0503238484518189,3.6334763831868924,-0.25510743994765483,1.0196040547939402,5,0.024521810307295333
2005-07-01,NRK LN Equity,AL/ LN Equity,Financial,LN,0.002615129309106005,0.3955619222777779,0.7772613914560006,-8.654046140667887e-16,0.04648250996494227,6.3464688486864835,0.8263365335039626,0.8699982180437089,8,0.5656006490651898
2005-07-01,NESN SW Equity,NOVN SW Equity,"Consumer, Non-cyclical",SW,0.0026644698903912525,0.11384744139354827,0.8024080609834089,-2.957748006629584e-15,0.05281336180926825,6.451738517781523,-0.46519517623676165,1.1555005458923617,3,0.45972879939851286
2005-07-01,BKT SQ Equity,ALB SQ Equity,Financial,SQ,0.0027186414234628173,-1.5534207085739276,0.919840404536211,-9.16645676741796e-16,0.05586523572081374,5.018531885928059,-0.9129426420009742,1.3092085370060076,4,0.9823654264052377
2005-07-01,BWY LN Equity,TW/ LN Equity,"Consumer, Cyclical",LN,0.003035176146627648,1.2792323790709927,1.0184375492165838,-2.334315077416996e-16,0.05236959230011605,3.5917419056828117,0.8808889253686816,1.0860650390137117,3,0.813450033681753
2005-07-01,UPM FH Equity,STERV FH Equity,Basic Materials,FH,0.003095086836116751,0.3117948395636251,1.0185988225096767,-5.465713352000771e-16,0.0407197633458054,5.545670654969965,0.5705560985855586,0.7009909449283764,4,0.7258164079797644
2005-07-01,AL IM Equity,G IM Equity,Financial,IM,0.0037766618058964643,-0.48030346909707083,0.8898045510635905,-2.7328566760003855e-16,0.05259778008763978,10.954826411661234,-0.7134723175538474,0.867360430463161,5,0.6057729847328499
2005-07-01,BLND LN Equity,HMSO LN Equity,Financial,LN,0.003795396407706357,-0.09323849157538149,1.1324763393963433,1.594166394333558e-16,0.04042298908841242,3.171260977213572,0.9579666684056366,0.9742029295879904,7,0.6341023188467976
2005-07-01,BPVN IM Equity,R IM Equity,Financial,IM,0.00421299998231479,0.6633234184473038,0.7177297454434527,-6.661338147750939e-16,0.054185224164960424,4.706763671189906,-0.3411321497398729,0.5827500446140739,9,0.4311290742483191
2005-07-01,BATS LN Equity,IMB LN Equity,"Consumer, Non-cyclical",LN,0.0044439939996745274,-0.6769497054085284,1.148229924756126,1.4518301091252047e-16,0.05569629613163801,6.2240691313445495,-0.2987129725774177,0.6795701212368723,5,0.43500782794771087
2005-07-01,GLE FP Equity,KN FP Equity,Financial,FP,0.0045803844125777106,2.1339860415016703,1.0800258977687864,-3.586874387250506e-16,0.060267190239190124,3.112131694135323,-0.718452402450061,1.120349473601253,5,0.5820930690869464
2005-07-01,SEBA SS Equity,SWEDA SS Equity,Financial,SS,0.004931891444314395,-0.7254654333974417,0.993592523822382,-9.735801908251374e-16,0.04428071097574387,4.331244093620411,0.3105935409109721,0.5663813789780792,8,0.479081154152054
2005-07-01,BAA LN Equity,SMIN LN Equity,Industrial,LN,0.004951613710596574,-0.20429841872755083,0.8143497707387334,-4.668630154833992e-16,0.06304351790186295,7.296475462794331,0.25455996868499386,0.6603532643464013,7,0.31954030683161766
2005-07-01,BVS LN Equity,TPK LN Equity,"Consumer, Cyclical",LN,0.0051336279886335,-0.8959464275071845,1.0519380232620748,-1.878838964750265e-16,0.0664826915063538,4.78354420429385,0.16111170506901135,1.1987650176776632,6,0.04240357998720823
2005-07-01,BBA LN Equity,HNS LN Equity,Industrial,LN,0.00513635133777729,-0.8092386266745185,1.0117594672017023,1.6084000228543934e-16,0.07399308830525546,4.591900254692117,0.5684237234475747,1.0765186964413938,5,0.392156128923397
2005-07-01,RCH LN Equity,JPR LN Equity,Communications,LN,0.005248254779865539,-3.0802200639595436,1.202849100447464,-3.0773104862046007e-15,0.06664926946343361,4.329993758224218,0.9615330890704243,0.6894404287717064,4,1.1334080722722157
2005-07-01,III LN Equity,BARC LN Equity,Financial,LN,0.00537716018444584,0.6623524659623906,0.7333755504970593,4.896368211167357e-16,0.06952327111600519,4.987657671075069,-0.6926909240607634,0.96959950020859,6,0.4235631031894209
2005-12-30,SEBA SS Equity,SWEDA SS Equity,Financial,SS,0.00115590927675543,-0.850082988446694,1.0393689364825485,8.355139941730345e-16,0.02788234412839486,2.613026911803495,-0.6880996461526591,0.9596715276832715,9,0.2792638578858044
2005-12-30,SAND SS Equity,SKFB SS Equity,Industrial,SS,0.0013946305317907282,-0.3331555428414502,1.002584453021204,-5.479946980521606e-16,0.03719682622634882,3.1995619834683087,-0.22538635063156814,1.0802494092405588,7,-0.04742170041156757
2005-12-30,RB/ LN Equity,CBRY LN Equity,"Consumer, Non-cyclical",LN,0.0014060970252466618,1.0757394089581962,0.9793968292148543,-1.3920488693376963e-15,0.035000650169770844,2.4002624587501424,-0.9287956136858606,1.0568636097431268,6,0.684101277000446
2005-12-30,NG/ LN Equity,UU/ LN Equity,Utilities,LN,0.001688477219531129,0.07421330162268011,0.8091910436420935,-6.71827266183428e-16,0.042983998729330196,5.507611727318934,-0.8703326082575211,1.3882184036882592,8,0.7983538093241244
2005-12-30,SGRO LN Equity,BXTN LN Equity,Financial,LN,0.0018508818286898739,1.2283482029644222,0.8616451464606227,-6.946010718167646e-16,0.045994179239208795,3.7389056450759863,-1.3862277946205428,1.1346032146044376,7,1.1625107937759664
2005-12-30,IMB LN Equity,GLH LN Equity,"Consumer, Non-cyclical",LN,0.0018788806340188221,0.18226888036039993,1.1146211530304333,-9.422662080792995e-16,0.03623120977713642,4.291743762331011,-0.8252298585202821,0.7030474754419841,3,1.0275607153375788
2005-12-30,UCG IM Equity,BMPS IM Equity,Financial,IM,0.0023011270331139144,0.42482194283837355,0.5086263700695799,-1.1899313443418344e-15,0.04983814229380201,5.212814742238096,-0.7466280043191386,1.6645622761323366,2,1.1561901959701983
2005-12-30,CS FP Equity,GLE FP Equity,Financial,FP,0.002348130203011811,-1.7724214406935526,1.108389489000868,9.536531108959678e-16,0.040026376478622665,2.5186552705081557,-0.5020192686980423,0.6603298777295546,9,0.4670350227837418
2005-12-30,ABP LN Equity,DGE LN Equity,"Consumer, Non-cyclical",LN,0.002399929026927812,-0.6686481096824088,1.0791514879902975,1.6653345369377348e-16,0.04646962146250624,3.5085489755723263,0.5004193871260733,1.1736993000935152,8,0.26057994292497944
2005-12-30,VIE FP Equity,SZE FP Equity,Utilities,FP,0.002401425023109233,0.12478686880540982,1.0986213474328543,1.2582527612418441e-15,0.04834486395664555,2.4407455380507144,1.057491412201258,1.0368432520686686,2,0.9936721748342249
2005-12-30,BLND LN Equity,HMSO LN Equity,Financial,LN,0.0026142702033312335,-0.09570380971070015,1.1341934568042629,3.8003788150630357e-16,0.03725327808351368,3.469514558908175,-0.8579820806624243,0.8280730786753371,7,0.696635949884191
2005-12-30,ACS SQ Equity,ANA SQ Equity,Industrial,SQ,0.0026204044585039473,-1.410962411458872,1.0253346207158582,6.5759363766259275e-16,0.044910959487724285,4.8185300133119435,-0.28398405776445296,1.226205636319887,9,0.037908610675030985
2005-12-30,PNN LN Equity,KEL LN Equity,Utilities,LN,0.0026658913739093766,-0.919423460106793,1.035328347737274,1.6653345369377348e-16,0.04473116913556853,6.366011235788003,-0.48007398577596083,0.7726811340253911,3,0.5879628057690259
2005-12-30,IMI LN Equity,WEIR LN Equity,Industrial,LN,0.0033319743346043778,0.4519296136091758,0.9392746092043823,1.0105876249793091e-16,0.03921697890625328,2.3029174668739043,-0.45815392116895665,1.0532749387005982,11,-0.03994177937954191
2005-12-30,PFG LN Equity,RBS LN Equity,Financial,LN,0.0033813662403624537,-2.2537272818807663,1.0560031970498849,-4.455125727021461e-16,0.060399861920045476,7.09059431860856,-0.023879665701327615,1.1915455136679993,10,-0.3008691188412643
2005-12-30,MS IM Equity,MN IM Equity,Communications,IM,0.0035753433010723887,0.18478401762183352,1.0009224227156812,4.426658469979791e-16,0.0488545005419659,6.259006400664539,0.5625959502863311,0.8630465849439315,4,0.5098825594056156
2005-12-30,VIV FP Equity,MMB FP Equity,Communications,FP,0.004478519812585383,-1.1216724079333709,1.0590745485524469,8.540177112501205e-17,0.05359784727657625,3.547208977408279,-0.11335679504159397,0.7920937971639129,9,-0.10356774154084203
2005-12-30,LAND LN Equity,INTU LN Equity,Financial,LN,0.004496534968306843,0.3508846214379817,1.1876767495158287,1.2383256813126745e-15,0.05095231219574726,9.936592314882134,-0.7484279842838053,0.7559385067889854,3,0.8782232306209147
2005-12-30,BPVN IM Equity,AL IM Equity,Financial,IM,0.004526398428317637,-0.043635999374314886,1.2033707637162294,-9.137989510376288e-16,0.0519655270134031,4.209652241330306,0.3773160745962513,1.355953211181621,3,0.5318207584908399
2005-12-30,TW/ LN Equity,BWY LN Equity,"Consumer, Cyclical",LN,0.004588461010233959,-1.2694458566646,0.9862363458317762,3.629575272813012e-17,0.05152833226127696,5.537280121747666,0.48754710375092913,1.234961883587354,4,0.49858720986256116
2006-06-30,SSE LN Equity,KEL LN Equity,Utilities,LN,0.001105733911992731,0.17555826621965506,0.9707241530204038,-2.135044278125301e-16,0.035513078634655755,4.419852884297321,-0.8211475985213086,1.1965889185015803,9,0.5506225396312121
2006-06-30,BLND LN Equity,LAND LN Equity,Financial,LN,0.0013024481902544787,-1.0912181408980497,1.1594966620270033,1.5101879860606296e-15,0.03425004188863658,5.003249469914436,1.0496032071480264,1.200782943488886,6,0.9325770040945243
2006-06-30,SAND SS Equity,SKFB SS Equity,Industrial,SS,0.0015317866583676374,-0.345691161696828,1.0099328131889735,-2.9890619893754213e-17,0.04076915068933756,4.022726608410801,0.6393019121011063,1.1713380924527712,3,0.6474486761829076
2006-06-30,AIBG ID Equity,BIRG ID Equity,Financial,ID,0.002161128365894354,0.988402640773584,1.3352584541306505,4.554761126667309e-17,0.038162159876441656,3.267045326065045,-0.08685132508245429,1.4533249598970872,9,0.010705332219988373
2006-06-30,AV/ LN Equity,FP/ LN Equity,Financial,LN,0.002559095837967185,1.4723013309128432,0.9422356413329667,5.380311580875758e-16,0.05620169286809375,7.400525961573633,0.25080635722834843,1.6357715563095163,5,0.492920950151328
2006-06-30,VIV FP Equity,MMB FP Equity,Communications,FP,0.0027077909883608292,-1.0950054523479482,1.0513661739776825,-1.5628524115877203e-15,0.05544536283509502,5.443340104778967,0.2377889825629997,1.3395738331001272,7,0.1801405109420588
2006-06-30,VIE FP Equity,SZE FP Equity,Utilities,FP,0.002751683121259664,0.1951018346477065,1.073250391693518,9.451129337834666e-16,0.045381164762827365,3.6690251488327883,0.656058335728882,1.3664418116906518,9,0.5182684792035828
2006-06-30,RMS FP Equity,MC FP Equity,"Consumer, Cyclical",FP,0.003352152083555601,0.3497322871963717,0.9110699535977819,-5.4372460949591e-16,0.047977671877857224,6.219015836957747,-0.34827670817084555,1.2315918793205858,7,0.20658425161597277
2006-06-30,HBOS LN Equity,BB/ LN Equity,Financial,LN,0.0033700483790894565,1.4882017577814581,0.6012373567952205,3.843079700625542e-16,0.05873244401126115,8.170725671684485,-0.40639504179182234,1.624359290964858,5,0.6415084973405831
2006-06-30,ICP LN Equity,NRK LN Equity,Financial,LN,0.0034226019349021326,0.4358042152933765,0.6965173077206404,1.1045295732168224e-15,0.057889498367152674,5.940013591239554,-0.128025241619207,1.3936212378728499,2,0.3599308081949979
2006-06-30,BARC LN Equity,LGEN LN Equity,Financial,LN,0.003425622360309612,1.570296688352553,0.8631925704160851,4.882134582646522e-16,0.04226507185672948,3.154673445573493,0.4825019384421352,0.6019795667964729,10,0.49003371489005065
2006-06-30,TW/ LN Equity,BWY LN Equity,"Consumer, Cyclical",LN,0.003537196712261266,-0.9558642069902182,0.8546846038201348,-2.2062124207294778e-16,0.05875563175973716,9.813168252183988,-0.08385723585652201,1.4520303455281403,5,0.20682005116480623
2006-06-30,FERG LN Equity,BVS LN Equity,"Consumer, Cyclical",LN,0.003601248410092357,2.1007121359683123,0.9812238094052708,-1.67956816545857e-16,0.07484777590945071,9.281135384421322,0.848741755072678,1.4835698076145563,3,1.0931929707403074
2006-06-30,ULVR LN Equity,SBRY LN Equity,"Consumer, Non-cyclical",LN,0.0037523394504120045,1.85927813207345,0.6879591014878936,2.7328566760003855e-16,0.05421546646100564,9.639533369745461,0.8736836111483923,1.4589590215902675,1,1.2014067936532518
2006-06-30,HMSO LN Equity,SGRO LN Equity,Financial,LN,0.0038801746910395356,-1.6458363566526302,1.4385312504357064,-2.177745163687807e-16,0.04555410577076446,3.490575311118037,0.9067595513589971,0.9337664880675294,4,0.7752884361463601
2006-06-30,SDR LN Equity,III LN Equity,Financial,LN,0.003969443480598407,-0.31880604076770586,1.264435568251489,1.170004264412665e-15,0.05437782739980701,4.652648657506364,1.1627224340205382,1.1034686333247354,4,1.0611809556141525
2006-06-30,PRU LN Equity,STAN LN Equity,Financial,LN,0.0040212299956435445,0.2503839077701204,0.6809946627955878,-6.177394778042537e-16,0.056421282811470914,4.252439507439841,0.12333751846134743,0.9233011094425507,7,-0.1468626129400844
2006-06-30,BKT SQ Equity,MAP SQ Equity,Financial,SQ,0.004219243054700416,0.6946866379067772,0.9993604547451119,-3.2737345597921283e-17,0.05832812969091746,6.66470877561382,0.10343037121313102,0.7290911804875998,8,0.019386849893297586
2006-06-30,UBSN SW Equity,CSGN SW Equity,Financial,SW,0.004461480319125454,0.3143544701574275,0.8933809094821641,9.849670936418056e-16,0.05408143974862284,8.979367484777642,1.0687459392667604,0.5895910451507768,2,1.4970720654966116
2006-06-30,KBC BB Equity,GBLB BB Equity,Financial,BB,0.004600928538787597,-0.4075725641249762,1.0810283391050268,2.1948255179128096e-15,0.0494528886149699,6.899959926881629,-0.7828370685444788,1.2722043616742,1,0.9735881822512549
2006-12-29,GLE FP Equity,BNP FP Equity,Financial,FP,0.001270942056478951,-0.5176235193380785,1.198640992191644,1.878838964750265e-16,0.028918012771625687,4.131408957104269,-0.9745849011774077,1.772408545895228,5,1.2969242831605428
2006-12-29,KEL LN Equity,SSE LN Equity,Utilities,LN,0.0013945545323975868,0.0474315638020052,0.9386846300000882,7.97083197166779e-17,0.04111295052513131,5.669506884202172,-0.5957674423791262,1.385389126161727,7,0.5717485000747482
2006-12-29,HSBA LN Equity,AL/ LN Equity,Financial,LN,0.0014101053415153237,1.347563814495562,0.4163860898260628,1.8503717077085943e-16,0.0347159322226318,6.371125641586502,-0.7453209024265349,1.1559905879506485,8,0.4902785307323714
2006-12-29,HBOS LN Equity,SGRO LN Equity,Financial,LN,0.0016005889252623017,0.26916478495596624,0.8330941332856173,-9.081054996292946e-16,0.041590910865262766,3.1943980013767836,-0.7568334142296294,1.4100327992268042,5,0.8504463802121349
2006-12-29,HMSO LN Equity,BXTN LN Equity,Financial,LN,0.0016305208200811858,0.41184234412396775,1.0511019076229229,5.992357607271679e-16,0.03999207621583123,4.148315174310881,-0.4319808079048355,1.0061971158866736,9,-0.01184119936619732
2006-12-29,SKFB SS Equity,SAND SS Equity,Industrial,SS,0.001998242635984896,0.4423347808216929,0.9312098961464069,1.026244616352228e-15,0.03969481168321165,4.472754427580105,-0.9194750394530639,1.2701609132624785,1,1.1086186352536538
2006-12-29,ZURN SW Equity,UBSN SW Equity,Financial,SW,0.0021916234721380792,1.5472532456751018,0.9998078901211912,-1.7023419710919068e-15,0.04447690031725456,3.4277415017130495,-0.34351278184590356,0.8656014057934593,6,0.1878435286689129
2006-12-29,AC FP Equity,MC FP Equity,"Consumer, Cyclical",FP,0.002423716118874172,-1.251646922458093,1.1092358122597765,-1.9414669302419402e-15,0.054831746564877056,6.8584204984717365,0.5439770094358306,1.4479945790803421,6,0.6141565596633018
2006-12-29,CBG LN Equity,ICP LN Equity,Financial,LN,0.0024841504187533853,0.3852402497708353,0.9582365677880378,-5.86425495058416e-16,0.058178435157711754,5.8881129676969595,1.24869353872615,1.3941789306900112,4,1.380999200567656
2006-12-29,JPR LN Equity,RCH LN Equity,Communications,LN,0.0026721746988490826,2.5597921366023884,0.8214762965202896,-3.529939873167164e-16,0.048119053848186336,4.787969248474401,-0.44568553082512896,0.8468508669381749,8,0.21191620274960532
2006-12-29,BKT SQ Equity,BBVA SQ Equity,Financial,SQ,0.002748544216948117,-1.3031618890488748,1.133786591312753,-6.277030177688385e-16,0.04325655443949028,4.364957158988112,-1.1909881966074776,0.9007553568987685,6,0.9955097788253149
2006-12-29,BARC LN Equity,NRK LN Equity,Financial,LN,0.0028869673343475677,0.5436158512133145,0.5831054740840566,-7.501122230480224e-16,0.048148365092247916,6.22139417730233,-1.3542422751793322,0.6583806423760197,2,1.6722143062393027
2006-12-29,WPP LN Equity,PSON LN Equity,Communications,LN,0.0030756112632987337,0.26608935837911807,0.8315320391892786,-4.469359355542297e-16,0.04661415534380615,5.875693830101956,1.1296322706461166,0.49233720066276465,2,1.7382237006920471
2006-12-29,PUB LN Equity,EIG LN Equity,"Consumer, Cyclical",LN,0.0032666005443111133,1.720340000696314,1.129388494117312,2.049642507000289e-16,0.030670195440456825,1.795043630087869,0.02924167982659594,0.7757755751849517,16,-0.5168663123101211
2006-12-29,UU/ LN Equity,NG/ LN Equity,Utilities,LN,0.0036253217454074328,0.4605507945704216,0.9609191943891876,6.035058492834185e-16,0.05235810113193513,9.195265769868545,-0.07323792514578296,1.018783676426621,1,0.04184736678744855
2006-12-29,BA/ LN Equity,RR/ LN Equity,Industrial,LN,0.0036300960766575516,-0.021443872413596153,0.9591128014333716,5.487063794782024e-16,0.055132890704660195,5.761435067327421,-0.5515371456746817,0.9719269329143264,7,0.23001179492076956
2006-12-29,NDA SS Equity,SWEDA SS Equity,Financial,SS,0.0036841581594571756,-1.5303927802656767,1.2112540927920639,-1.511611348912713e-15,0.05909202725712124,8.16487688284562,0.7781992222327164,1.8354463197332858,2,1.2854869001772884
2006-12-29,LGEN LN Equity,LLOY LN Equity,Financial,LN,0.0037532225392314838,-1.1867943130334968,1.3688347269510501,-4.910601839688193e-16,0.04769890044693353,3.634253158993915,1.3655091386117653,1.2652594883355088,8,1.2007863688741272
2006-12-29,SPI IM Equity,UCG IM Equity,Financial,IM,0.004072621466988906,-2.3208803627261667,0.9886483700207985,2.7271632245920514e-15,0.05253872571762158,5.969624258071278,-1.3023789655039744,0.8820564088232135,2,1.3278782349425164
2006-12-29,SAN SQ Equity,POP SQ Equity,Financial,SQ,0.0040849139868239185,-1.6217238869433472,1.192956160252364,-1.850371707708594e-17,0.04910495803160514,8.663921648650726,-1.2068248590309898,1.637150048444243,1,1.649781813845092
2007-06-29,SCTN LN Equity,DGE LN Equity,"Consumer, Non-cyclical",LN,0.0012606471558516184,-0.3559265903796399,0.9233330037555316,2.576286762271197e-16,0.03532711525608089,3.696612984741907,-0.06289200585104081,1.0845706578927061,5,-0.10592379248054642
2007-06-29,BXTN LN Equity,LAND LN Equity,Financial,LN,0.0014124044820387205,-1.242865344902154,0.9737608967439297,-1.6952251568314891e-15,0.03964644195841972,5.022784576185435,-0.985717360709582,1.6835538769008718,3,1.3566243227276127
2007-06-29,PUB LN Equity,EIG LN Equity,"Consumer, Cyclical",LN,0.0020334425020183274,1.8168618448519207,1.075914872448828,-1.209858424271004e-15,0.03199387712338666,2.4267888156953035,-0.9102203951070463,1.118070427550107,10,0.5218247620867655
2007-06-29,ALV GY Equity,DBK GY Equity,Financial,GY,0.002053744530741994,0.42199862782331626,1.0502054232643707,-2.6019072936087e-15,0.038846952714097424,4.025488064255181,0.550082658520928,1.1093974496583914,9,0.20389968830960953
2007-06-29,VIE FP Equity,SZE FP Equity,Utilities,FP,0.002194213556764052,0.36503057889816826,1.0143108869809592,2.1549713580544704e-15,0.04745864415395427,4.104435606781106,-1.0415144728369963,0.9655800853776159,8,0.6765407063396097
2007-06-29,ACA FP Equity,BNP FP Equity,Financial,FP,0.00223316716885809,-0.5231147930617293,0.8872334962479219,1.1557706358918297e-15,0.047689171789987495,7.5234575259537655,-0.7437998942819074,1.0206737738332157,8,0.36426286608423863
2007-06-29,INTU LN Equity,BARC LN Equity,Financial,LN,0.0024256039782654696,-0.006992162427974449,1.1100138485430002,-5.280676181229911e-16,0.051563678564999695,4.661045605722993,1.0417666913207226,1.1775235752505955,9,0.7551802594729744
2007-06-29,LNA GY Equity,BAS GY Equity,Basic Materials,GY,0.002856732799417269,0.29368624572063556,1.1105417553247032,-2.590520390792032e-16,0.06903098840380614,11.030478369050174,0.783668047855897,1.9553009595344568,2,1.354212172941028
2007-06-29,SVT LN Equity,UU/ LN Equity,Utilities,LN,0.002995661576577332,0.2734916660338148,1.05754694456532,-2.6189876478337027e-16,0.0741399368533716,14.762373774889367,0.6010380598611358,1.873175773586689,5,0.9786733249351425
2007-06-29,AV/ LN Equity,LLOY LN Equity,Financial,LN,0.003049087310163495,0.7518859619584408,1.2065376727462818,-9.251858538542972e-16,0.04357227732007525,4.09861890679943,-0.897754326000592,0.7418004096691226,7,0.8464293876638125
2007-06-29,BBY LN Equity,NEX LN Equity,Industrial,LN,0.0034214105100451083,-0.37819529362474774,0.9816471704895264,1.1956247957501685e-16,0.061624595126401206,7.3280530660666106,1.3019215101310406,0.8761440330301965,4,1.2341462904251337
2007-06-29,SEBA SS Equity,NDA SS Equity,Financial,SS,0.00343377685651845,-0.04720724990126923,1.1502113576826327,-6.533235491063422e-16,0.029045858343566065,2.1909454494952945,1.0278804718415724,0.7144213032676617,6,1.0641629019024637
2007-06-29,ULVR LN Equity,REL LN Equity,"Consumer, Non-cyclical",LN,0.003606443579470295,0.3237267833492722,1.165862779996152,2.562053133750361e-16,0.055369493484950204,5.152487383775215,-0.07287593566534005,0.9108531034503144,7,-0.1837504220259656
2007-06-29,MAP SQ Equity,BBVA SQ Equity,Financial,SQ,0.0037916184132890385,-2.180863043472367,1.1989551239551601,3.8928974004484655e-16,0.057613036721771094,7.028810988537181,-0.5070763115388026,1.289092921849395,4,0.5610151212214276
2007-06-29,PRU LN Equity,LGEN LN Equity,Financial,LN,0.003894062491917013,1.414418808070942,1.131176746919259,-2.576286762271197e-16,0.04850417091776236,4.736916984620021,-0.5977481854980389,0.9071825981687526,10,0.19515971360341422
2007-06-29,WPP LN Equity,PSON LN Equity,Communications,LN,0.003946543911298165,-0.04641986049014253,0.9672922607188902,1.1159164760334907e-15,0.04024835746104894,4.491036268115685,-0.10181508026790165,0.783549905183567,7,-0.004264395710394719
2007-06-29,III LN Equity,NRK LN Equity,Financial,LN,0.004053058940595016,0.287731703763228,0.7660126276596506,1.2682163012064288e-15,0.08918216781427757,21.426491149241375,-1.4394979959599663,1.9588062131473112,2,2.0118332087160677
2007-06-29,RCH LN Equity,JPR LN Equity,Communications,LN,0.004163362463101583,-2.3074639200306293,1.0325020664106503,5.280676181229911e-16,0.04863728257060782,3.8488091439290555,-0.4970129790759526,0.8978936668673168,13,-0.045283392172072334
2007-06-29,CBK GY Equity,DPB GY Equity,Financial,GY,0.004239446358812915,0.7367860522382969,1.0859981530820035,2.7043894189587145e-15,0.06451445382571416,5.649511330191567,-1.4364217399717902,1.5242172354745278,5,1.6079027300402506
2007-06-29,SDR LN Equity,OML LN Equity,Financial,LN,0.0044858128456106375,1.779120861112205,1.155968128801642,3.216800045708787e-16,0.08887610517360536,11.818013805020943,1.054007601558321,1.928405827225041,6,1.4107012668957848
2007-12-28,PSON LN Equity,WPP LN Equity,Communications,LN,0.001864655142690187,0.2606938766432724,0.9375512046765045,-8.881784197001252e-16,0.03813701496198701,3.5188759012829114,0.1286230774834495,1.3297073445733807,13,-0.23641804616975914
2007-12-28,GLE FP Equity,CS FP Equity,Financial,FP,0.0019141535754284393,1.180024643063803,1.045192814606188,5.124106267500722e-16,0.053756106199619805,6.927118995794473,-0.9105066219844681,1.6377446430838771,6,1.1038266997091823
2007-12-28,BARC LN Equity,LLOY LN Equity,Financial,LN,0.0019929108670994275,0.4084174983850953,1.2860701680169306,6.519001862542585e-16,0.046311791944256664,4.8259754877134124,-0.3947790337051205,1.6655804356737223,3,0.7549527064014226
2007-12-28,INTU LN Equity,LGEN LN Equity,Financial,LN,0.002542271492261452,1.8303163310348116,0.818020414785866,-4.497826612583967e-16,0.04525245651078453,4.090606460903961,-1.4112227893147937,1.1882903030500342,7,1.233738343240241
2007-12-28,AV/ LN Equity,HBOS LN Equity,Financial,LN,0.002856908914468712,0.37174047025695117,0.762139962488953,-8.540177112501205e-18,0.052113886287072565,6.2756685134314525,0.5284050004426892,1.3296557499573178,9,0.36332507455433233
2007-12-28,SZE FP Equity,VIE FP Equity,Utilities,FP,0.002901901150782047,-0.2679468018802583,0.959931309235157,3.3306690738754696e-16,0.04776179276769844,3.6687311376097953,-0.41931217858378433,0.5836310606891033,13,0.30779841976827116
2007-12-28,OR FP Equity,CA FP Equity,"Consumer, Non-cyclical",FP,0.00312245533255758,0.3959099595311804,1.0605261105359758,-3.302201816833799e-16,0.06915927891732764,10.05476279155041,1.0269925323110722,1.4139847084435329,4,1.1734042853306073
2007-12-28,UNF SQ Equity,REE SQ Equity,Utilities,SQ,0.0031719801066726274,0.4961984731840432,0.9771772179099967,-1.967087461579444e-15,0.054161373435984636,4.376699032465984,0.17484457381671165,0.8770539141739284,12,-0.2939686133667107
2007-12-28,CBG LN Equity,III LN Equity,Financial,LN,0.003260506436842975,0.7034673931853413,0.7971567645745263,-1.044748333429314e-15,0.07390263539997897,7.101566331108636,-1.1035953174639452,1.7631241273927896,6,1.3706826253171605
2007-12-28,9408593Q LN Equity,NEX LN Equity,Industrial,LN,0.0035992254377792228,0.4452250244050582,0.8926490682116531,6.462067348459244e-16,0.05772280686723919,5.582979377592177,-0.37331274798276887,0.9518599416449883,7,0.07265012311757768
2007-12-28,ALV GY Equity,MUV2 GY Equity,Financial,GY,0.003767407222428793,-1.1131803040014454,1.2669710677803687,1.25255930983351e-16,0.04290901219650581,5.170207665449549,0.9838116855085831,1.4390890783493935,5,1.0978220144509234
2007-12-28,RR/ LN Equity,BA/ LN Equity,Industrial,LN,0.003788269797221348,-0.13414219604037145,1.1315852068317251,-3.885780586188048e-16,0.059699183493068096,4.8530527994997374,0.05646693945283389,1.2564303144532178,14,-0.41525844412881224
2007-12-28,SKFB SS Equity,SKAB SS Equity,Industrial,SS,0.003910004704643485,-0.15129773515958617,1.033053762747417,5.978123978750843e-16,0.060114493350088366,3.7562404513708123,0.6630456118987993,0.786781745651979,11,0.3528500053825314
2007-12-28,BWY LN Equity,BVS LN Equity,"Consumer, Cyclical",LN,0.004128345803737405,0.3466799039701001,0.9961320699743016,8.255504542084498e-17,0.07161204803334907,11.194858157759674,0.808680419426562,1.7070528449834954,5,1.0934488205707518
2007-12-28,REX LN Equity,SMIN LN Equity,Industrial,LN,0.004181774049932498,1.465388503804398,0.21938267707713746,-4.526293869625638e-16,0.06597439170355164,9.919372060187015,1.0854802957360368,1.9829009927954881,6,1.4700412160370797
2007-12-28,SGRO LN Equity,AL/ LN Equity,Financial,LN,0.004471744316935107,0.0021226915883851903,1.0387226653956338,2.049642507000289e-15,0.08625038456677998,7.558552339777657,0.381271069743752,1.9614808613830064,10,0.5549707992303081
2007-12-28,SUN SW Equity,SIKA SW Equity,Industrial,SW,0.004660296569763464,1.026814651807468,1.1370865165172372,1.8532184334127614e-15,0.07921311028750595,3.6277305818249976,0.7633707064256307,1.8405926777699677,4,1.1734583336647246
2007-12-28,MF FP Equity,RF FP Equity,Financial,FP,0.0048731023661527885,-0.20468671616567607,1.206860818801794,-1.1187632017376577e-15,0.06095502596518234,5.3704164945641155,0.710129642269816,0.9948604410159807,5,0.4652824542162005
2007-12-28,STAN LN Equity,SDR LN Equity,Financial,LN,0.005019942927413033,0.5212346195171842,0.8248357661315879,3.7007434154171886e-16,0.06395146415522004,5.653847467396468,-1.3231496277910633,1.19144511523158,5,1.2483165806959784
2007-12-28,MC FP Equity,RNO FP Equity,"Consumer, Cyclical",FP,0.00540358603022224,0.9072902090454568,0.7436127940827434,-1.3265741781418537e-15,0.071892449223011,11.487431711291883,-0.9251164484176813,1.0465742189069198,2,0.8706386298836645
2008-06-27,WPP LN Equity,PSON LN Equity,Communications,LN,0.000931487369084066,-0.0842520657413306,0.982837562864545,-3.6295752728130117e-16,0.0345895554966916,2.9794268301121707,0.016096461350547327,1.3627916438568217,9,-0.12436826346262136
2008-06-27,US IM Equity,UCG IM Equity,Financial,IM,0.00204010178756133,-0.7371078729081183,0.9035859551137947,1.708035422500241e-17,0.05373946636704701,4.532965254307401,1.361086735738969,1.3764964793487995,4,1.480628223652823
2008-06-27,CDI FP Equity,MC FP Equity,"Consumer, Cyclical",FP,0.002046199360323381,-1.10167159944826,1.2650624688178846,2.76701738445039e-15,0.030203222759319616,5.763531842154982,1.1210929511589993,0.8684364455357765,8,0.8621538244135843
2008-06-27,ASSAB SS Equity,SKAB SS Equity,Industrial,SS,0.002256348686355348,-1.0637593637915634,1.00164459835962,3.4018372164796466e-16,0.05031600934204322,2.953871741990205,-0.8184794130682772,1.040205942134132,8,0.45789812790075146
2008-06-27,BBY LN Equity,9408593Q LN Equity,Industrial,LN,0.0025453679376718497,-0.4199763577642152,0.9072596392551062,-3.4872389876046583e-16,0.056873440273491054,3.5001472042185506,0.5290465859646412,1.4101734337445875,8,0.47275928544624746
2008-06-27,LGEN LN Equity,INTU LN Equity,Financial,LN,0.0027907442897266194,-1.371960019605034,0.8616467929257865,-3.558407130208835e-16,0.05580554230848081,5.175561672778713,1.0818110941583103,1.092562715429565,7,0.8203371459258093
2008-06-27,CS FP Equity,BNP FP Equity,Financial,FP,0.0028450239262892887,-1.1760484386933732,1.0421724493072027,-2.288767466150323e-15,0.050485537691085006,5.410901753770892,-0.09959845896553315,1.080510020183483,6,-0.1229683704583524
2008-06-27,MAP SQ Equity,BBVA SQ Equity,Financial,SQ,0.002875640239466769,-0.9620386064710045,0.7669534783005609,-1.3664283380001927e-16,0.07005560449077239,11.762900206225002,1.0074962592321153,1.8224006565848403,10,1.1076509332286302
2008-06-27,HMSO LN Equity,DLN LN Equity,Financial,LN,0.00290899804916136,-0.6981163248583743,0.9984953369014882,6.917543461125975e-16,0.051954945886540746,4.765771088763379,0.6386140371350598,1.4074378769611298,6,0.6803849800425212
2008-06-27,SIG LN Equity,KGF LN Equity,"Consumer, Cyclical",LN,0.003543760413611622,2.2561939696891957,0.9682800245954075,7.94236471462612e-16,0.05500409582748274,2.584808845716708,-0.012984227496678278,1.1093617134638176,19,-0.8332309554893936
2008-06-27,SSE LN Equity,PNN LN Equity,Utilities,LN,0.0037987529976357686,1.1446357667279925,0.8825309077470936,7.002945232250987e-16,0.05576940199629512,5.339187034058434,-1.4603297651403149,0.9969944644275895,4,1.263339826405125
2008-06-27,DG FP Equity,LG FP Equity,Industrial,FP,0.004185218869862812,-0.34446863866345206,0.9247951991511305,5.067171753417381e-16,0.06964873238295034,5.709867116550393,-0.22680169701274205,1.4095646827233015,4,0.3700826180769214
2008-06-27,TSCO LN Equity,DGE LN Equity,"Consumer, Non-cyclical",LN,0.004511652281228945,-1.8570995725305182,1.3598832121259168,1.0561352362459822e-15,0.052439677867361735,5.27114101423756,0.3573225323526316,0.9067446234633778,11,-0.09478303735202342
2008-06-27,CA FP Equity,CO FP Equity,"Consumer, Non-cyclical",FP,0.0045471678995294956,0.9516234387947085,0.6611332853185778,-2.6616885333962086e-15,0.07662115498527813,20.68205741121905,-1.194405292982516,1.420098177674191,6,1.2451313014128573
2008-06-27,GLE FP Equity,ACA FP Equity,Financial,FP,0.004704551326504132,1.252620662574743,1.0362887100935843,-2.3115412717836593e-15,0.07322709614879823,5.323995731376007,0.654806076248538,1.1055626428548055,6,0.4551604606847093
2008-06-27,CON GY Equity,RHM GY Equity,"Consumer, Cyclical",GY,0.0048710862574884665,0.2022612503508511,1.0389728746995004,2.1635115351669717e-16,0.08350231216529318,4.643013911936179,0.9240897789429842,1.3128330672919744,7,0.8462772277893833
2008-06-27,BN FP Equity,EL FP Equity,"Consumer, Non-cyclical",FP,0.004879042985757037,0.17293489887655258,1.0159600903976163,2.761323933042056e-15,0.059172251726937346,4.344441690548682,0.16435104703895545,1.14201494497005,5,0.04714524485093596
2008-06-27,1655637D LN Equity,RSA LN Equity,Financial,LN,0.005038539441197638,-0.8158934788500936,1.0527897487967686,-1.1500771844834955e-15,0.05911360759836859,3.928041647224738,-0.148201907895463,1.5077611997306526,2,0.4588278093253748
2008-06-27,IBE SQ Equity,UNF SQ Equity,Utilities,SQ,0.005353569399328428,-1.0333059846446504,1.24785703636016,1.0376315191688964e-15,0.07159254638625918,7.6462006163367455,1.0288555539453956,0.8891239549845107,8,0.7463741752047724
2008-06-27,LLOY LN Equity,FP/ LN Equity,Financial,LN,0.005521578464565398,0.7351506909410574,0.6625512377653153,4.298555813292273e-16,0.06627633183020702,7.0468285538924915,1.45050554512325,1.243880446113354,3,1.518741430411426
2008-12-26,NWG LN Equity,NG/ LN Equity,Utilities,LN,0.0025865304938973966,-0.629850407343711,0.9095625560865532,-5.138339896021558e-16,0.057357135324455244,4.5192225024351105,0.9989578033671683,1.4769911873165111,10,0.8889648402882595
2008-12-26,1655637D LN Equity,RSA LN Equity,Financial,LN,0.0031494966061356646,-0.8191554328309726,1.0516280009582533,-2.348548705937831e-16,0.07664501702713752,4.778830138096555,-1.2249658786042321,1.6702253563464797,3,1.5879244398488317
2008-12-26,CBRY LN Equity,REL LN Equity,"Consumer, Non-cyclical",LN,0.0031713848644886306,0.5796459711536984,0.7250568113080843,4.526293869625638e-16,0.054100161088138046,3.494224480058233,0.9955680894831306,1.0680344403169413,15,0.3113880769889674
2008-12-26,IMB LN Equity,ULVR LN Equity,"Consumer, Non-cyclical",LN,0.003367744890917004,-0.2578711093401475,1.151123178910658,3.6153416442921764e-16,0.05170051857799458,2.781610630093306,0.02139686511887742,1.3603361943017511,14,-0.3708712639900019
2008-12-26,PMI IM Equity,US IM Equity,Financial,IM,0.0043594394776088246,-2.9828098685080535,1.0541809826203157,-3.985415985833895e-17,0.07460796136843895,4.314661495091269,-1.0886659433795545,1.3257949338272506,7,1.0206781729779557
2008-12-26,BBY LN Equity,CLLN LN Equity,Industrial,LN,0.004385497603987858,0.3668221352382647,0.7850807533412778,-2.562053133750361e-16,0.07251474822337729,6.5555648690382,1.3437836038177524,1.2405957509845476,4,1.3593753124006451
2008-12-26,OR FP Equity,BN FP Equity,"Consumer, Non-cyclical",FP,0.004729041452602421,0.841802194056417,0.8955832821371891,-1.0305147049084787e-15,0.05823988997807099,5.986120596654877,-0.32730426289287406,0.8130479458232436,9,0.08426946011376651
2008-12-26,NXT LN Equity,MKS LN Equity,"Consumer, Cyclical",LN,0.005708013523040072,1.6951453803325327,0.7235186309773926,1.9443136559461077e-15,0.08998787827981045,6.398706263994725,0.3068712542072078,1.8552272251723219,7,0.5748784361192592
2008-12-26,COFB BB Equity,GBLB BB Equity,Financial,BB,0.0059469363990840175,2.053140693776592,0.639939221946612,-1.9186931246086038e-15,0.06917443802049722,8.744801649305234,-0.5633589801076397,0.9293836359861616,6,0.336592649667112
2008-12-26,BLND LN Equity,DLN LN Equity,Financial,LN,0.0059554555522993245,-0.5839519970572378,1.0238630964430613,2.140737729533635e-15,0.08775821567150509,6.967731575386265,-0.4602253485895362,1.337472251482544,5,0.5010068016072406
2008-12-26,BAS GY Equity,LNA GY Equity,Basic Materials,GY,0.006459611257923299,-1.510737619484413,1.18431851315842,-3.840232974921375e-15,0.08130351536049385,5.92242068898933,-1.2318242662600583,0.919165990972981,5,1.0661128178984414
2008-12-26,SKFB SS Equity,ATCOA SS Equity,Industrial,SS,0.006659449719576382,0.36846390790019584,1.0182056656421046,-6.90330983260514e-16,0.05350452766264808,2.921060336633456,-0.5597089394714605,1.6220691203589173,17,0.1934115085347199
2008-12-26,MAP SQ Equity,SAN SQ Equity,Financial,SQ,0.0068482667986144875,-0.16323830813339724,0.542328541164729,5.351844323834088e-16,0.07616267665198466,6.4612491164619605,-0.10770737030437591,1.2638781185847445,13,-0.3081077637904611
2008-12-26,UPM FH Equity,STERV FH Equity,Basic Materials,FH,0.007315616029221848,0.8211653403154767,0.8166866084209267,6.71827266183428e-16,0.08014856872250123,18.064332683576463,-1.0482692522018786,0.7251617506114374,2,1.2696297969217645
2008-12-26,AZN LN Equity,GSK LN Equity,"Consumer, Non-cyclical",LN,0.00758032975530755,0.43071576878910467,1.0873635012663638,6.120460263959196e-16,0.07903492170076297,10.45161969376119,1.061205615760312,1.2151872691932117,7,0.9061038116990776
2008-12-26,CAST SS Equity,INVEB SS Equity,Financial,SS,0.007996662508454962,-1.2199718655835041,1.1552824712907408,6.035058492834185e-16,0.08796613930623362,5.0695983317996385,-1.4095294339993303,1.1140969159298557,6,1.2175735698620054
2008-12-26,RF FP Equity,BNP FP Equity,Financial,FP,0.008013033464962106,-1.229655819264317,1.2110675488247604,-2.4396439284711773e-15,0.10798246405526882,5.669237111275542,-0.7586163030478493,1.5837178252698896,8,0.8183914399587165
2008-12-26,9408593Q LN Equity,COB LN Equity,Industrial,LN,0.008130770744886983,1.443387140027977,1.175325278411085,9.237624910022137e-16,0.08261597435378143,5.040981435413499,-0.3772242311776245,1.1361713041623354,9,0.05488833602557136
2008-12-26,ALV GY Equity,CBK GY Equity,Financial,GY,0.008539796290120645,1.9305062576103038,0.5876307754264366,-3.956948728792225e-16,0.08090106993055803,8.127010663435227,0.46200450227587914,0.9251692889636833,8,0.1397830453949367
2008-12-26,SAF FP Equity,ZC FP Equity,Industrial,FP,0.008640519022031248,0.9268060880807679,0.8446737948460161,-9.678867394168032e-17,0.0868999186025705,5.281361314477146,0.35095525854670867,1.3635059156321732,6,0.36101452040492
2009-06-26,COB LN Equity,ULE LN Equity,Industrial,LN,0.0021206371865264053,-2.3223485825047487,1.0853481919651946,7.970831971667791e-16,0.054533273455254674,2.3467009419304783,-0.7265649460842141,1.526262143347455,8,0.749386648824549
2009-06-26,TRN IM Equity,SRG IM Equity,Utilities,IM,0.0025387453182604924,0.05272098135246107,0.8530943879840581,2.6189876478337027e-16,0.048818344876286134,4.794141775722409,0.07142443599640158,0.980841716473321,10,-0.40923138240791535
2009-06-26,PNN LN Equity,NWG LN Equity,Utilities,LN,0.002806894063446655,0.6756195886347321,0.9737226125471039,1.2810265668751807e-17,0.046554476320349786,3.9117374028213563,0.4348780013650931,1.5450678700621034,6,0.5699458395927439
2009-06-26,OR FP Equity,RI FP Equity,"Consumer, Non-cyclical",FP,0.003770902034327654,1.0096943562394136,0.8053381855620678,2.3542421573461652e-15,0.06347998815817804,3.0857969062626847,-0.6176639127014922,1.311405020626343,8,0.488763009989268
2009-06-26,CBRY LN Equity,DGE LN Equity,"Consumer, Non-cyclical",LN,0.003945166573879584,-0.48271927995079966,1.0121576593611248,1.423362852083534e-17,0.061374739598739264,4.615784299276886,0.17322077479598816,1.0046137416191145,13,-0.47217609426664925
2009-06-26,ULVR LN Equity,GFS LN Equity,"Consumer, Non-cyclical",LN,0.004178339558893433,1.9668731102145771,1.0462898378885979,-2.9036602182504095e-16,0.056297989437053386,2.803586516057198,-1.1932261331137761,1.3585790417947365,6,1.1996654644447664
2009-06-26,PFG LN Equity,RSA LN Equity,Financial,LN,0.0044453387629709105,0.24685727605632576,0.8812950572134798,-2.846725704167068e-18,0.06278865120543108,2.6141675649260336,-0.18831306333823505,0.9547312953319748,16,-0.565361592424949
2009-06-26,HOT GY Equity,MAN GY Equity,Industrial,GY,0.004503313189330193,-0.24731938381776183,0.9970403439128737,3.6153416442921764e-16,0.08636497690804701,3.5258869084846123,1.0679615539006728,1.6993127801735668,4,1.39818547627629
2009-06-26,POP SQ Equity,BBVA SQ Equity,Financial,SQ,0.004536083150891768,0.5291817526717223,1.035848751747159,3.2367271256379563e-15,0.07163590112894014,6.365924607441488,-0.3302295198198315,1.4416644571104271,10,0.19602783889422382
2009-06-26,HUSQB SS Equity,SKAB SS Equity,Industrial,SS,0.005354838855389399,-0.6036628015227788,0.9674370287537084,-9.814086865115967e-16,0.09453694458320543,5.044152696988102,0.9437587952325983,1.7497114085606822,10,1.003209660175076
2009-06-26,UNIP IM Equity,US IM Equity,Financial,IM,0.005823054278240188,-0.80353939165921,1.2046111848900836,-2.5221989738920224e-15,0.0813777203453731,3.4980988407579807,-0.18751810588804174,1.4991018619367784,12,-0.007615724040190175
2009-06-26,ISP IM Equity,G IM Equity,Financial,IM,0.005878609238933948,-2.718684622286564,1.271755326831204,-3.188332788667116e-16,0.09251918046755574,5.451951000144617,-0.9206806827654511,1.4541812648974823,13,0.6451237204734798
2009-06-26,LR FP Equity,SU FP Equity,Industrial,FP,0.005891261549549865,-0.45207788005264304,0.9415190804928649,5.124106267500723e-17,0.04932874724750702,2.25082946285691,-0.13231504863127533,1.3248592024055308,19,-0.5363787599122296
2009-06-26,SAB LN Equity,TSCO LN Equity,"Consumer, Non-cyclical",LN,0.005943995869345835,1.4544779554336065,0.7659226241287084,3.3306690738754696e-16,0.07235284286635704,4.599816736547573,1.0840010794284587,1.207464253940591,4,1.072523582173032
2009-06-26,TOP DC Equity,TRYG DC Equity,Financial,DC,0.006148140496752603,-0.42558251330723684,1.2043065689551962,-1.2667929383543453e-15,0.06504712076539194,3.8685416191060416,-0.28726934376879915,1.104602819662406,8,-0.013244825094786639
2009-06-26,EN FP Equity,DG FP Equity,Industrial,FP,0.006344877907680517,-0.3703484549235935,1.1064083089503745,4.981769982292369e-16,0.07794201804651885,5.394682861551586,1.1291959745305762,1.5892102210312344,7,1.2424331510257354
2009-06-26,KER FP Equity,CDI FP Equity,"Consumer, Cyclical",FP,0.006428027194149679,-0.9847005481892095,1.2976090747661264,-3.011835795008758e-15,0.08650096979498238,5.669192856147007,-0.16770624039634063,1.7360427131523273,8,0.3193144606822359
2009-06-26,BAS GY Equity,LNA GY Equity,Basic Materials,GY,0.007358504588373919,-1.7752071105381955,1.2434138460810056,-2.7812510129712255e-15,0.07999130620107694,4.415575073764649,-0.49839127118428267,1.2432954234897229,7,0.3661567252162132
2009-06-26,CNA LN Equity,NG/ LN Equity,Utilities,LN,0.007462614949951726,-1.0026202461104994,1.062122867473531,-1.25255930983351e-16,0.07038750348155402,5.124304736867056,0.8440575633176131,1.1323116553774937,12,0.3683188191443919
2009-06-26,MAP SQ Equity,SAN SQ Equity,Financial,SQ,0.007569721990909512,-0.42938104386841325,0.6500307070337867,-7.287617802667694e-16,0.08550589158744082,6.587658732096746,0.6848471051629236,1.0115169966175086,9,0.24629828602606557
2009-12-25,PROX BB Equity,OBEL BB Equity,Communications,BB,0.0022374081569135435,-0.3366515384615833,0.92496905911653,2.226139500658647e-15,0.051087808223903595,2.7631353634680558,-0.4457557140032758,1.71234196076369,4,0.7836177152134969
2009-12-25,PNN LN Equity,NWG LN Equity,Utilities,LN,0.0026494800615683507,0.6773151783433363,0.978829656336183,4.355490327375614e-16,0.042692356050694845,3.1654482159552138,0.318266905374645,0.687340407193237,10,0.19319251675520865
2009-12-25,ULVR LN Equity,GFS LN Equity,"Consumer, Non-cyclical",LN,0.0029185459728838952,1.9536842199532514,1.054235184011433,1.6994952453877397e-15,0.0562405806063663,2.7258916333598933,-0.7925332679429229,1.0924753198543213,7,0.5309793251530011
2009-12-25,SU FP Equity,DG FP Equity,Industrial,FP,0.0030599929503693406,-0.1428686548580201,1.0044174672382686,-1.0561352362459822e-15,0.05803429560260433,2.7716720171370324,-0.03258694830111133,1.4350886585988964,11,-0.15618642140004835
2009-12-25,ABF LN Equity,DGE LN Equity,"Consumer, Non-cyclical",LN,0.0031986445796601173,-0.26017157850334094,1.024777408559048,-8.36937357025118e-16,0.05889303862431052,5.778293612136707,1.189838969692222,1.3077826831735642,2,1.358172064561007
2009-12-25,TRN IM Equity,SRG IM Equity,Utilities,IM,0.003444378527290061,0.31363858400436573,0.6184599797185074,5.259325738448658e-16,0.05090131642593946,6.700344656160764,0.15953447643639707,1.066369257332363,7,-0.1262058625548132
2009-12-25,PFG LN Equity,RSA LN Equity,Financial,LN,0.0043995059185854175,0.47404356931626984,0.7850760752218982,-4.782499183000674e-16,0.07336990000743861,4.337649986322622,1.401877286649187,1.3253649466561204,6,1.3835651396016788
2009-12-25,TPEIR GA Equity,ALPHA GA Equity,Financial,GA,0.005292788766313932,5.9274932738404775,1.0728674047405848,-7.856962943501108e-15,0.06212607492183976,2.013182324351383,0.4491114017862487,0.93364349889795,11,-0.03222799176846025
2009-12-25,MRW LN Equity,IMB LN Equity,"Consumer, Non-cyclical",LN,0.005627372846829572,-1.5032871395284213,0.8756358595686635,2.846725704167068e-17,0.06164568801195651,4.14771930824648,0.027398104408245604,0.5151979999957605,14,-0.009397909396419823
2009-12-25,TOP DC Equity,TRYG DC Equity,Financial,DC,0.0057146654803849894,-0.4531213672086019,1.2106653469063222,-7.800028429417766e-16,0.057178087212113315,2.846523025581658,0.1672525779622474,0.8979582410225194,15,-0.47511570807446
2009-12-25,NOVN SW Equity,ROG SW Equity,"Consumer, Non-cyclical",SW,0.005724713781816519,-1.0873278284726695,0.9809996541382819,-5.608049637209124e-16,0.06173038119467087,5.2381688365616945,-0.4444074810784047,0.9384264908853706,4,0.3079582332759853
2009-12-25,RB/ LN Equity,BATS LN Equity,"Consumer, Non-cyclical",LN,0.0058855859311845,0.6913855717109442,0.9139224099935458,1.9073062217919355e-16,0.05788427336885536,3.4408844313637785,-0.39325858071759423,0.7197450118498104,11,0.17211686062422205
2009-12-25,INVEB SS Equity,SHBA SS Equity,Financial,SS,0.0061021998086991484,1.2080643881652537,0.8155303748967299,5.693451408334136e-17,0.09543069950101334,12.514855115909016,-0.7497962501228492,1.6184150722164226,3,1.0812435699862393
2009-12-25,COB LN Equity,ULE LN Equity,Industrial,LN,0.006312596437599471,-2.3516307503902807,1.094898554527923,4.633046083531904e-16,0.056878125317432984,2.6588535299428755,0.20046828009655884,1.3460573202592625,4,0.2976480960433055
2009-12-25,RI FP Equity,EL FP Equity,"Consumer, Non-cyclical",FP,0.006485473436786748,-1.1634932031369154,1.4357632853436408,-1.1899313443418344e-15,0.08025926142521037,2.951060049483589,-1.4854616485801242,1.3009831204000346,5,1.4985818736989112
2009-12-25,SKFB SS Equity,ATCOA SS Equity,Industrial,SS,0.006610517268948018,0.44308831896923767,0.9882912835682114,-8.098934628355308e-16,0.054759199274667276,3.2827666890205465,0.7074276328886583,0.6137772746837622,9,0.7455507943461874
2009-12-25,SIKA SW Equity,LHN SW Equity,Industrial,SW,0.006872621601844508,-0.8736230410558521,0.9469549002469584,3.2595009312712927e-16,0.08010726131811169,2.8936576436867303,1.3451051191592576,1.1153757588687458,3,1.3042964707681524
2009-12-25,CDI FP Equity,MC FP Equity,"Consumer, Cyclical",FP,0.006971331617776776,-1.5009664151846396,1.3601458019519135,6.348198320292562e-16,0.04118375647177769,2.902353140358636,-0.2809495210943549,1.3136806458220847,10,0.05378237190861712
2009-12-25,BEI GY Equity,FRE3 GY Equity,"Consumer, Non-cyclical",GY,0.007261176530643408,0.31088353459946877,0.896066228918878,1.209858424271004e-15,0.08468603813840783,5.108014582221518,-0.7724274869300973,1.1013884259338171,4,0.6689990762172382
2009-12-25,TSCO LN Equity,CBRY LN Equity,"Consumer, Non-cyclical",LN,0.007388806390849887,-0.36589356425333286,0.9520105458826219,-1.1386902816668272e-17,0.09287326834437895,6.030754628213031,-0.6742626673045089,1.6604985341514868,8,0.7813805463634068
2010-06-25,SSE LN Equity,SVT LN Equity,Utilities,LN,0.002770160845919367,0.180985697274575,0.9468624388967956,-1.0276679792043117e-15,0.06690691280472508,6.873655905308865,-0.0033567259643639364,1.777324223807207,4,0.3784657142097881
2010-06-25,SU FP Equity,LR FP Equity,Industrial,FP,0.003392921260513186,0.7596586543296311,0.9601489930470354,1.3066470982126843e-15,0.06262691731910534,3.3922316846258043,-1.082522756380574,0.9171982080951692,2,1.06895443804946
2010-06-25,GFS LN Equity,RB/ LN Equity,"Consumer, Non-cyclical",LN,0.003564502247473134,-2.793504090192764,1.0704025752226667,-2.4553009198440963e-15,0.05336771607395166,2.649802261928243,0.4401513538290389,0.7194565755328558,9,0.31941046197730444
2010-06-25,TSCO LN Equity,DGE LN Equity,"Consumer, Non-cyclical",LN,0.004017839646163172,-0.9830843218253235,1.0279079736171757,-1.5087646232085461e-16,0.05606337255292767,3.378930772837811,-0.2528844445459386,0.5830563389194057,13,0.14235590562116684
2010-06-25,BPE IM Equity,BPSO IM Equity,Financial,IM,0.004146394502143924,0.46345464363263894,0.9960217401535294,1.1614640873001638e-15,0.061524173903357376,2.6934038070952093,-0.3710713818144103,0.9005462250721721,7,0.12582516482486256
2010-06-25,PNN LN Equity,NWG LN Equity,Utilities,LN,0.00438446654372829,0.6698913075852918,0.9844260718997079,1.6653345369377348e-16,0.04319565775425417,3.0787405875415343,-0.024389245517678834,0.5563672011749029,16,-0.18928398552817016
2010-06-25,BAYN GY Equity,FRE3 GY Equity,"Consumer, Non-cyclical",GY,0.004663924770504353,0.876538500832108,0.7727088292592726,2.8524191555754023e-15,0.07863721599666874,5.064644075247375,0.4178745472987069,1.5621647738305238,4,0.6639470821606448
2010-06-25,MTO LN Equity,ABF LN Equity,"Consumer, Non-cyclical",LN,0.004684410910726119,-1.087904383419368,0.92425124834076,2.4481841055836787e-16,0.08833034433989984,6.613841176562832,-1.280192952397871,1.618594318707608,6,1.4617510204672262
2010-06-25,IMB LN Equity,MRW LN Equity,"Consumer, Non-cyclical",LN,0.00474120142121693,1.7108753320112045,1.166819992185609,-6.091993006917526e-16,0.05336656479185297,2.489138204425501,-0.07984688043961809,0.7552350892081889,9,-0.08942691779437573
2010-06-25,G IM Equity,UBI IM Equity,Financial,IM,0.005122864518255139,0.8242639660785127,0.9179560770393681,6.604403633667598e-16,0.07197284616161616,4.534229503661015,1.3477839041212545,1.0397051082995639,5,1.1367210273547577
2010-06-25,NOVN SW Equity,ROG SW Equity,"Consumer, Non-cyclical",SW,0.005830731309413221,-0.9621141787160088,0.9558001895698068,7.828495686459437e-16,0.06611071728927606,6.138235798367375,0.49525643380691664,0.869960459237479,3,0.48456395132559127
2010-06-25,ADP FP Equity,DG FP Equity,Industrial,FP,0.006105753029650052,0.5835741793727207,0.9541116495864784,-4.953302725250699e-16,0.07315651652250287,3.840956314552777,-0.4479331945063565,0.7697530462231402,3,0.5596187292728897
2010-06-25,GSK LN Equity,CPI LN Equity,"Consumer, Non-cyclical",LN,0.006310042612182149,0.9860453848725688,1.0163486406897695,-3.7861451865422004e-16,0.07281092429254406,4.436918197431826,-0.2840848479765415,0.9399517752020893,10,-0.15398844401282757
2010-06-25,LI FP Equity,COV FP Equity,Financial,FP,0.006591574952843951,-0.8803419707992547,0.9875392297029337,-4.981769982292369e-16,0.08420148096027931,2.775244578721468,-0.5043885878486508,1.071090615970609,2,0.47306598448454573
2010-06-25,EUROB GA Equity,TPEIR GA Equity,Financial,GA,0.006705882144129747,-1.8815516396654541,0.964180514170703,-6.490534605500915e-16,0.07867298890443815,4.0502198199976425,0.6687499762569469,0.7888212926331629,4,0.7059654586116819
2010-06-25,SPX LN Equity,COB LN Equity,Industrial,LN,0.007288462206919593,1.8315307185057983,1.2368402996380905,-5.465713352000771e-16,0.08443185928652051,3.7089303020173845,0.7930265266955964,0.9517623550584813,14,0.14246642908779383
2010-06-25,SAN FP Equity,EL FP Equity,"Consumer, Non-cyclical",FP,0.007507878206369074,1.4726077369257649,0.6703800710573853,6.604403633667598e-16,0.08567668970575452,5.819246789686021,-1.032825182834752,0.8348260142506535,2,1.1133571248441614
2010-06-25,CNP FP Equity,UL FP Equity,Financial,FP,0.008096813614853045,-1.4984885709748974,0.8811595053913693,-1.7450428566544126e-15,0.0954118441056142,6.053499450579528,-1.0386858688299438,1.0198569258574528,1,1.0083482175203369
2010-06-25,CAST SS Equity,INVEB SS Equity,Financial,SS,0.008506870389005215,-0.8716401788919194,1.0092706902925062,-2.846725704167068e-18,0.08298363760646824,4.507428509049579,0.5720589780811494,0.9718968133455818,3,0.4505646173476082
2010-06-25,TOP DC Equity,TRYG DC Equity,Financial,DC,0.008515515012665259,-0.08027424335263687,1.0409731805387519,3.714977043938024e-16,0.0519035450635682,2.3884665182531957,-0.006557686998284063,0.601818414968867,13,-0.13564279756269126
2010-12-24,PNN LN Equity,NWG LN Equity,Utilities,LN,0.002627254962755023,0.7102146457623757,0.9422407100935293,3.544173501688e-16,0.04752900858250782,4.153614135116233,-0.8558025000651864,0.9093394220535321,7,0.6008393529678271
2010-12-24,ABF LN Equity,GFS LN Equity,"Consumer, Non-cyclical",LN,0.0039443081536485545,1.124848262244171,1.180243096607985,-1.46606373764604e-16,0.07247493061485459,6.382697530539708,0.2723134673730042,1.652087902168871,5,0.5243533506015343
2010-12-24,ATCOA SS Equity,SKFB SS Equity,Industrial,SS,0.004013948808042336,-0.3903205889021844,0.9894352035025554,-5.451479723479936e-16,0.053135604563194834,3.0973183476058432,-0.6588283971851957,0.7151249170908931,7,0.6441264395151709
2010-12-24,BATS LN Equity,RB/ LN Equity,"Consumer, Non-cyclical",LN,0.004521104558722061,-0.6582774013140102,1.0737936016024305,1.9357734788336063e-16,0.0524409480841682,2.5645782238933235,-0.01545774250751913,0.9542437094333649,5,-0.1877060779560975
2010-12-24,IMB LN Equity,TSCO LN Equity,"Consumer, Non-cyclical",LN,0.004656149974612344,1.547812764139186,1.0066228740299035,1.5628524115877203e-15,0.06094528469873781,3.791000275305785,-0.7677381684889056,0.6433780581850984,10,0.7087609361616871
2010-12-24,SSE LN Equity,NG/ LN Equity,Utilities,LN,0.005708738761364223,0.6081406740050619,1.0242193424427417,-8.540177112501204e-16,0.06945524287986161,8.352468118671611,-0.626674710484063,0.9382044826782628,3,0.5404620656273168
2010-12-24,BIM FP Equity,EL FP Equity,"Consumer, Non-cyclical",FP,0.006238980400311742,0.6446098994032387,0.6858725975351468,-4.782499183000674e-16,0.07255891785170412,6.23135323566755,-0.6744078523500949,1.3065522524052597,7,0.5917996517158362
2010-12-24,IHG LN Equity,CCL LN Equity,"Consumer, Cyclical",LN,0.006243028308758666,-1.074471659298417,1.171439527252118,-2.2958842804107403e-15,0.0853418553452472,3.311319941892962,1.4183650234568967,1.2758440041061634,4,1.4619729470705904
2010-12-24,GEBN SW Equity,SCHP SW Equity,Industrial,SW,0.006336711942525398,1.5951311176135021,0.7756376660569033,-9.849670936418056e-16,0.08184538934177926,6.23293571377187,-0.5672661480869003,1.2630506021263346,1,0.7507960556774823
2010-12-24,HLMA LN Equity,ULE LN Equity,Industrial,LN,0.007430088342787799,-2.365349271949592,1.2103580182933313,-4.2416212992089316e-16,0.08784183875324662,5.013404062126318,1.0624868885388363,0.8889518417166302,4,0.9801991047717653
2010-12-24,QIA GY Equity,FME GY Equity,"Consumer, Non-cyclical",GY,0.007526508331892419,0.9002195898065024,0.49375857561722064,4.810966440042345e-16,0.09268428506191469,8.17040376408888,0.5355675831249234,1.5586775929223142,1,0.9294053480435505
2010-12-24,MTO LN Equity,SBRY LN Equity,"Consumer, Non-cyclical",LN,0.007572807960825906,0.04714425694110192,0.6588128427144246,0.0,0.09740662813416485,5.983344287587935,-0.7605977831532832,1.353431395916678,3,0.9132409255106672
2010-12-24,DGE LN Equity,ULVR LN Equity,"Consumer, Non-cyclical",LN,0.007731223961011849,-0.21474577806397316,0.8992318619646998,-1.175697715820999e-15,0.05580953538669227,4.55560606854361,-0.19315229394192265,0.9025522012581818,1,0.2456810436604469
2010-12-24,BPE IM Equity,BPSO IM Equity,Financial,IM,0.008036614329531186,0.1935103811770275,1.144409780836302,9.536531108959678e-16,0.0606488254572144,2.44473119364458,-1.0484202541745744,0.9460890886153492,4,0.90383879452693
2010-12-24,NOVN SW Equity,NESN SW Equity,"Consumer, Non-cyclical",SW,0.008242072147701314,1.3821955286175873,0.6325822619081524,2.2489133062919837e-16,0.07095508792757842,5.825272302456293,-0.25849941227526363,0.45752808015506313,5,0.7904164310372233
2010-12-24,ASHM LN Equity,STAN LN Equity,Financial,LN,0.008762515668701103,-1.6382568431727271,0.9860007720195109,-6.917543461125975e-16,0.09688487834000886,3.082408945302771,-0.995320919764549,1.2051055195135518,1,1.1318880509343472
2010-12-24,PUB FP Equity,ETL FP Equity,Communications,FP,0.009369128996445573,0.015692607640930077,1.065360641777234,-2.875192961208739e-16,0.07296331593707196,4.470533741547166,-0.9514026510175716,0.5784119995516221,3,1.3488715132575884
2010-12-24,ISAT LN Equity,PSON LN Equity,Communications,LN,0.009727400092586212,-0.35165443662908447,1.0177272991986999,-6.234329292125879e-16,0.09156213741899288,4.668663914251604,0.6159944858361386,0.7609695873203417,5,0.6391563718545953
2010-12-24,SK FP Equity,MC FP Equity,"Consumer, Cyclical",FP,0.01020325971324875,-1.8650927801745105,1.3241856550917932,-1.303800372508517e-15,0.07617159572015703,3.3439375747867577,0.5067332607973855,0.7600802917582137,7,0.43106446502912116
2010-12-24,NK FP Equity,DG FP Equity,Industrial,FP,0.0104232363144556,-0.47190487364251343,1.1465067128029676,1.4461366577168706e-15,0.09806094940655906,5.504256382902728,0.7239655752811238,0.7857623442115902,3,0.8150664686083305
2011-06-24,ENG SQ Equity,REE SQ Equity,Utilities,SQ,0.0024605572652377913,0.6708389083281461,0.9234120454895762,1.716575599612742e-15,0.03938286164196208,2.7174675486615696,-0.22141556680061078,1.2218497598647278,5,0.17178147389064552
2011-06-24,GFS LN Equity,RB/ LN Equity,"Consumer, Non-cyclical",LN,0.0032374252751902785,-2.8635522954762207,1.091612141405379,-2.5976372050524497e-16,0.060066005454694024,3.455813406000032,0.1302464239681377,1.4520634388581293,8,0.10323203008997506
2011-06-24,BPE IM Equity,BPSO IM Equity,Financial,IM,0.003917973750378592,0.4786082757578442,0.9787401667380788,1.612670111410644e-15,0.06083037598824937,2.7675813326822682,-0.3681136345894307,0.8610778609560601,6,0.21768398238918374
2011-06-24,GSK LN Equity,MRW LN Equity,"Consumer, Non-cyclical",LN,0.004458967767136681,1.594030583411733,0.901743044373606,2.049642507000289e-16,0.04666474065743737,2.7357063045497227,-0.33672820492468103,0.716474556793082,10,0.1701407476765231
2011-06-24,NXT LN Equity,KGF LN Equity,"Consumer, Cyclical",LN,0.00471380402604135,2.1689013991521593,0.9804035904793101,-6.177394778042537e-16,0.07540027164311917,6.494015175674841,-0.17842193992964,1.3630019239046438,1,0.43811150416515515
2011-06-24,TSCO LN Equity,CPI LN Equity,"Consumer, Non-cyclical",LN,0.004859876668414646,-0.25224417315600756,1.0828235880856554,-3.0175292464170923e-16,0.07344400056548028,4.884893213408968,0.8337128201193514,0.9768866590744553,3,0.707097462923951
2011-06-24,PNN LN Equity,NWG LN Equity,Utilities,LN,0.004932853848789094,0.739463852104859,0.916000531397472,6.291263806209221e-16,0.046938687449089155,4.485246760743518,-0.8793895174166898,1.0162125406800497,6,0.5954720382777796
2011-06-24,SIE GY Equity,FRA GY Equity,Industrial,GY,0.005143812700104482,0.1879275611753755,1.0981177291120514,7.401486830834377e-17,0.06596085689797032,3.3388731851535693,0.12573915449067982,0.9216346232353424,9,-0.24265442437786505
2011-06-24,TRN IM Equity,SRG IM Equity,Utilities,IM,0.005306457701952835,-0.38556529009208895,1.3494207282291364,-4.070817756958907e-16,0.06289477870878932,6.42811878617792,0.1317306916595643,0.7054944400429531,7,0.13058708025451038
2011-06-24,ABF LN Equity,DGE LN Equity,"Consumer, Non-cyclical",LN,0.005400568512459834,-0.6905951823176958,1.2127558035640766,-7.51535585900106e-16,0.07321571468367652,7.370046875018436,1.1563363872589607,0.874920621013342,6,0.9899585028405811
2011-06-24,SCHP SW Equity,KNIN SW Equity,Industrial,SW,0.00551546956310689,-0.5677933257792567,1.085916621395217,-1.0902959446959871e-15,0.0709885681731708,2.8722312179531,0.7988205838282867,0.7235302186030234,9,0.6724335503643628
2011-06-24,DG FP Equity,ADP FP Equity,Industrial,FP,0.006220738558090411,-0.3444956564692187,0.9841829130372388,7.373019573792707e-16,0.06315085881004669,4.076800118632689,-0.030249219947345928,0.5919935361401923,7,0.20450878278719403
2011-06-24,PUB FP Equity,ETL FP Equity,Communications,FP,0.006449607167568261,-0.2491450135066167,1.1513221932061237,2.1578180837586374e-15,0.07184807560775315,4.535923303429873,0.4741498810000289,0.8338850660904173,3,0.5058095775632955
2011-06-24,SPX LN Equity,HLMA LN Equity,Industrial,LN,0.006930920247750551,1.5421860929178068,1.164982581244282,5.921189464667501e-16,0.06427841971353518,2.448908686838493,-0.10590506170612016,0.7129325123438078,10,-0.05572642215191326
2011-06-24,ADM LN Equity,JLT LN Equity,Financial,LN,0.006959165852619463,0.11834882921252164,1.4035713325937724,1.335114355254355e-15,0.0841877775484767,3.6088764936765667,1.0520516981508454,0.9808100153211595,2,0.9714282006235225
2011-06-24,BAS GY Equity,LNA GY Equity,Basic Materials,GY,0.007241250724979607,-1.6466352656398238,1.214267384608066,7.116814260417671e-17,0.06557820160548866,3.161814632470958,0.18374447662348328,0.6010395672384945,2,0.5928389875661135
2011-06-24,OR FP Equity,BN FP Equity,"Consumer, Non-cyclical",FP,0.007436366371129233,-1.1771805198277223,1.4547962862951422,-3.3847568622546437e-15,0.07886510564029443,6.04435591514316,0.9055918172728477,0.7014657589047202,3,1.1101750091586307
2011-06-24,OBEL BB Equity,PROX BB Equity,Communications,BB,0.007803913686314174,2.8269616670778057,0.3148628619229975,-9.67886739416803e-16,0.07175878359691111,8.627137060192943,-0.45357223113780193,0.9822179989851156,3,0.3215142315095001
2011-06-24,PUM GY Equity,CEC GY Equity,"Consumer, Cyclical",GY,0.007937307954911856,3.160365833362343,0.8414326903408453,1.764969936583582e-16,0.10014977854854289,6.873916303089378,-1.475734964044011,1.1974518323037204,7,1.3059307899920019
2011-06-24,BAYN GY Equity,BEI GY Equity,"Consumer, Non-cyclical",GY,0.00794988962858455,0.3706126199787062,0.9393379836743502,-1.4404432063085364e-15,0.09317575375105167,7.4743320206910075,0.781247312360111,1.0135492081422908,3,0.6447055507724814
2011-12-23,GSK LN Equity,MRW LN Equity,"Consumer, Non-cyclical",LN,0.0022696847238212617,1.487231450478243,0.9914147526156066,-4.725564668917333e-16,0.04139756013286979,2.774306280952762,0.48976072267733595,0.788224932523901,6,0.4277325051685853
2011-12-23,VIV FP Equity,ORA FP Equity,Communications,FP,0.002809980640625026,1.1282724473004035,0.6417775635962322,-2.1065770210836303e-16,0.056658711903364224,4.794493704350663,1.4013509968274396,0.9028777842625947,2,1.4035190756691605
2011-12-23,SAND SS Equity,SKFB SS Equity,Industrial,SS,0.0028678702933610575,-0.35393043538649166,0.9753819489010438,5.992357607271679e-16,0.06396277707315841,4.796661001077889,-1.3305099121267572,1.2601924740310144,1,1.5117743785914275
2011-12-23,OR FP Equity,RI FP Equity,"Consumer, Non-cyclical",FP,0.0029215430890519906,0.3566865391278174,0.9685354149576291,4.697097411875662e-16,0.05009165153595759,3.292858254208087,-0.9155386207734094,0.8910694679824429,6,0.7308715090136906
2011-12-23,LR FP Equity,SU FP Equity,Industrial,FP,0.0032507017133114524,-0.43864925172559327,0.9540150065851554,-9.963539964584739e-17,0.059076384054289,4.774532916481247,-0.39934116005342774,1.7888162250290633,3,0.8308952343336585
2011-12-23,ULVR LN Equity,DGE LN Equity,"Consumer, Non-cyclical",LN,0.0032717105359275495,0.9665129584726435,0.8176105136318711,-8.170102770959485e-16,0.05046676330882557,6.02079605889728,-1.3058260079819317,0.6936729654996782,2,1.5715806687900864
2011-12-23,GFS LN Equity,RB/ LN Equity,"Consumer, Non-cyclical",LN,0.0037061330411577997,-2.8179375463560885,1.0806093318000929,-2.079533126894043e-15,0.05603086286513231,3.410566388320237,0.5682502028986884,0.8388817536664867,9,0.29393572257327544
2011-12-23,KER FP Equity,CDI FP Equity,"Consumer, Cyclical",FP,0.004357076589886702,0.23559953416438822,0.9864804659540262,2.633221276354538e-15,0.0599481885488446,4.908576932977357,-1.2772344812298473,0.48603703369644097,1,1.9487049381931574
2011-12-23,ICAD FP Equity,SCR FP Equity,Financial,FP,0.004526172985181773,1.1400656244835152,1.0905620419909967,5.408778837917429e-17,0.084884037971037,8.245132979521191,-0.36862513613957715,1.6966393840983716,4,0.6972745978054211
2011-12-23,ENG SQ Equity,REE SQ Equity,Utilities,SQ,0.004565000712947515,0.7768508960452402,0.8717687538384533,3.586874387250506e-16,0.03457972369686543,2.742810467761805,-0.583478780348577,1.04071105358989,12,0.023382965256711463
2011-12-23,SBRY LN Equity,REL LN Equity,"Consumer, Non-cyclical",LN,0.004751813688092767,-0.011539627149798039,0.7627183532592049,4.668630154833992e-16,0.07399561674433607,8.686658038311682,-1.2462847875446958,1.5366705933256164,1,1.6259029111913903
2011-12-23,INF LN Equity,WPP LN Equity,Communications,LN,0.005101680831208178,-0.7918956346930738,1.061167733142896,1.606264978576268e-15,0.04699119887008858,2.2648516921197204,-0.5499129248071737,0.8002013622726712,10,0.2728048049523899
2011-12-23,CNA LN Equity,SVT LN Equity,Utilities,LN,0.005287399451674566,-0.7558977638370863,0.7311278371929391,-8.469008969897027e-17,0.07063405268207021,9.701072071931732,-1.4027555707569352,1.0337973493842953,2,1.3359943405793926
2011-12-23,MGGT LN Equity,RR/ LN Equity,Industrial,LN,0.005432481038953515,-1.0212229279727825,1.2053907082247903,-1.0888725818439035e-16,0.0632918606273454,3.172314277657274,0.9370007024292782,1.008498936434386,7,0.5954637262393503
2011-12-23,KNIN SW Equity,GEBN SW Equity,Industrial,SW,0.005888648092981674,-0.6142067839761336,1.025683059347081,3.729210672458859e-16,0.0681360162626142,5.927434249138806,0.6205222520451572,0.47846638457204277,4,1.1576915742801217
2011-12-23,UPM FH Equity,STERV FH Equity,Basic Materials,FH,0.006009771779109001,0.5023978062082514,1.0238327964834983,-2.846725704167068e-18,0.052123774770106775,6.35165146258055,0.8046210548041783,1.4314958634445767,7,0.8133410106910528
2011-12-23,ZOT SQ Equity,ACS SQ Equity,Industrial,SQ,0.006211932689890971,-0.313330254308926,0.7292017814839149,5.124106267500723e-17,0.07756388988200112,12.108114850039957,-0.1607109979030288,1.3817544093897247,5,0.23406500079235293
2011-12-23,ULE LN Equity,CLLN LN Equity,Industrial,LN,0.006466470179098696,1.5404481348745083,0.9910529612661257,1.1130697503293236e-15,0.07181378352480772,5.356478759777446,-0.8388512449235253,0.6309224800140988,2,1.1994235215040003
2011-12-23,UBSN SW Equity,BALN SW Equity,Financial,SW,0.00662160664914163,-2.139904751548601,1.102705750073521,-3.5584071302088354e-17,0.07991457012162634,3.7066949190460305,-1.2247078301755783,0.5685073863057645,1,1.7394488034292508
2011-12-23,JMAT LN Equity,BHP LN Equity,Basic Materials,LN,0.006905247972242346,0.09017346558412832,0.9674965357808945,1.503071171800212e-15,0.06052761878258369,4.72453760256832,0.4729251659549533,1.5419371056926792,5,0.6559646527757239
2012-06-22,CFR SW Equity,UHR SW Equity,"Consumer, Cyclical",SW,0.002147663434675575,-2.354877513776032,1.0567177372068628,-2.3884028657961703e-15,0.04703279349886558,5.492749155590828,0.6630227134360696,1.2111408955004228,5,0.6045855176475828
2012-06-22,RIO LN Equity,XTA LN Equity,Basic Materials,LN,0.002196213946503371,1.3021960443529197,0.936906870737165,7.11681426041767e-16,0.05436345511579906,5.6015653412417175,1.370290484290918,1.4804371323890952,6,1.4626278881792074
2012-06-22,MRW LN Equity,GSK LN Equity,"Consumer, Non-cyclical",LN,0.002612796207553316,-0.2517951385002837,0.5377685391355996,2.93212747529208e-16,0.03833003263201644,3.389672244734872,-0.9605360782351772,1.0824685587579528,4,0.8397802136805748
2012-06-22,BLND LN Equity,HMSO LN Equity,Financial,LN,0.0026829836829258265,0.2848360060406684,0.9460744465901472,6.120460263959197e-17,0.04243463455811157,6.584614681678304,0.6893945964168537,1.1435547263858583,1,0.7735361884194888
2012-06-22,REL LN Equity,AZN LN Equity,"Consumer, Non-cyclical",LN,0.0028613844856613477,-1.3285455862514866,0.8823920472233814,-1.3550414351835243e-15,0.05215413384315839,5.316800082500397,1.130230608271804,0.8719978957403403,6,0.9671988764896848
2012-06-22,AAL LN Equity,BHP LN Equity,Basic Materials,LN,0.0029808454100571434,0.21426778099403318,1.031309597241866,2.9036602182504095e-16,0.046268122865584425,5.631607483437498,-0.9050462091728592,0.8164070830784069,4,0.9078883812667333
2012-06-22,EXPN LN Equity,SAB LN Equity,"Consumer, Non-cyclical",LN,0.0031632954431905394,-1.3418585692048222,1.0928242432770652,-8.497476226938699e-16,0.05779221842633722,5.494655794242536,0.9570192136715865,1.0670994252731594,4,0.8219633637242119
2012-06-22,INCH LN Equity,TPK LN Equity,"Consumer, Cyclical",LN,0.003470474139335651,-0.8037341250764213,0.9169157884926366,-8.810616054397076e-16,0.062186545190645176,2.9659078171369524,0.533876207627777,1.1675345633096454,9,0.23877052229836254
2012-06-22,ALFA SS Equity,ASSAB SS Equity,Industrial,SS,0.004075315873431536,0.8041653337129115,0.9835522182593918,1.9927079929169477e-16,0.07551282109437116,9.752764052954515,0.6826357195572199,1.57543587045254,1,1.0871676966929655
2012-06-22,GPOR LN Equity,DLN LN Equity,Financial,LN,0.004266716985033691,-1.150973762578113,0.9474904930949887,-3.045996503458763e-16,0.046405162658055714,4.753277645582738,-1.2470233403168876,1.3465206343176697,5,1.294547297878693
2012-06-22,DGE LN Equity,IMB LN Equity,"Consumer, Non-cyclical",LN,0.004277811022993891,-1.1285222227487173,1.1853307475243506,1.5514655087710521e-15,0.05138955035881485,4.9364516479891325,0.05545281646126862,0.6058520410687489,14,-0.14342770416259143
2012-06-22,BB FP Equity,RI FP Equity,"Consumer, Non-cyclical",FP,0.004493014170838771,-0.816992754854942,1.181496637874951,-7.94236471462612e-16,0.06075564168684081,4.152225202105022,0.9364565014655793,1.1018056875239104,6,0.7334068695380602
2012-06-22,REE SQ Equity,ENG SQ Equity,Utilities,SQ,0.004783070115068494,-0.8804531743592784,1.1406798047728175,6.120460263959197e-17,0.03483455362298257,2.426317629265122,0.001534829755160659,0.9634284826217174,12,-0.5612081497111435
2012-06-22,SU FP Equity,LR FP Equity,Industrial,FP,0.005154949114603877,0.4649998111698239,1.0422406569036837,1.2639462126501783e-15,0.061222204457058074,5.292417350229086,-1.0528445193696017,1.0965816394657557,5,0.895042260070934
2012-06-22,NESN SW Equity,NOVN SW Equity,"Consumer, Non-cyclical",SW,0.005217800934970495,-1.5178191888961998,1.4090227208720327,-3.4445381020421524e-16,0.06465101692169753,7.341708834781822,1.4855630570935836,0.9633017827516236,4,1.3229515956425966
2012-06-22,KNIN SW Equity,GEBN SW Equity,Industrial,SW,0.005782642167091562,-1.1119402100337774,1.1245911155930601,2.2773805633336546e-15,0.06273220809640152,5.785256477238737,-0.42369701904117907,0.774460522050609,11,0.12928561164032903
2012-06-22,G1A GY Equity,GXI GY Equity,Industrial,GY,0.005800040738460031,-0.5755431749455854,1.050563843627381,-1.96139401017111e-15,0.077208569965941,3.5437562439477,-0.11013800748179862,1.4833586812881911,11,-0.04555309664527629
2012-06-22,JLT LN Equity,SHB LN Equity,Financial,LN,0.0058924774386037715,0.23498455967632906,1.0411998822485289,3.7007434154171886e-16,0.06791390812761422,5.494231725463019,-0.12271212187675584,0.6213686794376366,13,-0.05145719160742701
2012-06-22,SBRY LN Equity,TSCO LN Equity,"Consumer, Non-cyclical",LN,0.006017393145218267,0.3963894814726402,0.6230542280748714,7.11681426041767e-18,0.07444593174618398,16.58677995180461,-0.27917375841924374,1.4621252979728434,1,0.6090648192023271
2012-06-22,SGO FP Equity,NK FP Equity,Industrial,FP,0.006104546049417859,-0.23461178287492956,1.0080027518066692,1.7194223253169091e-15,0.07757878482274533,9.627864677485572,-0.4825427716143604,0.9294618047390968,9,0.10569233654493909
2012-12-21,MC FP Equity,CDI FP Equity,"Consumer, Cyclical",FP,0.0017995605486448912,0.05799775215224742,1.0153508369896849,-5.351844323834088e-16,0.02893673866670249,7.026316073010427,-0.39571765685160326,0.8293646732053565,11,0.03281298212202044
2012-12-21,REE SQ Equity,ENG SQ Equity,Utilities,SQ,0.0018790808898413486,-0.8919126915608363,1.1424640735123508,-8.013532857230297e-16,0.034528399687094244,2.4280202025764845,-0.4998208486521211,1.1616135955991358,14,-0.050369082127620035
2012-12-21,MOBN SE Equity,ALLN SE Equity,Financial,SE,0.0019198587581777612,0.058745547997155534,1.0789125643649062,-6.26279654916755e-17,0.03843196163133164,6.685203243681117,0.6748823839556899,0.42281770121172696,6,1.2356965431867957
2012-12-21,GSK LN Equity,ULVR LN Equity,"Consumer, Non-cyclical",LN,0.002039484934136842,0.04855581314637155,0.85131998702874,1.3578881608876914e-15,0.05039161159969368,7.417041704700121,0.7725985362540138,1.4737353893768341,3,1.0103987951654654
2012-12-21,SHB LN Equity,DLN LN Equity,Financial,LN,0.0022334921506914815,-0.8890523916505104,0.8782732011741192,-3.0317628749379276e-16,0.03717353559427631,6.512681479073783,-1.2513772923432658,1.4963276489776374,3,1.5043911646111776
2012-12-21,STERV FH Equity,UPM FH Equity,Basic Materials,FH,0.0023808181261289743,-0.7959004476492598,1.0942215080878088,-1.2838732925793477e-15,0.03379771661347172,2.628520999081588,-0.34108196256613005,1.233655484578197,7,0.2010636631525004
2012-12-21,SIKA SW Equity,KNIN SW Equity,Industrial,SW,0.0024235763121032384,-1.0418862220855345,0.9450502222568867,6.177394778042537e-16,0.05350531175720302,4.5699213453937535,1.186626460377974,0.8897200183826423,6,1.0034749122134274
2012-12-21,HLMA LN Equity,SPX LN Equity,Industrial,LN,0.002817335466521029,-2.001631339099727,1.0831711991049136,-7.743093915334425e-16,0.05857208330031516,5.0796551420037215,0.8106540247040204,1.2053775708410968,3,0.847446879364507
2012-12-21,REL LN Equity,RB/ LN Equity,"Consumer, Non-cyclical",LN,0.003240647840167167,-1.4793797281829886,0.9040737525494839,-8.967185968126264e-16,0.053531974999736824,5.012927544696487,0.9501973998046658,1.329243011489841,6,0.934807015709493
2012-12-21,TRN IM Equity,SRG IM Equity,Utilities,IM,0.0033823442694258985,0.06509250859457048,0.9455902077799997,5.807320436500819e-16,0.04681708796680237,7.049977694298682,-0.49496309279981926,0.6847419765637237,9,0.4236762810294709
2012-12-21,EXPN LN Equity,SAB LN Equity,"Consumer, Non-cyclical",LN,0.0035359263529687176,-1.7608554031269859,1.2207836058514725,-7.686159401251084e-17,0.054248110393661564,4.368541388384857,0.45666044225282837,0.8447148490468114,9,0.17541660757846883
2012-12-21,KGF LN Equity,GNK LN Equity,"Consumer, Cyclical",LN,0.003622192908220257,-0.1432936265287916,0.7153850115025172,-5.067171753417381e-16,0.06667977935979183,6.392815648528433,-1.1903593368461858,1.9456938776282577,2,1.755977999719919
2012-12-21,XTA LN Equity,RIO LN Equity,Basic Materials,LN,0.0036892023418973324,-1.691865845958874,1.1438106235306287,-1.1273033788501589e-15,0.056163329135797725,4.092995362200355,0.30694402023066847,1.307615408176497,13,-0.07485080041585468
2012-12-21,VOW3 GY Equity,BMW GY Equity,"Consumer, Cyclical",GY,0.003718222417568452,0.14699680506164,1.1458782130731662,1.6567943598252336e-15,0.08114023982735154,8.586873112592144,1.4819181719591947,1.8207913187792324,2,1.9811893690919216
2012-12-21,LAND LN Equity,HMSO LN Equity,Financial,LN,0.00385682395992106,0.6202500716229898,0.9832745522094192,-9.67886739416803e-16,0.0407914937416208,5.65337356980172,0.6319093139055265,0.357309690899473,6,1.3610617056415228
2012-12-21,BN FP Equity,OR FP Equity,"Consumer, Non-cyclical",FP,0.00400693172989268,1.6205444680885084,0.5021863344821691,-7.401486830834377e-16,0.05194435514195718,7.414359631101949,-0.12225768125502211,1.2788824763135007,3,0.21824431246291665
2012-12-21,ALV GY Equity,MUV2 GY Equity,Financial,GY,0.0040865403159222454,0.20514394889718843,0.9083187042061655,3.848773152033876e-15,0.067913435489771,10.300557467002406,-1.2845311235238992,0.9641210422126858,5,1.0710695533165044
2012-12-21,GBLB BB Equity,COFB BB Equity,Financial,BB,0.004321692802500717,-1.547653758794516,1.2445246995941757,3.9654889059047255e-15,0.04457114860535844,4.066745427276877,0.5504824517511624,1.4435522732662445,13,0.2675893840783089
2012-12-21,1655637D LN Equity,RSA LN Equity,Financial,LN,0.004468289478572032,-0.4815684641988358,1.0656396898608997,-1.3849320550772786e-15,0.06894224470145537,5.733873754218948,1.3951030383094407,0.684908292198796,2,1.6735733679938374
2012-12-21,BAS GY Equity,LNA GY Equity,Basic Materials,GY,0.004469307612899815,-0.6414496421181585,0.9902981083295007,-1.212705149975171e-15,0.05949659802205974,6.8100860896822315,-1.1579357160979427,0.6089682474508668,3,1.5039248675621901
2013-06-21,SVT LN Equity,NG/ LN Equity,Utilities,LN,0.0014482243497122764,1.1639910520997365,0.8278271549439352,-2.4481841055836787e-16,0.045940012339957724,3.5336505207186337,-1.0386815078943024,1.7242426122763455,4,1.3834693966131664
2013-06-21,DLN LN Equity,GPOR LN Equity,Financial,LN,0.0023026191012187882,1.4198181113367752,0.927498003571779,-3.9854159858338954e-16,0.04087342421111539,6.839891824870882,0.36587071114742736,0.4414518943145035,15,0.43355693567213227
2013-06-21,RI FP Equity,SAN FP Equity,"Consumer, Non-cyclical",FP,0.002488318204131552,0.9610149922229351,0.8267495196058915,6.26279654916755e-16,0.05336420415253115,6.739661535895115,-1.1589035460142538,1.4295115151158848,7,1.1662363341071842
2013-06-21,SAB LN Equity,ABF LN Equity,"Consumer, Non-cyclical",LN,0.002796191552495564,1.0893718712145077,0.8491825379388791,-1.887379141862766e-15,0.05377383720716387,6.309687705129335,-1.2642132121686112,1.4602700047980879,2,1.542834565583736
2013-06-21,ATCOA SS Equity,ALFA SS Equity,Industrial,SS,0.002903978907327719,-0.7091499246610448,1.239167247662143,1.0703688647668175e-15,0.0612096956907246,4.888765553393431,1.3670709601145916,1.3453900771942189,7,1.31375495133941
2013-06-21,SHBA SS Equity,INVEB SS Equity,Financial,SS,0.003118064573429764,-0.6488863861580705,0.9834601623555651,-1.63117382848773e-15,0.06439187410779362,10.159734071591014,1.251412924236645,1.07596634848404,4,1.1246321108440904
2013-06-21,LAND LN Equity,HMSO LN Equity,Financial,LN,0.003221393450978861,0.610579500891068,0.9900286622130852,-2.7897911900837266e-16,0.04233766274917153,5.975536703254729,0.22110906693898216,0.5914367259752876,18,-0.15369035962879674
2013-06-21,LUNDB SS Equity,CAST SS Equity,Financial,SS,0.0034372188718588504,-0.013065896196528913,1.180314441865586,-1.878838964750265e-16,0.05349096644943305,3.785437482559008,0.34863284756365254,0.7238527123358881,10,0.17180019085613774
2013-06-21,SSE LN Equity,UU/ LN Equity,Utilities,LN,0.0035304627603543427,1.1038162044720887,0.8141391277059096,7.116814260417671e-17,0.05130352865712643,6.1310930017251515,0.3943085940795498,0.6638208508081285,6,0.5040515629884368
2013-06-21,GEBN SW Equity,SCHP SW Equity,Industrial,SW,0.004029183900592911,1.9611880758864617,0.6877828699702064,-2.562053133750361e-16,0.05584763998745353,8.188202702380622,-1.0847067249120546,0.8813769811738073,6,0.9109765680358628
2013-06-21,MOBN SE Equity,ALLN SE Equity,Financial,SE,0.004063347491602524,-0.7069074919259967,1.2414269027385394,-1.890225867566933e-15,0.034999969545442676,4.739384071579769,0.25207576824212224,0.31585200891857973,9,0.9545572695433426
2013-06-21,TATE LN Equity,BATS LN Equity,"Consumer, Non-cyclical",LN,0.004512453718040954,-1.719209447666536,1.0601965196489425,-2.9605947323337506e-16,0.06808272445186382,9.232176141384798,-0.095900625687625,1.508103724004771,5,0.2567536754045143
2013-06-21,VOLVB SS Equity,SCVB SS Equity,"Consumer, Cyclical",SS,0.00456901391979012,-0.21472703416535927,0.953413887444217,1.7450428566544126e-15,0.06207383297399,8.640891851094587,-0.5291733267002036,0.731043276542116,4,0.6424559458489216
2013-06-21,NESN SW Equity,NOVN SW Equity,"Consumer, Non-cyclical",SW,0.0046157115403400876,0.4802984529190958,0.8792256070046536,9.849670936418056e-16,0.04773632851271093,8.623561081574836,0.8106166796299051,0.5597952324885546,1,1.3408008980218407
2013-06-21,REX LN Equity,MGGT LN Equity,Industrial,LN,0.004910894130072711,0.37795036172066676,0.912197388080043,2.3627823344586665e-16,0.0759015671007637,8.552543585034176,0.9766344063489052,1.0869784405783145,5,0.810036180416688
2013-06-21,ABE SQ Equity,EBRO SQ Equity,"Consumer, Non-cyclical",SQ,0.004925505728073105,-0.8403747195565171,1.1728152601202926,-3.6153416442921764e-16,0.057661559123082205,3.74733219657849,0.43203972015085956,1.0890488404517265,7,0.16734441199565814
2013-06-21,CLLN LN Equity,NEX LN Equity,Industrial,LN,0.004981966129905849,0.5966889884953864,0.7427067683328433,-1.5656991372918875e-16,0.08875999574096569,10.464034508752837,-0.34788408134477955,1.9361394400706144,4,0.8085800924353641
2013-06-21,PSON LN Equity,VOD LN Equity,Communications,LN,0.005014618372366793,1.7614237532053676,0.8982072709754082,2.4197168485420076e-16,0.073464178337848,9.507679065782462,0.8053835772611307,1.0016544450396443,4,0.607036655214219
2013-06-21,DG FP Equity,GET FP Equity,Industrial,FP,0.0050265901003264035,2.0833229048461512,0.8266691658352301,-1.007740899275142e-15,0.0538020307118654,4.098847087354479,0.06781918497611689,0.732108820850403,9,-0.07035470131784194
2013-06-21,RF FP Equity,COV FP Equity,Financial,FP,0.005176320649696201,-1.2099042059552514,1.1117407917562252,1.3094938239168513e-16,0.07092625388255819,3.192120589792524,-0.0790487094576268,1.0923406815838514,7,-0.18262848240274468
2013-12-20,UU/ LN Equity,SVT LN Equity,Utilities,LN,0.0014513290610591312,-0.5371775004615638,0.8756056210444413,-1.2810265668751807e-17,0.04566061091463374,7.241236699616068,0.35656662772084685,1.565112397122434,5,0.5545242683816465
2013-12-20,DLN LN Equity,SHB LN Equity,Financial,LN,0.002144885568197405,0.4089358865227309,1.4752668081449871,1.0988361218084883e-15,0.04072357693330448,4.272455011773329,1.3677731660022598,0.9834659201797732,6,1.0844454593268134
2013-12-20,SY1 GY Equity,BNR GY Equity,Basic Materials,GY,0.0029835504792975055,-0.08165465179212673,0.9563195382051464,-2.132197552421134e-15,0.05023642235839093,3.2232520231970287,0.20440575029412117,0.752499124143248,13,-0.16123880341685676
2013-12-20,MGGT LN Equity,SPX LN Equity,Industrial,LN,0.0030888040952551854,-1.564294962119884,0.9466713630655873,-5.451479723479936e-16,0.04866149771014016,3.7276221739579216,0.6038388850652013,0.879241033410437,11,0.18253509074304342
2013-12-20,SAB LN Equity,ULVR LN Equity,"Consumer, Non-cyclical",LN,0.0031130573856229605,-0.7240095546761499,1.2716548646446215,-4.2416212992089316e-16,0.04737986911030677,4.729920983784493,0.4879751793237717,0.6771726019692825,9,0.42780426667800436
2013-12-20,HUFVA SS Equity,CAST SS Equity,Financial,SS,0.0032642841869081458,-0.5812212658681105,1.2597115256589422,-6.832141690000964e-17,0.04875555368344481,4.53652597349641,0.46444354836178003,0.3904864367309073,8,1.004805591750848
2013-12-20,ATCOA SS Equity,ALFA SS Equity,Industrial,SS,0.003561087836325973,-0.11171061185838924,1.0182331430864349,-2.277380563333654e-16,0.05566810547681719,5.246298152757915,0.012262996003351786,0.7813250044142055,19,-0.690972927107058
2013-12-20,VIG AV Equity,IIA AV Equity,Financial,AV,0.0036569385449338604,0.7779193625529854,0.8895719643753403,8.938718711084593e-16,0.054894843642495694,6.079275937049383,-0.32032880449129797,0.9700083959082285,11,-0.19922064356202757
2013-12-20,STAN LN Equity,INTU LN Equity,Financial,LN,0.0037181691338035224,1.9585515754381804,0.6796640653956335,-5.664984151292465e-16,0.05848258260803111,5.841664056976297,1.2290832332149142,1.1503318931179096,3,1.2191337366635473
2013-12-20,ABE SQ Equity,EBRO SQ Equity,"Consumer, Non-cyclical",SQ,0.003778059367055728,-1.3790594378185967,1.3756710700697163,1.1386902816668272e-17,0.05665353622897077,3.816961879826174,1.1987683591106615,1.240158694940987,8,1.0140077103300107
2013-12-20,SU FP Equity,NK FP Equity,Industrial,FP,0.00379293564051916,0.12267940394340152,0.9992817700945931,-2.5819802136795306e-15,0.05659931253162091,3.481156985989441,0.3811375770092496,1.016328122646726,7,0.04733382938763331
2013-12-20,RIO LN Equity,BHP LN Equity,Basic Materials,LN,0.003829163978214173,-0.12723054616601534,1.2309002418700785,-2.052489232704456e-15,0.052590096702448366,9.101520526778662,-0.626821001832765,0.7517761929908069,3,0.7621376168651192
2013-12-20,UBSN SW Equity,BALN SW Equity,Financial,SW,0.0038343688464559903,-2.160254117411755,1.096715833245388,-3.473005359083823e-16,0.06202144486952901,5.667161501679782,-0.0006936086735490046,1.1642806281415587,5,-0.0972029816059076
2013-12-20,MTX GY Equity,GXI GY Equity,Industrial,GY,0.00411997138623718,0.32028779916299704,1.0412567157536037,1.374968515112694e-15,0.06690086268509661,5.268248110706572,-0.3730720476951068,1.2911393626458008,9,0.17859710311057014
2013-12-20,DG FP Equity,GET FP Equity,Industrial,FP,0.004148484953968788,2.033985776161888,0.8649461172116366,6.462067348459244e-16,0.07432899212934431,8.162514822217576,1.4022434582196392,1.4388678586190602,2,1.666100053290616
2013-12-20,NG/ LN Equity,SSE LN Equity,Utilities,LN,0.004196413539989214,-1.2282342360935177,1.2141805675317057,6.177394778042537e-16,0.052543226940611115,7.798219078346753,0.7036768068556074,1.4410519495450602,7,0.7190501742606852
2013-12-20,SLA LN Equity,PRU LN Equity,Financial,LN,0.004486289108754222,-0.7994945445062301,0.9975195970710797,-4.3412566988547786e-16,0.08334739381962285,12.668889050748179,-0.2093884412696269,1.749200228189703,9,0.31854711227999893
2013-12-20,HMSO LN Equity,BLND LN Equity,Financial,LN,0.004579857100387652,-0.7173214026269511,1.287319342450386,1.7792035651044176e-16,0.0431158108180004,5.247728737543815,0.638215415635938,0.6427643905598401,3,0.9301924596758925
2013-12-20,FERG LN Equity,IHG LN Equity,"Consumer, Cyclical",LN,0.004769238149085026,-0.09302696055675379,1.1109765649975423,-9.678867394168032e-17,0.06501561048468758,4.948049898067305,0.8163765650243553,0.6634070113807847,5,0.9767431486908063
2013-12-20,ITRK LN Equity,DGE LN Equity,"Consumer, Non-cyclical",LN,0.0048787640383177915,0.18484745566565192,1.0957542084303962,5.323377066792417e-16,0.05087485111748349,4.670383157444838,0.3337800678605798,0.8409409533201151,7,0.15701389941770943
2014-06-20,LAND LN Equity,BLND LN Equity,Financial,LN,0.0014751345434918792,-0.05928591927657733,1.2717886171237907,-7.259150545626023e-16,0.03641378858570425,4.592332592076355,0.9494138905865201,1.248502008293251,5,0.9213583298877959
2014-06-20,UU/ LN Equity,NG/ LN Equity,Utilities,LN,0.0019052674919603045,0.17450361461432767,0.8634999986616162,8.255504542084498e-16,0.04894836208045495,7.244876739680891,-1.2655791542729142,1.232792392607284,3,1.3248609884529223
2014-06-20,DGE LN Equity,EXPN LN Equity,"Consumer, Non-cyclical",LN,0.0022121562608707424,0.38616011503093584,1.0563681642433351,6.519001862542585e-16,0.04326130956384972,4.002619746499169,0.28886284438029886,0.8456252461105085,9,0.006541833397652241
2014-06-20,PRU LN Equity,CAPC LN Equity,Financial,LN,0.0024463763626692654,1.284484819602357,1.0132135382447907,-7.743093915334425e-16,0.059080238253694226,4.67623331579131,-0.29511204031522964,1.5271367689797157,5,0.4685066296526289
2014-06-20,ULVR LN Equity,TATE LN Equity,"Consumer, Non-cyclical",LN,0.0029547117578922564,1.5688564987858133,0.8181709406422051,1.4233628520835341e-16,0.07180444680906238,16.384294539713814,1.1163938235614346,1.7780063265143498,11,1.1418865188663612
2014-06-20,SPX LN Equity,MGGT LN Equity,Industrial,LN,0.003021358000117914,1.6573760967943565,1.055849243640523,-1.007740899275142e-15,0.055606384797177257,4.369416813634284,0.5502658494636996,1.1989674988768289,8,0.3317266182833213
2014-06-20,ALFA SS Equity,SKAB SS Equity,Industrial,SS,0.0030800210084083414,0.268645055235836,0.969286929647223,-6.519001862542585e-16,0.04830661712954585,4.247101127658697,0.2968010747834161,0.7500877531561091,9,0.13436614987151002
2014-06-20,HSBA LN Equity,HMSO LN Equity,Financial,LN,0.003292191916134451,0.8003076064828883,0.6883251524254016,2.0211752499586183e-16,0.0731562991947115,15.881654295192556,-1.0711173218961987,1.9831864274532358,9,1.3058221798506495
2014-06-20,DLN LN Equity,HSX LN Equity,Financial,LN,0.0033729551624793355,1.0925461560339684,1.012996163560552,2.137891003829468e-15,0.06439156734919013,5.354198104274355,0.4325622612497656,1.488991521063108,2,0.7306613205520182
2014-06-20,COV FP Equity,ICAD FP Equity,Financial,FP,0.0034288650807986635,-0.9670481441519945,1.2020300803370905,-1.964240735875277e-16,0.05425671466068271,3.785765584175776,1.0281551641338535,0.674057152584487,2,1.3225955396792544
2014-06-20,GET FP Equity,DG FP Equity,Industrial,FP,0.0035919702089403896,-1.255081352013327,0.8561870014426678,-6.348198320292562e-16,0.0729823420789159,7.485507704827058,-0.3175884954543354,1.7833606348328377,1,0.846088076829014
2014-06-20,MRK GY Equity,HEN3 GY Equity,"Consumer, Non-cyclical",GY,0.003653075296222444,-0.16107819211159688,0.9785225630981146,-2.5193522481878553e-15,0.053109578179252166,3.775995170469884,-0.21548271275306574,0.6190181678634757,15,-0.05489663086355234
2014-06-20,HLMA LN Equity,BA/ LN Equity,Industrial,LN,0.0038104559811724917,0.1606901399816003,1.0782294714721032,-4.967536353771534e-16,0.06281730566990229,5.914195238233026,0.11853728906296489,1.1403120574969674,3,0.0998392486573389
2014-06-20,IMI LN Equity,BBA LN Equity,Industrial,LN,0.004264686562638487,2.024100292224017,0.961349861348055,3.558407130208835e-16,0.0673076098287197,3.9121093482890834,-1.369765564177365,1.2271592366334456,4,1.3744674986931782
2014-06-20,HO FP Equity,ADP FP Equity,Industrial,FP,0.00429637808002264,-2.5700931443522212,1.4339508154306984,-6.26279654916755e-17,0.0694737996260873,6.622254938215182,1.0134974729116952,1.229606086160688,5,0.9701913358494758
2014-06-20,CBG LN Equity,LSE LN Equity,Financial,LN,0.004364825733266743,0.08115009077988869,0.8976477098132062,4.469359355542297e-16,0.06470514308886416,5.602624043793276,-0.48871919185838025,1.017581420359216,8,0.10614784700062052
2014-06-20,MTO LN Equity,BATS LN Equity,"Consumer, Non-cyclical",LN,0.004490564098520222,-2.2834897465460537,0.9556212481574919,-2.0354088784794536e-16,0.08902642116856159,14.200024165056346,1.4594567744701292,1.5747574972531382,1,1.863558064895121
2014-06-20,UBSN SW Equity,BALN SW Equity,Financial,SW,0.00450885839885452,-1.7204036304191352,0.9886544571860212,4.4124248414589556e-16,0.0654210451522399,6.022471597576911,-0.7428380739603223,0.9960297827611647,5,0.49681619343428074
2014-06-20,MKS LN Equity,KGF LN Equity,"Consumer, Cyclical",LN,0.004562468865417176,0.5377064221723212,0.7717993535084287,-6.547469119584257e-17,0.057699993906125555,6.08403167148839,-0.4812619100414096,1.1986101197343852,6,0.362424562009826
2014-06-20,BKG LN Equity,GNK LN Equity,"Consumer, Cyclical",LN,0.004615311736871487,0.7758294486652744,1.1033883013705517,1.3151872753251855e-15,0.05773296677995627,3.888696482483952,0.6331480962512694,0.8932760062845145,10,0.24600776452530249
2014-12-19,PRU LN Equity,LGEN LN Equity,Financial,LN,0.0009569944790456826,1.8214486545921857,0.9756565453442165,9.137989510376288e-16,0.032588762587872765,2.656601092111601,-0.43379943786142183,1.1428124699380444,6,0.2672917409177461
2014-12-19,SPSN SE Equity,PSPN SE Equity,Financial,SE,0.001154112024691576,0.3370502662055556,0.8870853472383566,1.2468658584251757e-15,0.02728449568814948,6.125768319736158,0.17675388979210693,0.44036082081933864,16,0.19691473060035103
2014-12-19,LI FP Equity,GFC FP Equity,Financial,FP,0.001256021544019129,-0.7204545614471982,0.926722788676925,-2.285920740446156e-15,0.03596154775034688,3.53429032251529,-0.7339234230540783,0.9912281510580359,9,0.2927339711378641
2014-12-19,1655637D LN Equity,CGL LN Equity,Financial,LN,0.0013909110500142845,-0.33999067600332644,1.081571050561087,-5.209508038625735e-16,0.047693398739904,4.937979143893069,1.4795241007193363,1.4215280076553853,4,1.63125645552222
2014-12-19,LAND LN Equity,HMSO LN Equity,Financial,LN,0.0017987472866126998,0.4207038813300743,1.1206682281579923,2.7043894189587144e-16,0.04241140677210143,8.396591468769783,1.2540208074165897,0.9634612018557258,4,1.0912438672785616
2014-12-19,DGE LN Equity,SAB LN Equity,"Consumer, Non-cyclical",LN,0.00205442321647196,0.7578814333790219,0.6485000815699287,-3.843079700625542e-16,0.054705320577526056,11.73343004594097,-1.2075250242683928,1.7538816377569848,1,1.719356434617007
2014-12-19,MUV2 GY Equity,HNR1 GY Equity,Financial,GY,0.0024613011242175806,1.0999641446375048,0.9494799940973147,-7.51535585900106e-16,0.0449382757493924,7.1707768665084375,0.07645847318942978,0.696768016367104,9,-0.012238771577181673
2014-12-19,UU/ LN Equity,NG/ LN Equity,Utilities,LN,0.002775401638487649,-0.02305571181946619,0.9540262597212487,1.5173048003210472e-15,0.05417798456203664,7.466991020373081,1.1798345494694433,1.435204358864306,1,1.4911417989000366
2014-12-19,EDEN FP Equity,RI FP Equity,"Consumer, Non-cyclical",FP,0.002908212729636888,-0.0825817151891685,0.7213764619163706,-4.127752271042249e-16,0.05814861783158602,6.021174664190892,-0.38349202268985727,1.299678477190332,7,0.29560893132921157
2014-12-19,INVEB SS Equity,NDA SS Equity,Financial,SS,0.0029365758108583976,0.4153069266129294,1.2336174403884717,-1.5799327658127227e-15,0.057572589570360426,9.451085415737047,1.2549062628479433,1.129511164738296,2,1.2766912043981373
2014-12-19,TPK LN Equity,INCH LN Equity,"Consumer, Cyclical",LN,0.0030600170821488736,1.1217697363001204,0.9387877654175228,-9.65040013712636e-16,0.06281246794137195,5.4992249558848965,-0.35572898448945456,1.3988980386763123,3,0.5414137959416199
2014-12-19,RIO LN Equity,BHP LN Equity,Basic Materials,LN,0.0032010419871090277,1.3138560422284562,0.7632755195612989,-5.01023723933404e-16,0.057346802316542086,11.025500924462827,1.3850816387663218,1.230536686114771,4,1.392532043160929
2014-12-19,REL LN Equity,CPI LN Equity,"Consumer, Non-cyclical",LN,0.0035149008014339336,0.07488178962599912,1.1211250988139199,-4.810966440042345e-16,0.06197348861652707,8.614572928349324,0.19620687233300352,1.321708739930373,6,0.17513227173585477
2014-12-19,BA/ LN Equity,SPX LN Equity,Industrial,LN,0.0035213889190090827,-2.2556922633251073,1.08586137535157,4.540527498146473e-16,0.0628168854412632,5.1241776078856605,0.5577361233679392,1.1121427098620766,9,0.21402464716884678
2014-12-19,MGGT LN Equity,SMIN LN Equity,Industrial,LN,0.0036143241412233155,-0.8942980963790542,0.9699410665872679,-7.714626658292755e-16,0.05758743512496377,8.000700272459088,-0.132307834794068,1.4421280652471418,5,0.24842768056437503
2014-12-19,JM SS Equity,NCCB SS Equity,Industrial,SS,0.003713927114086734,0.18986403438055743,1.0741888258463692,-1.3493479837751902e-15,0.06669348454047928,6.094531395804377,0.9881118368723434,1.3495205303963491,3,1.1378612035681122
2014-12-19,SU FP Equity,NK FP Equity,Industrial,FP,0.0037595133038778135,0.9287668955113951,0.7894522450434973,1.58277949151689e-15,0.05224641644188191,3.7266382324646017,-1.1087621238117762,0.8345959713958103,8,0.8895696616361167
2014-12-19,CS FP Equity,BNP FP Equity,Financial,FP,0.004052382923392288,-1.2540668269223307,1.0457027865870592,-5.209508038625735e-16,0.06454441266698235,9.715916206922756,1.1456961081677195,0.8579335724510803,6,0.9989247120447717
2014-12-19,SGO FP Equity,DG FP Equity,Industrial,FP,0.004227103342452052,0.4798775265043179,0.8200037008476114,-3.75767792950053e-16,0.056711439747265543,5.0965861293310715,-1.326871618453779,0.7713811425398039,2,1.4864442977217993
2014-12-19,INVP LN Equity,BLND LN Equity,Financial,LN,0.004406248586512314,-0.14508627066845708,0.9201926166949256,1.0532885105418152e-15,0.06906815448010695,8.136006368585877,0.3167178971958939,1.27024524300992,2,0.45592788375629545
2015-06-19,BLND LN Equity,HMSO LN Equity,Financial,LN,0.0010190826693360832,-0.1350359485711016,1.1611383681577416,3.928481471750554e-16,0.026937653937070875,3.5993848071158157,-0.14132377115300115,0.7345211098540216,8,0.04986031449305889
2015-06-19,LGEN LN Equity,PRU LN Equity,Financial,LN,0.0014507225296468322,-1.857906332874662,1.0203535042026786,4.255854927729767e-16,0.03129593457381002,2.5755027833589614,-0.008753199007946506,0.6562707872426016,11,-0.12006501121233248
2015-06-19,SAB LN Equity,ULVR LN Equity,"Consumer, Non-cyclical",LN,0.0015094526428792914,-0.12993927740963912,1.0990433658779688,-7.94236471462612e-16,0.038883676847635155,4.508570978306279,0.8088576461733482,1.275488790470316,9,0.6021871163928807
2015-06-19,GFC FP Equity,LI FP Equity,Financial,FP,0.0019631028180556115,1.21791897970839,0.9490179542274795,2.265993660516986e-15,0.037189110524918946,3.5203723556317925,0.04044595871439934,1.8565490849335613,5,0.40916539250085526
2015-06-19,DLN LN Equity,LAND LN Equity,Financial,LN,0.002332788053532602,0.6957146867119884,1.074986305543511,-6.006591235792514e-16,0.02452052737942265,3.483856895490257,1.214822103582651,1.3258039654345213,7,1.1468411453782312
2015-06-19,ECM LN Equity,SMIN LN Equity,Industrial,LN,0.002857661355412163,-1.257123983040375,0.8682890311616359,5.337610695313252e-16,0.06266392763582522,4.967291911508352,-0.702690709043408,1.4098276632646978,4,0.8461581813284795
2015-06-19,TPK LN Equity,BKG LN Equity,"Consumer, Cyclical",LN,0.003091819577776207,-0.47747446189940385,1.0456243807455659,-2.4880382654420173e-15,0.05192567808981939,3.8510434473901234,0.1892756865613991,1.041745790502082,10,-0.2698263629210769
2015-06-19,SPX LN Equity,MGGT LN Equity,Industrial,LN,0.0032906657298286857,1.548956972288887,1.1293337350190034,1.58277949151689e-15,0.07028501830492243,7.561723724975705,1.1701964872911192,1.384163894568033,5,1.2452927584060518
2015-06-19,BNZL LN Equity,CPG LN Equity,"Consumer, Cyclical",LN,0.003367844573096592,-0.28383407752200723,1.2659180306881443,-2.50511861966702e-16,0.05327270889856633,7.900328932832983,1.1483267318050152,0.8575062647023777,6,1.0020535259983767
2015-06-19,EN FP Equity,DG FP Equity,Industrial,FP,0.0034711666982102833,-1.0852984094737084,1.1506086195364778,-3.75767792950053e-16,0.07144488409044134,6.685386534671424,1.299368806681305,1.3490576195204604,9,1.1487750957601122
2015-06-19,VCT LN Equity,ELM LN Equity,Basic Materials,LN,0.003562902078363302,1.9687264109528417,1.0093616225954085,1.4603702862377059e-15,0.06651240592523755,4.943191619419303,0.577871175286837,1.383860533045288,9,0.4527482564835497
2015-06-19,OR FP Equity,SAN FP Equity,"Consumer, Non-cyclical",FP,0.003587553388759183,-1.2960080607833306,1.410530555701352,-2.6474549048753733e-15,0.0714903659784394,5.431435309056047,1.1200988514312349,1.9764307823033496,5,1.5513914342353234
2015-06-19,SPSN SE Equity,PSPN SE Equity,Financial,SE,0.0036043104370456903,-0.393424404500583,1.0595574216122967,-4.2700885562506023e-17,0.0316045516771588,5.514043864145245,0.8700345066856893,1.4722631883165658,7,0.906835307420911
2015-06-19,ASSAB SS Equity,HEXAB SS Equity,Industrial,SS,0.00371550785412377,-1.0562923017062456,1.1265201729743524,-3.1598655316254457e-16,0.060187560789277186,4.943419988967529,1.3728765716411793,0.6926426576780778,2,1.6401176299104454
2015-06-19,HGG LN Equity,STJ LN Equity,Financial,LN,0.003883343120844092,-1.1328159212866498,0.9681132560865167,-7.187982403021847e-17,0.06152238844959412,4.846595859289732,-0.4968346382046474,1.0766338839807081,4,0.3706740379924118
2015-06-19,SWEDA SS Equity,NDA SS Equity,Financial,SS,0.004063445870144183,0.8612165810526871,0.9155274868317294,2.6189876478337027e-16,0.04742066204216937,5.989457012960683,-0.10136043411816263,1.1468287003077138,4,0.038360915260157225
2015-06-19,MF FP Equity,BNP FP Equity,Financial,FP,0.004225205367677165,0.3284681361284053,1.0805208815425387,-1.4774506404627084e-15,0.06795206900207285,5.730013827181874,0.4747482324435049,1.1047866861153226,6,0.2744005045382564
2015-06-19,BT/A LN Equity,WPP LN Equity,Communications,LN,0.004271628722615586,-1.754746916680193,1.1864050342796149,-4.1704531566047547e-16,0.051664790684743035,4.868178532902053,0.49790453864716777,1.2033362636463187,6,0.3830024574840283
2015-06-19,INVP LN Equity,SHB LN Equity,Financial,LN,0.0043634275544707545,-0.194610605584149,0.9442408283071303,2.9605947323337506e-16,0.06651516680831301,7.427330108043305,0.8031554458161736,0.8658407413576265,5,0.6972097345824293
2015-06-19,GAM SE Equity,HELN SE Equity,Financial,SE,0.004470926233091726,-3.0686442570819104,0.9660635262861774,-1.0817557675834858e-15,0.06245580659805333,5.196399672663094,-0.23373546314487634,0.761632875548033,8,0.10602609315813838
2015-12-18,PSPN SE Equity,SPSN SE Equity,Financial,SE,0.0005691910870733916,0.7015287691234329,0.8635659828977519,1.423362852083534e-15,0.028103641427903073,4.533830151944944,-0.23530964493288725,1.5387347946379295,7,0.31627016176805006
2015-12-18,SHBA SS Equity,SWEDA SS Equity,Financial,SS,0.0009337357031549091,-0.896583883566331,1.1407436509286273,-7.856962943501108e-16,0.03212202303836507,2.9188555000971026,1.27205293064355,0.9128420743521878,7,1.0132453184150956
2015-12-18,BATS LN Equity,ULVR LN Equity,"Consumer, Non-cyclical",LN,0.0009485618483128569,0.527950031257442,0.9273983556438334,-8.283971799126168e-16,0.029667116562005838,4.262185201934894,-1.2521273329117677,1.1719460512185171,5,1.1607929916235942
2015-12-18,LGEN LN Equity,PRU LN Equity,Financial,LN,0.0017141061360245215,-1.9475357246525224,1.0541853058621362,5.252208924188241e-16,0.03576367110653257,3.100841706602864,0.225152907435129,1.0956272691387623,9,-0.13352004478294094
2015-12-18,BLND LN Equity,HMSO LN Equity,Financial,LN,0.0019220518193348714,-0.23096844468373073,1.2159806834046232,-5.935423093188337e-16,0.036326161717928636,6.040100339127749,1.485844335317164,1.511935714324548,4,1.6992350951895137
2015-12-18,PNN LN Equity,NG/ LN Equity,Utilities,LN,0.002284838995270699,-0.43378090683230003,1.1021768895454391,-6.946010718167646e-16,0.04852864560459261,6.367068508238009,0.8131266735428874,0.959846087289204,2,0.7541090066571005
2015-12-18,TOP DC Equity,TRYG DC Equity,Financial,DC,0.0024226871349222606,0.8502830760017368,0.8235057177537615,1.1557706358918297e-15,0.04078188552172796,6.059855267058248,-1.0876327239711328,1.195696397290227,6,0.9663614988550664
2015-12-18,FGR FP Equity,DG FP Equity,Industrial,FP,0.0026083831765117823,-0.18664745020436735,1.0344347356902888,-1.9870145415086135e-15,0.04541476536219775,4.193522069044736,0.20159438454298143,0.6367439613991358,9,0.20298203318262759
2015-12-18,TRN IM Equity,SRG IM Equity,Utilities,IM,0.00320812493828948,-0.0010194071058815864,1.0857542263515503,5.067171753417381e-16,0.032080759710780275,3.668067481497368,0.974530811448976,1.160366736272847,6,0.8232669185611001
2015-12-18,BA/ LN Equity,SPX LN Equity,Industrial,LN,0.0033207843841385337,-2.3766582767818543,1.1221590622432793,1.3664283380001927e-16,0.06006728968149751,5.527374616601116,-0.02772065511906072,1.295492649558357,4,0.08661170229694581
2015-12-18,SKAB SS Equity,HEXAB SS Equity,Industrial,SS,0.0035695002771804017,0.1071195255943866,0.8255330615741957,7.401486830834377e-16,0.06544631899081814,7.930596737722451,-0.6975693814085192,1.5700039872073248,7,0.7986475403880109
2015-12-18,SIE GY Equity,FRA GY Equity,Industrial,GY,0.0035740865248733936,1.6607906127361247,0.719428649418043,-5.124106267500723e-17,0.057663290288784856,6.531768600362712,-1.0071066053838922,1.6239577665695937,5,1.241972840978321
2015-12-18,ALV GY Equity,MUV2 GY Equity,Financial,GY,0.0035829456327800377,-1.446357781042271,1.2449435847639498,-4.805272988634011e-15,0.04764112359055859,5.587456820116806,1.215609718323986,0.7851579805729102,2,1.3574800506341405
2015-12-18,UU/ LN Equity,SVT LN Equity,Utilities,LN,0.003873829011811464,-1.3033618735825028,1.1426729270298406,-1.4233628520835341e-16,0.057398128317278245,7.968390975685047,0.06388880764609599,0.8480104746168105,1,0.17875109877015188
2015-12-18,WTB LN Equity,NXT LN Equity,"Consumer, Cyclical",LN,0.00426944009494456,-0.757665663909715,1.0734613976479195,1.1073762989209895e-15,0.06053663947243227,6.426739103496058,0.6215731348471388,1.907328931672255,3,1.1172769330476902
2015-12-18,IAG LN Equity,HWDN LN Equity,"Consumer, Cyclical",LN,0.004483740924661776,0.06792302984754495,1.0410726483493853,1.2596761240939276e-16,0.07347276411053077,4.087387378349816,0.3576310110263575,1.322786238634713,5,0.3873713098884255
2015-12-18,SLA LN Equity,OML LN Equity,Financial,LN,0.004621419121267712,1.4121801537920997,0.662012926565386,7.714626658292755e-16,0.06948536402373287,6.882029350927364,-0.9572959297957445,1.233054074319591,4,0.9667900089121666
2015-12-18,GNK LN Equity,CPG LN Equity,"Consumer, Cyclical",LN,0.00463504225718951,0.6357747467406446,0.6554196980305869,4.782499183000674e-16,0.06382244942238148,7.320307083016687,-0.9857097146843605,0.8798200077255207,7,0.7637476437902686
2015-12-18,ELM LN Equity,VCT LN Equity,Basic Materials,LN,0.0046828622162641735,-1.1346820760212273,0.7187778278416094,4.946185910990281e-16,0.0675437541463351,6.282946123465829,-1.0450744340695066,1.4556273117043943,2,1.3205113838428035
2015-12-18,TRELB SS Equity,NCCB SS Equity,Industrial,SS,0.004682951426086274,0.20793610537549834,0.8890102055046871,-1.6226336513752287e-16,0.06498039301489215,7.503546719977317,-0.17886011652084755,0.9414407427649001,7,-0.11079601143651785
2016-06-17,GPOR LN Equity,DLN LN Equity,Financial,LN,0.0003867534400255002,-1.1821563301890559,0.9801088919492355,-6.26279654916755e-17,0.018819612624036225,3.2626002391663653,-1.2720732281042089,0.6260065341806472,6,1.4404676980524684
2016-06-17,BLND LN Equity,LAND LN Equity,Financial,LN,0.000617723357001466,-0.6492448195988935,1.0581715834092331,1.0305147049084787e-15,0.021196687609866177,4.443963805471948,-0.6690708847409493,1.0901271341819891,6,0.45536521104466166
2016-06-17,ULVR LN Equity,BATS LN Equity,"Consumer, Non-cyclical",LN,0.0011334900113268843,-0.3729098445931442,1.026163522692108,6.26279654916755e-17,0.03182883308752362,4.291666289118794,0.08035232325172174,0.841078013298127,7,-0.09657681597927342
2016-06-17,CDI FP Equity,MC FP Equity,"Consumer, Cyclical",FP,0.0018126150074457522,-1.001290227739748,1.2129032385664946,2.277380563333654e-16,0.02842836421654957,3.5349032584658735,0.31279901531135473,0.9771599988218312,11,-0.21409610976784144
2016-06-17,LI FP Equity,GFC FP Equity,Financial,FP,0.0018143215370531095,-1.1548638685099124,1.0250066602838892,1.594166394333558e-16,0.04322833815106161,5.144651289811623,0.1931167617151211,1.2042699319018424,4,0.17899027940536094
2016-06-17,NDA SS Equity,SHBA SS Equity,Financial,SS,0.0018650083983858352,-0.16182256009574833,0.98366556382348,-6.462067348459244e-16,0.046301683614857134,5.968668658323025,-0.9634982664861685,1.2034711563105687,9,0.6987082779344054
2016-06-17,SVT LN Equity,NG/ LN Equity,Utilities,LN,0.0019765342246029845,0.544032217564756,1.0788889362976228,5.892722207625831e-16,0.0460644688740026,6.852276955204089,0.8802295608291504,1.272043793744959,4,0.9208544541991939
2016-06-17,SPSN SE Equity,PSPN SE Equity,Financial,SE,0.0020364203028315044,-0.6338081928314706,1.118402779842997,-1.2326322299043404e-15,0.03389785394230054,4.957312698537134,0.8171222418287518,0.8299457620400501,6,0.703517169095148
2016-06-17,VOW3 GY Equity,PAH3 GY Equity,"Consumer, Cyclical",GY,0.0021142448828649347,0.8259419107454623,1.0323756726327247,2.0553359584086233e-15,0.03863346679734612,7.764185806695934,-0.28167180518195356,0.8992452279663441,6,0.0878713082842903
2016-06-17,FGR FP Equity,DG FP Equity,Industrial,FP,0.0027313955917124435,-0.4799031953528019,1.1115237439518268,-3.265194382679627e-15,0.04843927872682339,5.221500062506405,0.533458771873826,0.8014444461370639,4,0.5547983935765488
2016-06-17,SN/ LN Equity,REL LN Equity,"Consumer, Non-cyclical",LN,0.003052693957514452,-0.012209759499457419,1.0045817602108214,1.804824096441921e-15,0.05948914184880832,9.073148522085617,-1.4147768449676503,1.358315439519323,4,1.5210221295455897
2016-06-17,CAST SS Equity,SWEDA SS Equity,Financial,SS,0.0031328577211096726,0.035508183208723676,0.790122128352695,1.423362852083534e-17,0.07346504055269903,20.207716562185833,1.489401522106662,1.6001102264767044,9,1.5094740405274243
2016-06-17,SMIN LN Equity,ROR LN Equity,Industrial,LN,0.003455075916201577,2.1489825558299662,0.5239358606384233,-6.319731063250891e-16,0.0499011964938986,4.433189408054513,0.3453783434418952,0.922386064383084,7,0.07616976158083372
2016-06-17,ELM LN Equity,JMAT LN Equity,Basic Materials,LN,0.0035173044357963007,-2.136280153759813,0.8756276914223707,-8.234154099303245e-16,0.06049520888827877,4.325883186693469,0.47653790786938327,1.2760410033201288,11,0.1703002265391108
2016-06-17,IMB LN Equity,RB/ LN Equity,"Consumer, Non-cyclical",LN,0.0036233765949805633,-1.6178185563069973,1.2348171019502607,-3.1627122573296124e-15,0.03554122396240077,2.617774031616175,0.27321249032342393,0.8672150784972196,9,-0.03431924879464082
2016-06-17,SIE GY Equity,FRA GY Equity,Industrial,GY,0.003703766316445624,2.7431193660962903,0.4475001830295949,4.1562195280839194e-16,0.05965356308103035,5.827105349596586,-1.360804276474706,1.3046980210401447,3,1.4767758889700993
2016-06-17,UU/ LN Equity,PNN LN Equity,Utilities,LN,0.0037230428736009426,-0.42487202899079923,1.221428199412375,3.643808901333847e-16,0.04517134302196792,4.115254437550785,1.0140091250257264,1.1245741037090105,8,0.7314135145238206
2016-06-17,BA/ LN Equity,SPX LN Equity,Industrial,LN,0.0038289207169784224,-1.8353963151691113,0.9783331834067642,-1.1173398388855742e-15,0.06277346758984415,6.546708350153392,0.28055465588637274,1.2061525831878963,4,0.26799026624467787
2016-06-17,III LN Equity,SGRO LN Equity,Financial,LN,0.003900930301883108,0.20970421400724104,0.9776411130983671,4.0850513854797424e-16,0.06466912739781468,6.376642758080062,-0.04726240749314902,1.1507808089302625,10,-0.3122969162364798
2016-06-17,TW/ LN Equity,BWY LN Equity,"Consumer, Cyclical",LN,0.004060476102489331,-2.7038563035608663,1.0336300201613857,-5.37675317374555e-16,0.04697172912159379,5.206749628583822,-0.27668717204642096,1.1948671844026686,7,0.10472220849380759
2016-12-16,ULVR LN Equity,BATS LN Equity,"Consumer, Non-cyclical",LN,0.0011729025355803051,-0.13439216440631752,0.9631156629187515,-1.6226336513752287e-15,0.03288453445622335,5.646856251801252,-0.3192700214092057,0.9258287987584856,5,0.14633596538828042
2016-12-16,TRN IM Equity,SRG IM Equity,Utilities,IM,0.0012516642903372122,-0.04614510035013025,1.1223133608809193,7.116814260417671e-17,0.02835182554933032,3.6729277596775542,0.2087542308097744,0.7960627298131101,10,-0.06316847924529545
2016-12-16,NDA SS Equity,SEBA SS Equity,Financial,SS,0.001612774675575101,-0.05258573033923669,1.0315129953539437,-1.8219044506669235e-16,0.03797242855404662,3.591398590356849,-0.4840101641885624,0.8905402072087207,2,0.4999371901871429
2016-12-16,DLN LN Equity,GPOR LN Equity,Financial,LN,0.001675254724614021,1.0519858835797982,1.0805347491469999,5.067171753417381e-16,0.02118139021510563,3.626399647438513,-0.37181249738628114,1.6902143828792002,7,0.5466678720506781
2016-12-16,RB/ LN Equity,REL LN Equity,"Consumer, Non-cyclical",LN,0.0019152516753582277,1.6713359485832526,0.9919544362157324,7.51535585900106e-16,0.041402023331490595,5.935968917000916,0.05581702685909889,0.8318491301939438,7,-0.1100787846354831
2016-12-16,BLND LN Equity,HMSO LN Equity,Financial,LN,0.0019203660459163388,-0.33941353878799063,1.26817321847127,4.526293869625638e-16,0.04616613242951519,8.429025340882484,-0.7819263792853787,1.4955302050392498,7,0.834407175453969
2016-12-16,VOW3 GY Equity,PAH3 GY Equity,"Consumer, Cyclical",GY,0.0021688245120046372,0.8642287578487512,1.0221731147881525,1.1386902816668273e-15,0.03712285786904099,7.8984955159464185,0.29119568672204504,0.6844993150659812,5,0.42026332161024604
2016-12-16,CDI FP Equity,MC FP Equity,"Consumer, Cyclical",FP,0.0026772098948314063,-0.6914437483387835,1.1507968586043515,1.708035422500241e-17,0.02566717076443959,3.3181544066334463,-0.9051092319666759,0.9563495349243022,4,0.7497410424152038
2016-12-16,GLE FP Equity,BNP FP Equity,Financial,FP,0.002895924858089894,-1.1339088589372148,1.2197190379007143,1.7365026795419115e-16,0.04413866228074999,4.1925652241962865,-1.0853060690111458,1.7222983280934445,11,1.0789657051296266
2016-12-16,ALV GY Equity,MUV2 GY Equity,Financial,GY,0.0030017322833385744,-0.3602940945833893,1.0343123821020477,-4.554761126667308e-16,0.046512233042138,6.839128057711636,0.1154516790167961,0.9862245242350529,4,-0.0706770828871491
2016-12-16,QQ/ LN Equity,ATK LN Equity,"Consumer, Non-cyclical",LN,0.0030401768368717866,-1.4912933245320539,0.8788293645939392,-2.6474549048753733e-16,0.06396657943933057,6.014056902422258,1.147107726472033,1.4938922616938624,4,1.348492696588921
2016-12-16,SCR FP Equity,CS FP Equity,Financial,FP,0.0031545492046577465,0.23245298501683126,1.029051950826817,8.255504542084498e-16,0.0545077731319319,5.507349368359064,1.0080875006814165,1.0839060192777579,6,0.7886587018571256
2016-12-16,SGO FP Equity,NK FP Equity,Industrial,FP,0.003216373314140999,0.05916299584816427,0.8722316593147144,-1.2753331154668465e-15,0.04911221916932851,4.3043331963280815,-0.24616045518379298,0.4870506798058356,13,0.3155475511880349
2016-12-16,OR FP Equity,RI FP Equity,"Consumer, Non-cyclical",FP,0.003360368263854168,-0.7386229728402354,1.2556508454000412,1.1045295732168224e-15,0.05368930863759876,6.457412252114182,1.3312309691891215,1.2908525062037135,3,1.4365338268147867
2016-12-16,ANTO LN Equity,RIO LN Equity,Basic Materials,LN,0.003418357317597335,-2.2877351151767114,1.2399651096020723,-2.3015777318190744e-15,0.06977249567322923,5.236451337420429,-0.9649809712249368,1.7485868513839842,8,1.1237889194508441
2016-12-16,SOON SW Equity,ROG SW Equity,"Consumer, Non-cyclical",SW,0.003483346043645888,0.8938614413098094,0.7110862150431253,2.095190118266962e-15,0.05628709522435325,8.032972548622729,0.7873992721653215,1.6707848218623047,5,1.050692741411521
2016-12-16,GFTU LN Equity,TPK LN Equity,"Consumer, Cyclical",LN,0.0035608206639403555,-1.0767720791180804,1.017859472917978,-2.0211752499586182e-15,0.0631305315125528,4.651857289088347,0.542823585548665,1.1436843799844003,6,0.3770785488191486
2016-12-16,FERG LN Equity,MERL LN Equity,"Consumer, Cyclical",LN,0.003636596463995478,2.471476335826818,0.8834273028594152,7.486888601959389e-16,0.06653793232123253,8.132565487868433,-0.9058824526427924,1.5827029989831196,5,1.1150165968506405
2016-12-16,INTU LN Equity,AV/ LN Equity,Financial,LN,0.003804652142962342,-0.15470119294893472,0.8479138117702724,2.2062124207294778e-16,0.06570044342914165,8.811971979987922,0.975557468666303,1.399745634734111,6,1.0118479993043485
2016-12-16,MRK GY Equity,FME GY Equity,"Consumer, Non-cyclical",GY,0.0038392835759897786,0.8606955989902485,0.8403014758219107,-1.1956247957501685e-16,0.07883497256860757,11.368121716768933,-1.307621183701962,1.5273114889947887,2,1.6311301766897144
2017-06-16,TRN IM Equity,SRG IM Equity,Utilities,IM,0.0011326410844723345,-0.030251774459330315,1.1141884242611397,-2.675922161917044e-16,0.029756990634390936,4.235704347181137,0.17279601326066504,0.7292577444279396,10,-0.01147593616470377
2017-06-16,LGEN LN Equity,HMSO LN Equity,Financial,LN,0.00180176908860869,-0.9578692735679433,1.0263530538269516,9.109522253334617e-16,0.05779569720718492,5.65863017076605,0.4210818343599687,1.8961533899639815,1,1.0109091368001553
2017-06-16,RI FP Equity,BN FP Equity,"Consumer, Non-cyclical",FP,0.0023690325034819034,0.7345347680621296,0.9468856758317873,4.2131540421672605e-16,0.05248533285301167,9.861695038317263,0.009195369648458782,1.5682395659498223,3,0.3091490643131005
2017-06-16,UU/ LN Equity,PNN LN Equity,Utilities,LN,0.002374227387150052,0.1905113851057726,0.9659221214355614,-1.2924134696918488e-15,0.04084065485941785,4.84301194368043,0.18500689887384875,0.42748599280193267,13,0.38484065539156365
2017-06-16,SVT LN Equity,NG/ LN Equity,Utilities,LN,0.0024716189523507283,0.8164401772460573,0.9743989785942292,-5.494180609042442e-16,0.04724947249314601,12.082658083862015,0.2956046604735251,1.123760304878372,3,0.2622851373160381
2017-06-16,CBG LN Equity,PRU LN Equity,Financial,LN,0.0026203609842732206,0.06714129986914863,0.9626290865797004,2.5165055224836883e-15,0.052152108656407875,4.303292397178387,-0.8549071680260867,0.885475522095501,5,0.7265376331990306
2017-06-16,LEG GY Equity,VNA GY Equity,Financial,GY,0.002681626647534281,1.0995491033042983,0.9412361971209354,2.562053133750361e-16,0.048088906491789415,6.588022589410122,-0.43680918929628193,0.7032135606020626,1,0.7389038379607622
2017-06-16,REE SQ Equity,IBE SQ Equity,Utilities,SQ,0.002819806215323446,1.654405395328951,0.6969488108883007,-1.0532885105418151e-16,0.05401885334201444,15.582369839442295,-0.5141838626304822,1.8477150817531036,1,1.0781336474230216
2017-06-16,SEBA SS Equity,SHBA SS Equity,Financial,SS,0.0028972661765728587,-0.5993843384312698,1.141165002188753,-2.50511861966702e-16,0.04859367427443586,6.085849467644908,-0.7939206042645419,1.4004951428683852,1,1.080746451835451
2017-06-16,FGR FP Equity,DG FP Equity,Industrial,FP,0.0029091481915120535,-0.7529349687177954,1.1802922499366633,2.1208106496044657e-15,0.03247831691327997,3.6777031200769112,0.02377957814369624,0.7996779813457026,6,-0.052674266189965346
2017-06-16,SHB LN Equity,PHNX LN Equity,Financial,LN,0.0030005425135596325,0.2654167092707467,1.014893544655537,1.0248212535001446e-16,0.05819707473531877,7.7922832905106985,1.496146320517458,0.9813789208575545,4,1.3149429547197087
2017-06-16,STJ LN Equity,SGRO LN Equity,Financial,LN,0.003238390004381778,0.4493071241981342,1.217626344178893,-2.391249591500337e-16,0.04682759515107094,3.1607054856287804,0.7971622352835653,0.9319970563748392,7,0.5175878579811941
2017-06-16,VOW3 GY Equity,PAH3 GY Equity,"Consumer, Cyclical",GY,0.0032563408554489295,0.7559970916624167,1.0514395841851185,-2.801178092900395e-15,0.031111743291025257,5.254442234804862,0.4712443739237894,0.6699757861787968,6,0.5717580812056278
2017-06-16,BWY LN Equity,PSN LN Equity,"Consumer, Cyclical",LN,0.003419195085368377,0.21034791086164595,1.004196365418674,-1.9813210901002794e-15,0.06035492023566603,10.04010403267873,1.2369280763100445,1.1920691731986675,1,1.3626186744763928
2017-06-16,AZN LN Equity,DGE LN Equity,"Consumer, Non-cyclical",LN,0.0038689408216797576,1.9475975500684697,0.6509057139131537,-1.4404432063085364e-15,0.06586948795925529,7.986429060448615,-1.3867425550493837,0.9221195767899183,4,1.2678229260536011
2017-06-16,MF FP Equity,RF FP Equity,Financial,FP,0.003972902751164646,0.5764647724851947,1.0383525380489058,1.0191278020918103e-15,0.06878655440699884,8.034120470818985,0.6910927041171588,1.1293643309425945,3,0.662747639568133
2017-06-16,EXPN LN Equity,REL LN Equity,"Consumer, Non-cyclical",LN,0.004085871272800042,-0.00026158347038463686,1.0108283573143582,-1.3094938239168513e-16,0.05176865150245999,6.421620170092549,0.9329498537838185,0.5318173704599205,1,1.5144049909705062
2017-06-16,SKAB SS Equity,HUSQB SS Equity,Industrial,SS,0.004117841298204223,1.6872381013172457,0.6639542392970028,1.4233628520835341e-16,0.06494538231837509,7.642226816015112,-0.7555458167082267,1.5117503382797346,2,1.0688139606463685
2017-06-16,SCR FP Equity,CS FP Equity,Financial,FP,0.004372771681747844,0.09863406314442971,1.0758123048509995,-3.643808901333847e-16,0.05282214645863079,5.160820414110415,0.7042830155508684,0.9228360175221172,4,0.5845867383035834
2017-06-16,CDI FP Equity,MC FP Equity,"Consumer, Cyclical",FP,0.004508736099938158,-0.36999557869449523,1.0861536794010862,-3.16555898303378e-15,0.027436119015275737,4.083285132622648,-1.258329666008276,1.0062966876960449,4,1.0646066123929268
2017-12-15,TRN IM Equity,SRG IM Equity,Utilities,IM,0.0010042359078473808,-0.06143129765440401,1.146717625662955,9.67886739416803e-16,0.035019701825282065,5.6174573986427845,1.3938492938798506,1.180525517919053,3,1.4098089873853792
2017-12-15,CDI FP Equity,MC FP Equity,"Consumer, Cyclical",FP,0.0012657842832589088,-0.61531636306151,1.1359703911622971,5.807320436500819e-16,0.03268817161075924,5.114119992642486,0.8445349459730399,1.5347541942410179,6,0.9729051801444357
2017-12-15,ULVR LN Equity,REL LN Equity,"Consumer, Non-cyclical",LN,0.0017753103265195599,0.7761792730250029,1.0498079878866466,6.860608947042634e-16,0.04178130776941335,4.3466353781260505,0.6863806922729075,1.5733348070752362,3,0.9895781399021851
2017-12-15,STJ LN Equity,SGRO LN Equity,Financial,LN,0.0018065115399201561,0.8292152139849917,0.9908602966189634,1.708035422500241e-16,0.04656640137884968,3.7147726946099864,0.19688655867788163,1.3788538308185871,5,0.26813915536528166
2017-12-15,LAND LN Equity,HMSO LN Equity,Financial,LN,0.002152677389317871,0.25078626484822547,1.2224019490160127,-2.334315077416996e-16,0.04165548018308742,8.355665995576716,-1.1803638425712377,0.7964280732583426,4,1.2079822997857843
2017-12-15,VOW3 GY Equity,PAH3 GY Equity,"Consumer, Cyclical",GY,0.002308688281822896,0.685138756468869,1.070366219975445,-1.1159164760334907e-15,0.027415475708259026,5.538511553424922,-0.1650490304245897,1.5705445734790253,8,0.21647145173061044
2017-12-15,EXPN LN Equity,BATS LN Equity,"Consumer, Non-cyclical",LN,0.0023572035785769433,-0.5059917678117025,0.8358551460216199,-5.664984151292465e-16,0.04428170359016282,4.654180619495946,0.33741770884082817,0.8120386467723141,6,0.2456250542466869
2017-12-15,BN FP Equity,OR FP Equity,"Consumer, Non-cyclical",FP,0.00256764463653571,0.579089872405252,0.6946697771539115,-1.801977370737754e-15,0.03709407531857029,6.768812884309162,-0.9019510655194224,0.9273693721216146,11,0.4273543986215631
2017-12-15,LR FP Equity,SGO FP Equity,Industrial,FP,0.0029346319246629556,0.9199384288462875,0.81570722066971,3.5014726161254936e-16,0.03984866641613776,5.045313194617317,0.25744252807860585,1.036344683061084,5,0.043142322239060005
2017-12-15,LGEN LN Equity,AV/ LN Equity,Financial,LN,0.0029463335099462412,-0.7361445113502029,1.0313910203715162,-1.2774681597449719e-15,0.03863461370775494,3.688094282597905,-0.6447337840895561,1.2466791492265161,9,0.4152171195463021
2017-12-15,SSE LN Equity,PNN LN Equity,Utilities,LN,0.0029657198837466114,0.5129309756156899,1.0309650660453924,-1.878838964750265e-16,0.054244373258443064,5.384161738521156,-1.0233119618519475,0.8513840101526787,1,1.134203968268636
2017-12-15,DLG LN Equity,SHB LN Equity,Financial,LN,0.003013540871089792,-1.500589370984201,1.2392011782129746,-6.775207175917622e-16,0.06048311065915427,5.3966884571245455,-1.3938900262742544,0.8271145708060718,8,1.1837020819731987
2017-12-15,BLND LN Equity,GPOR LN Equity,Financial,LN,0.003636843044175516,-0.12607213294739264,0.9677460658749949,1.3237274524376867e-15,0.04183270507278316,7.945287422783128,0.9307182282569608,1.5658821630656796,1,1.3291675759098724
2017-12-15,MRK GY Equity,HEN3 GY Equity,"Consumer, Non-cyclical",GY,0.003649739046647819,0.30207934549908416,0.9021626719684769,-1.298106921100183e-15,0.055679842595990583,6.122249054747126,-0.33752663686088463,0.885140576932834,9,0.009535439457560413
2017-12-15,ICAD FP Equity,COV FP Equity,Financial,FP,0.003691142570764178,-0.6609674724634501,1.1123484114358997,5.465713352000771e-16,0.044502125078213814,5.6507284148903585,0.9175780569945979,0.6248547317733354,3,1.237814142418841
2017-12-15,HSX LN Equity,LSE LN Equity,Financial,LN,0.003721969477952225,-0.03892974986576182,0.7258789167765956,-1.5315384288418827e-15,0.05378037645658455,6.038295890840931,0.14609726726761083,0.9725228107965401,7,-0.17604098479968766
2017-12-15,FNTN GY Equity,DTE GY Equity,Communications,GY,0.003840697712302703,0.7741381174194062,0.9274062948598183,1.3635816122960257e-15,0.061624700927995296,10.880013674546214,0.41213778732791473,0.956790320199551,5,0.2063088000131555
2017-12-15,COFB BB Equity,GBLB BB Equity,Financial,BB,0.003865932617296858,2.748952416781464,0.43345966343302295,7.401486830834377e-17,0.04240745753915182,7.120594837153071,-1.0675699218532195,0.5810689403155067,2,1.5104557929926203
2017-12-15,HELN SE Equity,SREN SE Equity,Financial,SE,0.0039064325762936105,2.6422100285548042,0.8041355003258074,5.306296712567415e-15,0.04231374957753674,6.738606162990706,0.6543725466623157,0.8230175833708043,8,0.44915026022501003
2017-12-15,DSY FP Equity,CAP FP Equity,Technology,FP,0.003968159682542545,-0.24548469625467498,1.0248380100000942,-1.1956247957501685e-16,0.05185795568889238,5.297845175914002,1.1548996231462763,0.6060145502567132,2,1.5557509060227326
2018-06-15,NDA SS Equity,SEBA SS Equity,Financial,SS,0.001354194251722043,-0.037539504153221125,1.0258698071094503,-1.0760623161751516e-15,0.03350260300392425,2.5909600847960554,-0.4266328584343361,1.1637849262667437,12,-0.021689580577230028
2018-06-15,LGEN LN Equity,AV/ LN Equity,Financial,LN,0.0019123527976641897,-0.7700732986922073,1.0544565411147893,-1.4105525864147821e-15,0.03983857334315038,4.091501696352061,0.48539873435698433,0.7018229286738382,9,0.3894728794871108
2018-06-15,SU FP Equity,NK FP Equity,Industrial,FP,0.001928193582737861,-0.04729286491750744,0.9893096149720172,-4.2473147506172654e-15,0.046627213644451784,3.755163009780958,0.4784760146861528,1.215165040186749,9,0.22335591779850178
2018-06-15,DAI GY Equity,BMW GY Equity,"Consumer, Cyclical",GY,0.0019478345482382227,-0.04615715043421359,0.9612159794480672,-1.7735101136960834e-15,0.04456049322468816,11.375470057920392,-1.1917147063758389,1.117428119231695,8,0.9027444289774512
2018-06-15,PHNX LN Equity,SHB LN Equity,Financial,LN,0.0019689724680451086,-0.24972997324367008,0.9646089975903904,5.978123978750843e-17,0.04329631997889626,4.414070455579683,-0.767610837459954,0.7030534311632345,6,0.8199332230199994
2018-06-15,CS FP Equity,SCR FP Equity,Financial,FP,0.0024274064177845093,-0.2633075947649429,0.9736072567028579,-2.2773805633336546e-15,0.04119250386743435,3.2039354512624953,0.1638456072815262,1.108006616181681,6,-0.033591833128104154
2018-06-15,BEI GY Equity,FME GY Equity,"Consumer, Non-cyclical",GY,0.002446795784002277,-0.6789016972799137,1.1732076373991973,-2.550666230933693e-15,0.04087473026574877,3.3185015977683725,1.2550243441985707,0.9103255682796978,4,1.1489773203129594
2018-06-15,SVT LN Equity,NG/ LN Equity,Utilities,LN,0.002867625495941468,1.5313762638602113,0.7021064459151166,-8.682513397709557e-16,0.03934761973411917,5.524108589043809,-0.06271201346601388,0.7998396718934557,9,-0.16394400500180178
2018-06-15,GPOR LN Equity,LAND LN Equity,Financial,LN,0.0033057148670051365,-0.5175807049597252,1.0788330664343064,1.636867279896064e-15,0.06546562600975338,9.986801114297908,1.1035792711715564,1.9897195166667982,1,1.7415729535754865
2018-06-15,BEZ LN Equity,HSX LN Equity,Financial,LN,0.003362288467643321,-1.1730461630727345,1.073238005512912,6.931777089646811e-16,0.038211187412968334,3.667220698662078,-0.18519658037744804,1.275194319414706,9,-0.021704845240904824
2018-06-15,UHR SE Equity,CFR SE Equity,"Consumer, Cyclical",SE,0.003449933256770549,2.035687426843425,0.8860776661066851,1.9984014443252818e-15,0.06089301289540773,14.203757500801574,-0.48255932942747554,1.1034743962230134,5,0.3310230735376666
2018-06-15,HSV LN Equity,SPX LN Equity,Industrial,LN,0.0035875154924825724,-2.102112905505826,1.0232090565167007,-3.1598655316254457e-16,0.059332214021529946,4.723803711504482,0.7709725626608182,0.9660502627131295,8,0.40551197698991404
2018-06-15,HELN SE Equity,SREN SE Equity,Financial,SE,0.0037173994500042736,3.116876042823536,0.6976827629632382,-1.4290563034918682e-15,0.03652895722352146,7.0200441225670565,0.11851157889315371,0.8265551249102527,10,-0.19099975396776842
2018-06-15,ZURN SE Equity,BAER SE Equity,Financial,SE,0.0037500401661920107,2.927554935439184,0.6776757728045854,1.4461366577168706e-15,0.05552495870336585,6.832909444744324,-1.0861329669536717,0.6062115297440142,3,1.4366592617898868
2018-06-15,KN FP Equity,ACA FP Equity,Financial,FP,0.0037877974250620744,-0.6109529452169108,0.9406282839416513,-1.6226336513752287e-16,0.058952976199254374,5.862263173309823,0.02463003046568396,1.5853458393581221,5,0.23543260917244796
2018-06-15,SAND SS Equity,ATCOA SS Equity,Industrial,SS,0.003861435544907809,-1.3266128860164073,1.2173202156269516,-6.760973547396786e-16,0.045608152513653626,5.073335232031385,0.28550924303182096,0.8422913056591775,6,0.1571385988886448
2018-06-15,SIE GY Equity,HEI GY Equity,Industrial,GY,0.003882135887854008,-0.46964904881817504,1.17167828931048,-4.497826612583967e-16,0.05621176752919022,5.373690052077763,0.1852421673353339,0.8500572417706364,6,0.047693755840992114
2018-06-15,REE SQ Equity,IBE SQ Equity,Utilities,SQ,0.003989797673768002,2.3611222947389185,0.2983387386924179,1.9073062217919355e-16,0.06031941094041489,11.167180792939819,-1.2839944256391589,0.8542000338421615,1,1.3915843065953852
2018-06-15,ATO FP Equity,TEP FP Equity,Technology,FP,0.0039967816456156855,0.20826058609803647,0.9573872970857166,-2.470957911217015e-15,0.0745183311333872,8.301793648700615,-0.915760069304729,1.80909617180876,11,0.9585874372725918
2018-06-15,ALV GY Equity,DB1 GY Equity,Financial,GY,0.004044351980840623,1.3086172912554834,0.8507410154864171,-2.9947554407837556e-15,0.07281294011713292,14.540636065682506,0.15376473490293044,1.4298551832715962,2,0.411337903607106
