trading_start,y,x,sector,group,distance,alpha,beta,mean,sigma,half_life,validation_mean_z,validation_std_ratio,validation_crossings,stability_score
1993-01-01,NEE UN Equity,CEG UN Equity,Utilities,all,0.0008101467969343444,-0.21142206003993638,0.9943160117897644,-1.6852616168669042e-15,0.024951701204072422,2.4990802020210423,0.4461900151822663,0.7964258290318835,11,0.12381129026536408
1993-01-01,CNP UN Equity,D UN Equity,Utilities,all,0.0009070216863933106,-0.13376513000099527,1.019480112900199,8.255504542084498e-17,0.028771665850644862,2.7017583682881723,0.8689675162153152,0.885785537631483,6,0.6902479307422007
1993-01-01,3054Q UN Equity,USW UN Equity,Communications,all,0.0012291758694824362,-0.75743024984593,1.1402340371757438,-3.3306690738754696e-16,0.03373718583673204,2.704046254741556,1.1572176332677289,0.7256179531833562,3,1.3279492712200853
1993-01-01,CVX UN Equity,677004Q UN Equity,Energy,all,0.0012317225470109224,0.1239544207014802,0.8030230643718714,-1.8589118848210955e-15,0.04011801753944393,6.302165438382627,-1.4655199404633887,1.0428295876344227,2,1.407457716397025
1993-01-01,IP UN Equity,896661Q UN Equity,Basic Materials,all,0.00160837864423131,-0.36254071060559095,1.0080175910019016,8.967185968126264e-16,0.03679684301279409,2.7310489393600847,-1.4714209270653464,0.8737685426956568,4,1.406360690755368
1993-01-01,PCG UN Equity,45200Q UN Equity,Utilities,all,0.001621799907949475,-0.07304869268123408,1.06575359839325,-2.50511861966702e-15,0.026930230417771116,2.4252421293247477,-1.0637894777217227,1.5660440903788173,7,1.1623422296697412
1993-01-01,EIX UN Equity,0961514D UN Equity,Utilities,all,0.0016309684408679131,0.2762417265736427,0.8648247552228583,-5.494180609042442e-16,0.042492491333833454,7.8913024379199666,-0.7418977077783244,1.3676026940325945,3,0.9049570564574588
1993-01-01,1719Q UN Equity,AEP UN Equity,Utilities,all,0.00177441078564917,0.6256646789281654,0.6456874750594769,1.938620204537773e-15,0.048243463661702686,9.683205079613678,-0.4603963845443227,1.5556673293789398,1,0.8523009888426907
1993-01-01,VZ UN Equity,693365Q UN Equity,Communications,all,0.0020642923927422815,-0.034747797125048295,0.9631043519372475,-3.0687703090920995e-15,0.04305681415401196,5.643055525699133,-0.6944100270655709,0.725680611211578,7,0.6650553174809035
1993-01-01,134618Q UN Equity,MMC UN Equity,Financial,all,0.0021011199669294916,1.678862399636972,1.1047618503786898,7.11681426041767e-16,0.05268936497175052,3.9762151561533257,-0.20010605356790576,1.5679883130617545,6,0.3498995220638518
1993-01-01,KRI UN Equity,TGNA UN Equity,Communications,all,0.002795300078553729,1.1912997512513994,0.8749806803613366,2.049642507000289e-15,0.05228784513303394,4.823243279531882,0.36751674965508785,1.0538149012421558,4,0.21993356883227116
1993-01-01,CBE UN Equity,ITW UN Equity,Industrial,all,0.002850918501027486,1.3967885443791719,0.8950465155782026,-6.917543461125975e-16,0.060402794101451905,4.172438420872811,-1.2476027174030373,1.3703010602756263,7,1.2126331851271357
1993-01-01,300583Q UN Equity,8375930Q UN Equity,Energy,all,0.002914928841916852,1.0040137745878117,0.9429127829878751,1.1529239101876626e-15,0.04693379794882624,4.131256900728604,-1.151824569548433,1.1045448068703108,8,0.8512578801638898
1993-01-01,HNZ UN Equity,HSY UN Equity,"Consumer, Non-cyclical",all,0.0029660116826402652,1.1830143624301943,0.8328678851491078,-7.259150545626023e-16,0.04735570925140998,3.3146918821396194,-0.06733999942323837,0.7174572380659401,13,-0.2506180689379695
1993-01-01,93916Q UN Equity,LLX UN Equity,Energy,all,0.0030826118632463185,-0.4776122905328634,0.9683741596488621,-5.807320436500819e-16,0.058172581222929585,4.426194131290954,-0.24063554293352055,1.450650510287921,3,0.46264762654741987
1993-01-01,WLA UN Equity,RAL UN Equity,"Consumer, Non-cyclical",all,0.0031358052166477876,0.33552937654648707,0.8779347950527073,-1.5087646232085461e-16,0.06185578588360723,5.308873807428413,0.3146574876716315,1.5195368188644316,5,0.4830630516605978
1993-01-01,1618Q US Equity,1649858D UQ Equity,Financial,all,0.003184729060919482,0.2825376708807249,0.9691499631185669,2.9036602182504095e-16,0.05450344504269815,2.7449112254704047,-0.9039017600764603,0.9056649977217044,6,0.7029875610826559
1993-01-01,2650Q UN Equity,1356Q UN Equity,Industrial,all,0.0031866197117503474,1.6001078659095254,0.8858989767583161,7.316085059709365e-16,0.05447874878124772,3.264337228091417,0.029968415943860446,1.7313883435277464,9,0.12889201332368344
1993-01-01,TOY UN Equity,987200Q UN Equity,"Consumer, Cyclical",all,0.003264144922452928,0.4801656974764174,1.0547892719153897,-2.2460665805878166e-15,0.06723624066156739,3.245471788676961,1.3930433127579367,1.143140013908454,6,1.2268221869262728
1993-01-01,571300Q UN Equity,210967Q UN Equity,Communications,all,0.003316396962517377,0.5009479443989082,0.804210490155828,-1.505917897504379e-15,0.04811287695674216,6.155971505924309,0.9653140389500235,0.4136643198643476,2,1.7480144945841625
1993-07-02,NEE UN Equity,CEG UN Equity,Utilities,all,0.0009767151027679788,0.12591263138864814,0.8803007341995143,-4.2131540421672605e-16,0.028778637724437933,3.9409572738158674,-1.0780297743315403,1.207784204869667,6,0.9668172195335079
1993-07-02,CNP UN Equity,D UN Equity,Utilities,all,0.0010210536557648622,0.27922633047237205,0.8737970367977806,-2.9605947323337506e-16,0.0354540199236966,6.380123957864138,-1.0090528037382211,1.4164450669114403,15,0.6072030624143974
1993-07-02,PCG UN Equity,UEP UN Equity,Utilities,all,0.001316472940478229,-0.3841794003354352,1.0690183644925222,-1.2440191327210087e-15,0.033112011544351456,3.5821082623624503,-0.549324722479549,1.05551342727579,7,0.2533520319514763
1993-07-02,3054Q UN Equity,USW UN Equity,Communications,all,0.001540966495042509,-0.7642635484215208,1.1447739416115668,-3.586874387250506e-16,0.0356915102290418,2.7270215337413277,1.371249155504764,0.8699956889425957,2,1.4105161780889444
1993-07-02,2500Q UN Equity,CVX UN Equity,Energy,all,0.0017125194430545455,1.12013027686909,0.7342274096885321,1.0390548820209799e-15,0.037397722316279094,4.460311709286015,-0.495266431927845,1.0194098410153267,12,-0.08550969546203946
1993-07-02,PEG UN Equity,TXU US Equity,Utilities,all,0.00199440525103956,-0.18708577799983567,0.9472283743044502,9.109522253334617e-16,0.03812483675679918,6.143798622504911,0.4624672963733448,1.6627797983080095,4,0.7709580754945466
1993-07-02,VZ UN Equity,BLS UN Equity,Communications,all,0.0020305318641516074,0.28013780985882486,1.0985773262483267,-9.394194823751325e-16,0.04740036497722348,6.241467548771403,0.5599046343242143,1.1015849960058022,1,0.6066546824802176
1993-07-02,CLX UN Equity,PG UN Equity,"Consumer, Non-cyclical",all,0.002232061882753756,0.30152875093321146,0.8460800035677745,1.9073062217919355e-16,0.05313220341756998,4.462975338641523,-0.048569515322577805,1.460640952682299,6,0.12744486339320948
1993-07-02,EIX UN Equity,DUK UN Equity,Utilities,all,0.0024943230884855827,0.7093793403645309,0.70124148567547,-7.088347003376e-16,0.041894074883580726,8.772366062149304,-0.5774005320584122,0.47551451185448995,2,1.2207584103736115
1993-07-02,IP UN Equity,896661Q UN Equity,Basic Materials,all,0.002495285794126325,-0.2064841308529426,0.9678550935434308,1.4916842689835437e-15,0.03489795992555631,3.079918607998329,-0.33678469623144613,0.7291169548448666,8,0.25270582418678134
1993-07-02,3891289Q UN Equity,RDPL UN Equity,Energy,all,0.0025614744301197955,1.3880906054860758,0.6887557636410936,1.4347497549002023e-15,0.047936413679134655,6.926271005918608,-1.0529606015024147,0.8098821225848601,7,0.9138271710812587
1993-07-02,SLB UN Equity,677004Q UN Equity,Energy,all,0.00299611522013232,-1.2061547896987301,1.1184946237727234,-1.5514655087710521e-15,0.05185445382781524,3.9407017786736778,0.01573003530174098,0.853574190823548,6,-0.1259471495665536
1993-07-02,XEL UN Equity,AEP UN Equity,Utilities,all,0.0032435087363601295,-1.7921657583392838,1.3846790203210266,-2.274533837629487e-15,0.04210728660401582,4.94495637842424,-0.6347549501201729,1.9476161088198312,8,0.9013610665254544
1993-07-02,1005945D US Equity,1719Q UN Equity,Utilities,all,0.0033124333244099564,0.5559043365577195,0.8503752131756321,-1.2867200182835147e-15,0.05268150447432578,7.440135870251773,0.825674709066517,0.8113947771443144,7,0.6846752741415956
1993-07-02,EMR UN Equity,611647Q UN Equity,Industrial,all,0.003591784081417963,-1.2968077749204274,1.1495666853524735,1.5713925887002215e-15,0.05953906316037948,3.694606111970338,0.9269591269492309,1.1350562106807527,6,0.75364130148514
1993-07-02,3393199Q UN Equity,2254Q UN Equity,"Consumer, Non-cyclical",all,0.003636191652308769,-1.2961555592055374,1.1112369216996414,1.5201515260252143e-15,0.07481367728892528,7.594594634460989,1.4736020955374263,1.8708153621043144,8,1.6999764538894033
1993-07-02,SWK UN Equity,ITW UN Equity,Industrial,all,0.003681069084277381,1.2383218656342134,0.8459332819002071,-9.67886739416803e-16,0.05939681907525357,3.16622092088155,-0.7802003759684819,1.0660058708880942,9,0.39411920909668213
1993-07-02,571300Q UN Equity,210967Q UN Equity,Communications,all,0.004062545085113412,-0.2686505259487828,1.0186770942825485,-3.5014726161254936e-16,0.04344001873582746,4.377391622692584,0.0729168444180054,0.4623074694837392,17,-0.00555806468552944
1993-07-02,HSH UN Equity,K UN Equity,"Consumer, Non-cyclical",all,0.0043532327835098545,-0.3027658929072039,1.0377757135832144,-5.693451408334136e-17,0.05392290292698135,3.9301486492739115,0.1529642158855073,1.3251095546645904,3,0.2844593546713899
1993-07-02,APD UN Equity,SHW UN Equity,Basic Materials,all,0.0044219229952431145,0.2295101504370151,1.025065744533505,-7.202216031542682e-16,0.06743281640200735,3.774693120283236,-0.5874676843873741,1.2334772803390461,7,0.4473049223473346
1993-12-31,UEP UN Equity,CEG UN Equity,Utilities,all,0.000695381689128957,0.4030386419749948,1.0201963212070324,7.002945232250987e-16,0.026352796226008123,3.4034412959762315,-0.6515213754101276,1.0334644427605193,6,0.3844380702753456
1993-12-31,PCG UN Equity,XEL UN Equity,Utilities,all,0.0008134399857298366,0.3813732199682877,1.0104957776375676,-1.2383256813126745e-15,0.031229268706444307,4.184432714991369,0.5501000168383816,1.3121569607258314,8,0.42177233490418564
1993-12-31,3054Q UN Equity,USW UN Equity,Communications,all,0.0009495207207988697,-0.369338549173718,1.0180882432001175,-1.1586173615959967e-15,0.03499906890245082,3.195464707309322,0.23753620071520376,1.3873026081857913,7,0.21489749286251997
1993-12-31,210967Q UN Equity,571300Q UN Equity,Communications,all,0.0009691629232564885,0.38106230781147665,0.9444414846969076,1.7393494052460785e-15,0.03374540290031224,3.644784230409823,0.4003855074197475,1.3659615062649644,5,0.46224408827740837
1993-12-31,D UN Equity,1005945D US Equity,Utilities,all,0.0013934146302279021,-0.432543592827934,1.1083404320472612,-2.6474549048753733e-16,0.04611253016746479,6.601829257422802,0.31088484776014724,1.6739229547201768,1,0.776054794108871
1993-12-31,45200Q UN Equity,ED UN Equity,Utilities,all,0.0014020822582937974,0.24339715176445112,0.9073829164110058,1.2383256813126745e-15,0.031595296803256595,4.093852260186535,-0.5870974025795218,0.5864299639596642,3,0.9707994341370024
1993-12-31,TXU US Equity,0961514D UN Equity,Utilities,all,0.0014900966188364307,0.7770970981890808,0.6817369347402494,-5.095639010459051e-16,0.030561547330522115,4.4667694946016585,-1.0617699317163793,0.7966209790711475,8,0.8891462045318131
1993-12-31,EIX UN Equity,DTE UN Equity,Utilities,all,0.0015403383223811554,-0.45517046027031055,1.0199780552269357,1.4347497549002023e-15,0.03861512040630877,3.8463189789763,-0.0378415368835428,1.0134267127369523,6,-0.2488210898847985
1993-12-31,896661Q UN Equity,IP UN Equity,Basic Materials,all,0.0018267185171912327,0.43115638723964306,0.9704018991065382,6.148927521000867e-16,0.0355368313934391,3.1131099706126055,0.20752401018802447,0.7309403846459868,6,0.22094738589788698
1993-12-31,HSH UN Equity,3517233Q UN Equity,"Consumer, Non-cyclical",all,0.0019199971176154964,-0.09683085534815175,0.9894785382837457,2.9605947323337506e-16,0.05945063391173742,3.5515024676317335,0.9433084756443325,1.9034205647417242,6,1.286961040456492
1993-12-31,EMR UN Equity,ITW UN Equity,Industrial,all,0.0020953412568205537,0.7389224907431565,0.8692122765222446,1.6681812626419019e-15,0.04211896791141168,2.8183819787412836,0.2150186266837949,0.8163763776504843,8,0.017898409922887937
1993-12-31,UCL UN Equity,8375930Q UN Equity,Energy,all,0.002221781469901316,0.5665874857187629,0.8181506426361663,1.6511009084168995e-16,0.049322006539796626,2.999534985086228,-0.48418684286712604,1.4622866865836288,7,0.5141882770256445
1993-12-31,AA UN Equity,DOW UN Equity,Basic Materials,all,0.002357835701332444,0.6395057372094546,0.7938163611306263,-1.004894173570975e-15,0.04380870382582806,2.8219019890173946,-0.061508247966929545,0.8883381154695295,9,-0.2700889042360419
1993-12-31,SO UN Equity,ETR UN Equity,Utilities,all,0.00239112643033373,-1.0949128018091383,1.0160271401926655,3.102931017542104e-16,0.03406316820678574,3.8778080854503485,-0.4623210248227604,0.7280780474992204,9,0.32966805325126475
1993-12-31,FNMA UN Equity,3621240Q UN Equity,Financial,all,0.002458857321342869,-0.6418791959119868,1.0445966756281415,1.8219044506669234e-15,0.05464374318964361,3.5663872032334654,1.1679037588039043,1.0590344859647456,6,0.9252613895433306
1993-12-31,399463Q UN Equity,3277Q US Equity,Financial,all,0.002708588467390097,-0.7989646306763611,1.201183450291798,4.839433697084016e-17,0.04261727645746072,2.3316015922876043,0.7467297853307616,0.6075964539801273,6,0.9449741297173839
1993-12-31,XOM UN Equity,3891289Q UN Equity,Energy,all,0.0027158203011145294,0.885366151769656,0.5226911302784852,-1.708035422500241e-17,0.04252082272972055,9.705318974958226,0.6064730400429363,0.7696893487325238,3,0.7182413287869637
1993-12-31,JNJ UN Equity,3393199Q UN Equity,"Consumer, Non-cyclical",all,0.0032011632295634654,-0.25947617374011156,1.051473858342785,6.604403633667598e-16,0.05687859146659627,4.1471093185994965,-1.30434719348225,1.3906129066107602,9,1.1840917834471139
1993-12-31,1530Q UN Equity,1621582D UN Equity,Basic Materials,all,0.0032817472019743116,0.3931314188111151,0.64261943133156,5.408778837917429e-17,0.06018293952442754,4.876588655518673,0.6306273444503656,1.4451053845739672,9,0.5488095938564768
1993-12-31,DD UN Equity,1051665D UN Equity,Basic Materials,all,0.0035412640314510012,0.520584708746109,0.821696935162278,2.226139500658647e-15,0.06564081503764875,6.783973165074806,1.1831170334191645,1.1438055075522242,10,0.8174779010423598
1994-07-01,NMK UN Equity,45200Q UN Equity,Utilities,all,0.0011042826966717316,-0.27682822822928194,0.9736327201039867,8.597111626584546e-16,0.04049386439288504,5.387521723790572,1.129896687855131,1.3010743595678702,6,1.0930870414538425
1994-07-01,VZ UN Equity,USW UN Equity,Communications,all,0.0012563218303352501,-0.1464491159177558,1.0346200441459015,-1.374968515112694e-15,0.03174315265649323,2.3921352492881556,0.514737984646827,0.7931660561699462,13,0.09646066143158671
1994-07-01,DUK UN Equity,D UN Equity,Utilities,all,0.0014680075217711668,0.33435026414860936,1.0411001724405438,-4.298555813292273e-16,0.02700534847729716,3.695362320133721,0.5356535099447053,1.2607833051527744,8,0.3673867085070468
1994-07-01,GE UN Equity,DOV UN Equity,Industrial,all,0.0018793511968838242,0.3621564262862455,0.7781871494012778,1.1216099274418248e-15,0.05031506087950833,5.716356039175572,-0.8890112123552018,1.6503779543247787,1,1.3400155372638543
1994-07-01,TXU US Equity,CNP UN Equity,Utilities,all,0.001994793212844099,0.6359701286468622,0.8357469359278271,-1.5713925887002215e-15,0.05187023312683478,8.718682757231724,0.43550136102692505,1.5062879750129552,7,0.4951496905928035
1994-07-01,AA UN Equity,DOW UN Equity,Basic Materials,all,0.002173777458435438,1.1275605780755944,0.6241994494261436,1.2810265668751805e-16,0.04650252099786085,3.9316917224435235,-1.0643012961610065,1.252518745998493,11,0.7394578168909511
1994-07-01,PEG UN Equity,CEG UN Equity,Utilities,all,0.002404046533984086,-0.4799258497062894,1.01147010605175,-5.86425495058416e-16,0.039869510405617876,9.119976815690887,-0.20439062739845662,1.1037924167846433,3,0.1531425292990483
1994-07-01,LK UN Equity,RTN UN Equity,Industrial,all,0.002706261847239611,0.9114180999787623,0.9472291669095669,-7.088347003376e-16,0.04775682138246367,3.933014028459746,-1.1088794604930523,1.4349897744453959,4,1.2700371838572242
1994-07-01,1005945D US Equity,NEE UN Equity,Utilities,all,0.0027743040293758798,-0.9876720216068309,1.4062298524035444,-5.664984151292465e-16,0.04448716547753085,4.155497232712696,-0.3739179505373995,0.9484616901805468,8,0.02683183085942692
1994-07-01,XOM UN Equity,677004Q UN Equity,Energy,all,0.002836454093472746,-0.10574922892146235,0.8252898526740657,-7.856962943501108e-16,0.03413989374193306,5.265744731139919,0.33993326981806365,0.7168022006014398,13,0.022888617108701603
1994-07-01,FFB UN Equity,2638Q UN Equity,Financial,all,0.0031197105646498693,0.5839142778588898,1.0426837815714234,-4.526293869625638e-16,0.049372459582108744,2.589312935388921,0.29423659425850823,0.6518795521972645,6,0.42213206427353556
1994-07-01,SO UN Equity,EXC UN Equity,Utilities,all,0.0031738122342502987,-0.6696753766973769,1.1926365504695926,4.4124248414589556e-16,0.04893835423138359,4.996794346275749,0.48437115414557713,1.5772686653372754,9,0.4900658124462705
1994-07-01,FNMA UN Equity,STI UN Equity,Financial,all,0.003219500573047531,-0.3587786706521554,1.0729252049488933,3.7861451865422004e-16,0.048430671383187456,3.094462289362674,0.9521304038774204,0.6447275159814375,6,1.0910579111661267
1994-07-01,896661Q UN Equity,1051665D UN Equity,Basic Materials,all,0.003277590063003121,2.143077694986494,0.5350536631973758,9.963539964584739e-17,0.05575557955305424,5.812399592961915,0.5342297228967583,1.1918090792398028,1,0.6597021102886004
1994-07-01,ED UN Equity,0961514D UN Equity,Utilities,all,0.003383398119499764,0.13926064831685966,0.9870091110846677,-5.807320436500819e-16,0.04794316549805666,7.6895413471573795,0.1024018652117214,0.5610351805265544,9,0.23037353025136115
1994-07-01,CVX UN Equity,3891289Q UN Equity,Energy,all,0.003429611469451342,-1.2227509688082447,1.1794499112336028,2.9036602182504095e-16,0.05144150789432875,8.55109261150911,-0.19987224373141735,0.861800943112161,7,-0.0013967968191289648
1994-07-01,EMR UN Equity,611647Q UN Equity,Industrial,all,0.003448720132014438,-0.46130722285634157,0.9080969762163744,-4.2131540421672605e-16,0.056162892119944866,5.889714197325436,1.101710921909091,0.7053580867111408,3,1.3007606026159357
1994-07-01,3393199Q UN Equity,GIS UN Equity,"Consumer, Non-cyclical",all,0.0035466578113467987,1.5909323586270867,0.3772457604789212,-5.807320436500819e-16,0.06264450051722656,12.136285495539385,-0.5864543188663691,1.9542007771987984,1,1.2064356191012826
1994-07-01,LLY UN Equity,BMY UN Equity,"Consumer, Non-cyclical",all,0.00376481666414453,-0.12112450150508745,1.0365825130231494,-1.13584355596266e-15,0.06825178439425703,7.315146196601238,0.952277352419138,1.3932284530103545,3,1.1339010344954663
1994-07-01,9876566D UN Equity,MMC UN Equity,Financial,all,0.0037850592733117768,-0.6846845388457202,1.3894955324110734,-1.3977423207460304e-15,0.04842727279987265,3.634650727385413,0.6051234062140504,1.2771520496883715,3,0.6997560440608289
1994-12-30,D UN Equity,EXC UN Equity,Utilities,all,0.00118317777739354,0.4302059059504077,0.9856840196654153,1.004894173570975e-15,0.03694137559560422,3.792731182441961,-0.5813883042545409,1.248665164697393,11,0.2534634167491365
1994-12-30,XOM UN Equity,677004Q UN Equity,Energy,all,0.0015282731996437591,-0.36165266967832926,0.9005160799540725,-8.483242598417863e-16,0.03025744827799212,4.189650439527359,-0.91316522745378,0.9099540099887273,7,0.6575264466760591
1994-12-30,T UN Equity,3054Q UN Equity,Communications,all,0.0015284020631772363,-0.294836575350392,1.1043807775704848,-8.824849682917911e-16,0.038538017559910175,3.1626895293227464,0.4670117913606903,1.267276005924098,5,0.4538815110624468
1994-12-30,UEP UN Equity,AEP UN Equity,Utilities,all,0.0016260125769606627,0.33757122736745304,0.9323211826544916,-1.8532184334127614e-15,0.02780091934954448,2.8808436920592757,-0.06430176147563431,0.7585405015163851,16,-0.4593391537627164
1994-12-30,210967Q UN Equity,571300Q UN Equity,Communications,all,0.0016473744898836491,0.4420485422500422,0.9270026376703245,6.291263806209221e-16,0.03568759674719528,3.2667053141225004,-0.34705210571782175,1.2032287541492135,9,0.08206067770854958
1994-12-30,SO UN Equity,DUK UN Equity,Utilities,all,0.0017231455488031248,-1.3876987771433265,1.1034558654007618,8.682513397709557e-16,0.03136558280125003,3.704823935285874,-0.3049137309529612,1.5114881878943038,5,0.46800845133631697
1994-12-30,0961514D UN Equity,PEG UN Equity,Utilities,all,0.0021237815579483754,0.7989649923470924,0.938878596164614,-1.2269387784960063e-15,0.03702558138686167,5.585655088701462,0.2971352998622919,1.391648602257526,2,0.527624388999001
1994-12-30,CEG UN Equity,XEL UN Equity,Utilities,all,0.002221955070440933,-0.6478673982723729,1.2377919538035733,8.3978408272928505e-16,0.0442415572411099,7.980978528589777,-0.18780095283521786,1.6376508567948336,5,0.43106376340604324
1994-12-30,CIN UN Equity,NEE UN Equity,Utilities,all,0.0023781660794322344,0.5803444222556565,0.9139367079016828,8.682513397709557e-16,0.038697956185582055,4.915309154109094,0.23719955226333753,1.0438441564728222,9,-0.1698902448280724
1994-12-30,AA UN Equity,DOW UN Equity,Basic Materials,all,0.002429867639731698,1.083355739534247,0.6422181152515928,8.36937357025118e-16,0.04508449100685509,3.7582236369999062,-0.36698404812198876,1.3056645326982215,13,-0.01630382025368715
1994-12-30,FNMA UN Equity,STI UN Equity,Financial,all,0.0026196070536683574,-0.12838433820430287,0.9929893130310778,5.095639010459051e-16,0.06155196927184548,8.362866897152092,-0.7041308788575347,1.6704013074740123,12,0.6171947802945006
1994-12-30,HSH UN Equity,HNZ UN Equity,"Consumer, Non-cyclical",all,0.0026268291610502667,-0.6617650870910173,1.2428188697004172,2.6559950819878745e-15,0.04796601698765669,2.7387322613355978,-1.2752436097577144,1.1368837819896251,6,1.1035346046928953
1994-12-30,TXU US Equity,CNP UN Equity,Utilities,all,0.002797139743824781,0.2429737818175293,0.9703539144279629,-8.511709855459534e-16,0.05474983922615238,7.403705789045829,0.7029207890952828,1.415983792459941,4,0.8507453382984382
1994-12-30,693365Q UN Equity,BLS UN Equity,Communications,all,0.002810787941908729,0.19286401065807984,1.2061770536854144,-7.686159401251084e-16,0.06054357166215279,5.088306991866776,1.2706542391680105,1.2488764202151363,2,1.3928985224339945
1994-12-30,9876566D UN Equity,MMC UN Equity,Financial,all,0.0028486780897575598,-0.2884507166993474,1.239727929480618,-4.497826612583967e-16,0.049761395524116174,5.444446280566634,-0.5905813779692015,1.2530581312270774,6,0.5161684464439146
1994-12-30,FFB UN Equity,2638Q UN Equity,Financial,all,0.003016553949357651,0.7929304080767706,0.9758399420418467,8.027766485751132e-16,0.05435783031827847,4.1547160796372085,0.3027462089359526,1.0440134329690278,4,0.14581856514219338
1994-12-30,2196Q UN Equity,BAC UN Equity,Financial,all,0.003125187159898888,1.155067028033035,0.780943060839995,1.3322676295501878e-15,0.04500104086287812,3.616640226213191,-1.0210327001724973,0.8163530458882724,3,1.0739410634835571
1994-12-30,JNJ UN Equity,ABT UN Equity,"Consumer, Non-cyclical",all,0.003206939973013708,0.38027899857851283,1.0982877586228097,1.209858424271004e-15,0.05994845499904681,5.397521470138253,-0.4559478983752634,1.4646829446231198,1,0.7875866973696171
1994-12-30,EMR UN Equity,611647Q UN Equity,Industrial,all,0.0034428473280698597,0.786427231879249,0.5419202217604211,8.170102770959485e-16,0.05800963352954878,9.067400864622764,0.20442350290840913,1.1829401341704322,3,0.22242648152733258
1994-12-30,TMC UN Equity,KRI UN Equity,Communications,all,0.003485940201975857,1.4467379478241136,0.5005187525507054,1.1130697503293236e-15,0.05402248726960119,3.9592372740024366,0.5789172359282568,1.0731234334137862,7,0.2994907287610679
1995-06-30,UEP UN Equity,NEE UN Equity,Utilities,all,0.001099243483540069,1.1542415269636885,0.8535026697356746,-3.700743415417188e-17,0.03681350237773387,7.210569984149306,-0.20420005701923802,1.5274204092739807,3,0.4777803625037106
1995-06-30,EXC UN Equity,CEG UN Equity,Utilities,all,0.0011895401962277287,-0.9109578131454618,1.1132308241742555,-2.562053133750361e-16,0.04109901904128057,4.477256238056205,-1.2259963584054105,1.230461476078469,3,1.2833856412295255
1995-06-30,677004Q UN Equity,XOM UN Equity,Energy,all,0.0012370189519245402,1.8045310599926783,0.5986662751978149,-9.365727566709654e-16,0.024633619457418935,4.017542521297263,0.13026233394698541,0.8168537377828285,13,-0.3174424423826273
1995-06-30,DUK UN Equity,SO UN Equity,Utilities,all,0.0013028755553490955,1.3967337793261925,0.8480416408262234,-1.542925331658551e-15,0.026781211437307186,3.5428657010656908,0.8674838953311761,1.656213186512267,10,0.8720176788250862
1995-06-30,CIN UN Equity,D UN Equity,Utilities,all,0.0013892692532483943,1.0714981204489726,0.7122955253970248,-1.1557706358918297e-15,0.0468646726136645,12.08905848618003,1.140439900882836,1.6316277840028115,9,1.18001805788434
1995-06-30,FFB UN Equity,2638Q UN Equity,Financial,all,0.001941422802152479,0.7838111154437154,0.9830406936639852,-2.9890619893754217e-16,0.05368997527432559,5.362070454307006,0.936895207584669,1.4387506839179272,8,0.9006703639941515
1995-06-30,9876566D UN Equity,MMC UN Equity,Financial,all,0.0020013978903723343,0.5090821819359569,0.9444026167977458,-2.277380563333654e-16,0.050741096991839846,8.14687847034013,-0.012046625408399425,1.4873024871621197,7,0.05901069329002001
1995-06-30,UCM UN Equity,AEP UN Equity,Utilities,all,0.002005144159400116,-0.19308779768695242,0.9788907962760959,-2.3200814488961605e-15,0.0471982329093725,4.5757655557458365,-0.6162717708246692,1.0986581959062567,6,0.4103613841372813
1995-06-30,BMY UN Equity,WYE UN Equity,"Consumer, Non-cyclical",all,0.002056049114580382,0.3628521355375569,0.8216793401490862,7.287617802667694e-16,0.0364689806113705,3.9249002787417324,-0.700688135305519,1.506359922671428,11,0.5603842286067757
1995-06-30,FBF UN Equity,NCC UN Equity,Financial,all,0.002081803212790658,0.6124917412006455,0.8615426926449559,-3.586874387250506e-16,0.06087387448997434,5.101834178516872,-0.942926432353395,1.7807847311914804,3,1.369980559727007
1995-06-30,ED UN Equity,PGL UN Equity,Utilities,all,0.0023505562028072495,-0.09009982307588084,1.042420805870739,1.423362852083534e-15,0.058698939724285915,5.0915857152572865,-0.022208048984910838,1.6501598414800591,8,0.12308020582973178
1995-06-30,T UN Equity,3054Q UN Equity,Communications,all,0.002428790197754979,0.03221587466596533,0.9927841223415258,-1.708035422500241e-17,0.03986128735693034,3.5247338431880224,-0.1465922781517135,1.0125991004648511,7,-0.19088732963704855
1995-06-30,IP UN Equity,AA UN Equity,Basic Materials,all,0.002806787345034483,1.2777801589381157,0.7388159496424686,-1.2810265668751805e-16,0.0372646205310601,3.0476723329605866,0.20095153506090585,0.6349729678631328,11,0.10512438635077093
1995-06-30,2196Q UN Equity,BAC UN Equity,Financial,all,0.002835762605672603,0.953075728198637,0.8623958229384554,1.8247511763710904e-15,0.045731870200958286,4.04342819567226,0.05362323204087873,1.0206066341628441,5,-0.175979578074975
1995-06-30,UCL UN Equity,HES UN Equity,Energy,all,0.0028430488480603758,1.2459829641180018,0.7440849077306956,2.4908849911461844e-15,0.04376451577969716,4.271812709580382,0.5481546792389681,0.5185218678134578,6,0.9049277562943743
1995-06-30,45200Q UN Equity,PCG UN Equity,Utilities,all,0.002944079754260835,0.21352647369748273,0.9105364360656298,3.586874387250506e-16,0.04273907616220537,4.31030340536697,0.9844895731528153,1.0100993026224159,4,0.7945382186010796
1995-06-30,ROH UN Equity,896661Q UN Equity,Basic Materials,all,0.0029820122391825588,1.3122911544800144,0.42267318540672616,3.6722761583755176e-16,0.05093629855068424,5.794841152720817,-0.24171681631268713,1.5125686485115586,7,0.3055261136512262
1995-06-30,CL UN Equity,CPB UN Equity,"Consumer, Non-cyclical",all,0.00302458028731499,-0.6436591110080989,0.8876901486979476,1.2952601953960159e-15,0.049799897913857756,4.783326400110133,0.3537321754020164,0.8817289448277951,16,-0.3203972356011936
1995-06-30,231079Q UN Equity,929530Q UN Equity,Energy,all,0.0031027451471566016,0.35670070899181944,0.9504465561500015,-1.3607348865918586e-15,0.04752425229390014,4.455652064003785,0.014263240748889771,0.5972972533099722,13,-0.12039638148665233
1995-06-30,GE UN Equity,EMR UN Equity,Industrial,all,0.003277173050095534,-1.3875274520479597,1.2835126940197445,-1.6952251568314891e-15,0.0436182238038487,3.9683066597707803,-0.3873656358316014,0.5262032233159325,9,0.5794334205783935
1995-12-29,AEP UN Equity,UEP UN Equity,Utilities,all,0.0008110129533902887,-0.08076436128038064,0.9980337310022186,-1.1415370073709944e-15,0.0325644042920647,4.2658505486094,1.3637093579993753,1.141199156653409,8,1.0957889593564931
1995-12-29,1005945D US Equity,DTE UN Equity,Utilities,all,0.000919980636661069,-0.150974464384214,0.9445269058295583,1.7478895823585797e-15,0.031115980039069555,3.2063171065506677,0.3399507134957308,1.112479004944992,12,-0.15345842358364647
1995-12-29,2638Q UN Equity,MEL UN Equity,Financial,all,0.001684693945643037,1.0714277503323726,0.9063440717765578,4.58322838370898e-16,0.04783398806013671,4.932777947462721,0.8016769769095067,1.462475116802968,14,0.48180726273682206
1995-12-29,2196Q UN Equity,BAC UN Equity,Financial,all,0.001761301177038445,0.6459557457062238,0.9827375318886769,9.963539964584739e-17,0.04314247057138012,3.906255907826545,0.731705997157014,0.899105074244723,7,0.48806136947096385
1995-12-29,CEG UN Equity,SO UN Equity,Utilities,all,0.001793408525845869,1.207137147855162,0.7822895362383118,6.148927521000867e-16,0.03504247620062792,4.192642979550867,-0.6238893591466559,0.7252523052825053,9,0.4951250365283943
1995-12-29,CIN UN Equity,NEE UN Equity,Utilities,all,0.0018458051798586018,0.6293718582692986,0.8963880687326846,-3.8715469576672126e-16,0.033870018459502785,4.099919151458491,-0.8800545201161409,0.4954961467337594,2,1.4822502218796443
1995-12-29,USW UN Equity,VZ UN Equity,Communications,all,0.0018805990407092942,-0.5764435988411993,1.18157490443181,6.291263806209221e-16,0.039256483595492164,3.544735278717557,-0.3840441280088926,1.0073291371952116,7,0.0413465375921962
1995-12-29,HON UN Equity,GE UN Equity,Industrial,all,0.001938762950927236,0.8730794741008467,0.931532407194162,-8.283971799126168e-16,0.041203785648445866,3.2293256683733738,-0.41439829330422207,1.2252820297342155,4,0.4175693391568935
1995-12-29,T UN Equity,3054Q UN Equity,Communications,all,0.002020215304775874,0.21322066012176294,0.9346589225851872,-3.188332788667116e-16,0.03859790610434435,3.0261454669508154,0.1330576405761538,0.8711299506112036,9,-0.17897824319323058
1995-12-29,PEG UN Equity,PGL UN Equity,Utilities,all,0.002330943049105545,-0.30229844092452035,0.8943398826326675,-4.839433697084015e-16,0.04766370296456576,4.326846343440673,0.34410527887672393,1.1069273537432267,6,0.1456933060083162
1995-12-29,90457Q UN Equity,RNB US Equity,Financial,all,0.0023454327937281532,0.7612198449809258,0.7735079030126844,1.4489833834210376e-15,0.04383261490130268,4.888210978960504,-1.3558527269712428,1.1105331158867486,4,1.2606929115784182
1995-12-29,IP UN Equity,896661Q UN Equity,Basic Materials,all,0.0023807998117551413,-0.36237301258144955,1.0134463550458932,-1.3151872753251855e-15,0.03574237265820252,3.191244414774765,-0.6618745641144912,1.1299456822694753,10,0.2840441268953242
1995-12-29,SLB UN Equity,0544749D UN Equity,Energy,all,0.0025326703440552126,0.2530111142203079,0.7387806887977498,1.423362852083534e-17,0.04373799503120163,3.661968148502129,-0.9709598258489879,0.789398652624745,6,0.9074436484384625
1995-12-29,K UN Equity,HNZ UN Equity,"Consumer, Non-cyclical",all,0.0025875379809182576,0.1739904308109609,1.0202451490228142,3.80607226647137e-15,0.051144424934972545,4.152188715406084,0.7040352712525313,1.2064397494294825,6,0.5917089377789341
1995-12-29,231079Q UN Equity,929530Q UN Equity,Energy,all,0.002703102751877034,-0.13906210229823557,1.1051720374192688,2.749937030225388e-15,0.06721078057965962,7.242782271299683,-1.268100857572556,1.474826431917563,8,1.2566411671640676
1995-12-29,DD UN Equity,PPG UN Equity,Basic Materials,all,0.0027765614384149422,-0.2711896850803196,1.2077704790699368,7.259150545626023e-16,0.05691271758492459,3.768902709698668,0.8758910715377213,1.1587497040972978,10,0.5232326540719037
1995-12-29,MMM UN Equity,EMR UN Equity,Industrial,all,0.002922730778955044,1.8260767436612748,0.5239157898692709,3.5014726161254936e-16,0.04300222037431,5.262692620441628,0.7835708241269983,1.2533537020198264,7,0.6593937443401994
1995-12-29,TXU US Equity,ED UN Equity,Utilities,all,0.003006228524009983,-1.2065447729034338,1.2156946668396342,-3.0459965034587626e-15,0.050959708121990493,5.402131227613759,-1.1221169262023665,0.9445239793473139,2,1.079191130161499
1995-12-29,CL UN Equity,UN UN Equity,"Consumer, Non-cyclical",all,0.003037293290495236,-0.4712496180835457,1.0534081926064371,-1.3493479837751902e-15,0.05139162431736621,3.750064857987973,0.5956643832786918,0.9170409214277816,15,-0.06773243433014275
1995-12-29,HES UN Equity,UCL UN Equity,Energy,all,0.003060491356514399,0.4019565379009537,0.716682886167926,-7.202216031542682e-16,0.040420154342516876,4.132134029304151,-0.40845892841554055,0.6170945756686849,9,0.44119191214545034
1996-06-28,1005945D US Equity,DTE UN Equity,Utilities,all,0.000956142155300039,0.0103942751785036,0.895928937753245,1.0817557675834858e-16,0.03590449065130101,4.308645230105875,-0.9482674722219487,1.6555146125715159,4,1.2523793768698346
1996-06-28,CIN UN Equity,AEP UN Equity,Utilities,all,0.0012743118070677323,-0.10774405006686744,0.9450177150672798,2.7698641101545572e-15,0.03359273379577477,4.725418500901472,0.2619058090969144,0.8465345673303069,4,0.22851005174562833
1996-06-28,KRI UN Equity,TGNA UN Equity,Communications,all,0.0013187842746453459,0.8491993695545038,0.9487985243424762,-1.79628391932942e-15,0.03143696813859391,3.8809939538895675,0.42402381715032855,0.751730478436921,14,0.009401242759408013
1996-06-28,IP UN Equity,896661Q UN Equity,Basic Materials,all,0.0015044254896389114,-0.27502970594557413,0.9936997835664027,2.2517600319961507e-15,0.04023095759443538,3.751804212645526,0.058394964057289896,1.399449440280067,7,0.04447386638990347
1996-06-28,PPW US Equity,XEL UN Equity,Utilities,all,0.0016516100130184175,0.07386670471544703,0.9201986320248264,1.708035422500241e-17,0.03480776061641132,5.294636121292827,0.19944847278317,0.7564214321093707,11,-0.0713949189768801
1996-06-28,NEE UN Equity,CEG UN Equity,Utilities,all,0.0017449367175580608,-1.5610828325114707,1.399100736392821,-2.675922161917044e-16,0.036796482242062487,3.3598098501866445,1.0130347256796346,0.6732014604000083,2,1.3087453730069978
1996-06-28,SO UN Equity,DUK UN Equity,Utilities,all,0.0017463991569907878,-0.38356947732848024,0.8209037297350255,-1.3920488693376963e-15,0.036418812514992745,5.707601898286496,-0.34383804049769195,1.5914216012962232,3,0.6584657461360153
1996-06-28,2196Q UN Equity,BAC UN Equity,Financial,all,0.0017586702991933224,0.4027577919059324,1.0760121049250844,-4.896368211167357e-16,0.04206257700422347,3.963618969418508,1.0205595458903056,0.9411884584407626,6,0.7811714306945463
1996-06-28,XOM UN Equity,677004Q UN Equity,Energy,all,0.001955736672150449,-0.8192538782229006,1.0378278966828793,-1.8219044506669235e-16,0.04641139850863862,9.831728434181121,1.0065681375980637,1.9959970171917536,4,1.4977118210933102
1996-06-28,WYE UN Equity,BMY UN Equity,"Consumer, Non-cyclical",all,0.0019668431341550922,-0.4646132769365139,1.231025866310717,2.0211752499586182e-15,0.04043275367938505,3.4735877994780022,0.20058829206031986,1.285652606290772,10,-0.04814525369446476
1996-06-28,WFC UN Equity,1255173D UN Equity,Financial,all,0.002056130851392408,-1.373518374032506,1.0450414851890624,-6.590170005146763e-16,0.03866891004111642,2.3233770194919403,1.178132849789065,0.9200690903946579,6,0.961439363292786
1996-06-28,45200Q UN Equity,TXU US Equity,Utilities,all,0.002158700159618358,0.6057017843192702,0.9089253814317322,7.572290373084401e-16,0.04425445693454466,6.021058885360584,-0.012488564088885197,0.9708666873579741,3,-0.1079453216215508
1996-06-28,ENRNQ UN Equity,0544749D UN Equity,Energy,all,0.002353607758561264,0.5625391076495365,0.7005363097229195,-1.1956247957501685e-16,0.04445021287365767,2.9130616707090207,-0.7270345780865822,1.333350422872491,16,0.21472946761059242
1996-06-28,GDW UN Equity,FNMA UN Equity,Financial,all,0.0023665792407127693,-0.09521053476939101,0.6671003108164122,-5.337610695313252e-16,0.051155841980878636,5.441005370492407,-1.3899211145397652,1.6475528396568713,5,1.639212174049335
1996-06-28,D UN Equity,EXC UN Equity,Utilities,all,0.0024460814288229413,0.6852078846782972,0.878693863368417,4.867900954125687e-16,0.054833952275979925,11.622945555925073,-0.9182824088018681,1.5684087122553385,1,1.3183439550907134
1996-06-28,HSH UN Equity,HNZ UN Equity,"Consumer, Non-cyclical",all,0.00267117948602925,0.24230084529923024,0.9447795907362871,1.716575599612742e-15,0.04494190334914973,3.189099316976815,-0.173901307297881,0.5085816683383004,13,0.2000307773188863
1996-06-28,HES UN Equity,UCL UN Equity,Energy,all,0.002686769199200715,-0.37246462234983074,0.9479663413484791,1.8503717077085944e-15,0.03695116789768797,3.0625469951516515,0.09933211244692743,0.857535902190681,11,-0.29697565517851454
1996-06-28,GPUI UN Equity,UEP UN Equity,Utilities,all,0.002908709569980415,-0.011553876032604202,0.9387819034363385,6.376665577334232e-16,0.04792767937978948,10.481427976064381,0.8676950045078355,0.5037969308955861,2,1.453277011500328
1996-06-28,2036Q UN Equity,MER UN Equity,Financial,all,0.002920341657494777,1.5004422474040142,0.8688545406513993,1.7877437422169187e-15,0.04871042603312535,4.403055981378119,-0.46541694231306396,1.0549424585165421,4,0.3189031660631603
1996-06-28,CL UN Equity,CPB UN Equity,"Consumer, Non-cyclical",all,0.003036115920203788,-0.012254173339017647,0.6775758609705518,-1.1244566531459918e-16,0.05371703579556718,5.082031843082819,-1.4266869873279415,1.381842954198201,1,1.700105069601385
1996-12-27,DTE UN Equity,SO UN Equity,Utilities,all,0.0008802366504723808,0.8140749120674133,0.9965621264998636,4.0423504999172366e-16,0.040645824670375134,4.747585447364483,-0.5168225590628901,1.935279296317463,2,1.0770742143108891
1996-12-27,KRI UN Equity,TGNA UN Equity,Communications,all,0.0010367758680280492,0.8080854517304135,0.9624854289936068,-5.750385922417478e-16,0.03178672212135283,3.7283354938362363,-0.3830578471148066,0.9452555422454255,10,-0.060642179915757155
1996-12-27,NEE UN Equity,0961514D UN Equity,Utilities,all,0.0012772715395299346,-0.23286133125264705,0.9342107623510398,1.6511009084168995e-15,0.03234722455826457,5.216327204275726,-1.064946378921773,1.0400734389883266,7,0.7542377039938266
1996-12-27,CEG UN Equity,DUK UN Equity,Utilities,all,0.0012995455673348378,0.6330359548726333,0.7154374944165095,-2.5819802136795306e-15,0.035140798090444535,4.646628393535388,-1.0626311857817612,0.9784940233289483,3,0.9343717859393202
1996-12-27,3346Q UN Equity,2223Q UN Equity,Financial,all,0.0012995674202578578,-2.8459093849279777,1.0615087575123925,3.0773104862046007e-15,0.041116081643171404,2.835579614955469,0.213242990588153,1.4271725701497444,5,0.318938253901316
1996-12-27,CIN UN Equity,AEP UN Equity,Utilities,all,0.0013930654272590536,-0.32200104764354054,1.0067140048792496,2.3798626886836687e-15,0.04136820191819033,6.896450460852047,-0.24500199783028903,1.315179780445764,6,0.21897536928323125
1996-12-27,3891289Q UN Equity,0544749D UN Equity,Energy,all,0.0014401227403201267,0.3153707507961381,1.0944467043853725,-1.9158463989044367e-15,0.039901604044137715,3.244922710801281,0.5797833133458753,1.3177816171885153,10,0.35573304312445453
1996-12-27,SLB UN Equity,BHI UN Equity,Energy,all,0.0014454841532407707,0.029170339026631496,0.8513515808621005,-7.11681426041767e-16,0.03770319957031382,3.0581685902239024,-1.2527920988964707,0.9143357854280427,7,0.9923494937738009
1996-12-27,1649858D UQ Equity,9876566D UN Equity,Financial,all,0.0017258709668978836,0.27373161404017526,1.0279221320117264,-2.27168711192532e-15,0.041849330644145234,3.1569762421506766,0.9042880127020784,0.948687686068467,6,0.6569636451646399
1996-12-27,BAC UN Equity,WFC UN Equity,Financial,all,0.0018141895391419899,0.3359552592963871,1.1976103435222352,9.109522253334617e-17,0.05019247029684565,3.839141095866195,0.8147555161522153,1.6438806707610518,9,0.8618152254565832
1996-12-27,41018Q US Equity,2428Q UN Equity,Financial,all,0.001887490770421779,0.4469166301521675,0.9030839613297177,4.497826612583967e-16,0.04291432084696895,3.831141930093865,-1.2347357326171078,1.2623732455410712,5,1.2177292101726827
1996-12-27,1255173D UN Equity,NCC UN Equity,Financial,all,0.0020052079246933806,0.3744207969641809,1.0490000935590378,5.949656721709172e-16,0.040620762484058,3.8231185166907324,1.496724176326862,0.9320238612380801,4,1.367121038764357
1996-12-27,EXC UN Equity,PEG UN Equity,Utilities,all,0.0020056177997763297,0.004636714677066034,0.9812898035939895,1.935773478833606e-15,0.04459210359099382,5.946940263573744,-0.6792792588445373,1.4366423677520317,3,0.8915879607513931
1996-12-27,300583Q UN Equity,UCL UN Equity,Energy,all,0.002376579801788001,1.8119023907545821,0.6505144395726877,-3.473005359083823e-16,0.03955724197337716,4.372506332144308,0.42022730952342047,0.5357959098737987,12,0.44422926510503924
1996-12-27,MEL UN Equity,2638Q UN Equity,Financial,all,0.002452699218971931,-0.9006662969103132,1.016340416127013,6.746739918875951e-16,0.04841527121986598,4.014974930244735,1.0802917765456208,0.7254438393508015,4,1.201263395778287
1996-12-27,UEP UN Equity,PPW US Equity,Utilities,all,0.002461212175339539,1.370789272629304,0.7604643160094778,-4.270088556250602e-16,0.03914232700292248,7.2166344476969,-0.7427759450702788,1.340335563201219,7,0.6856959479825864
1996-12-27,CSX UN Equity,NSC UN Equity,Industrial,all,0.0024619845736572896,-0.6592571303317165,0.815797588002425,3.4587717305629877e-16,0.05158362883680465,7.0237525928919995,-0.36683913264118734,1.3261616497921829,7,0.29912792481194345
1996-12-27,263179Q UN Equity,STI UN Equity,Financial,all,0.0025015494365320384,0.30904991979077834,0.9424052783434929,1.1273033788501589e-15,0.043986177824736176,5.815434229511864,-1.4141767179355011,1.1673216561035769,4,1.368888659743134
1996-12-27,3621240Q UN Equity,PNC UN Equity,Financial,all,0.0027346069015332236,-0.35553951809942613,1.113276513539281,1.3948955950418633e-16,0.05057842796110973,3.079117590475701,1.34259662103425,0.644679510420152,3,1.6315985897774463
1996-12-27,CGP UN Equity,0943554D UN Equity,Energy,all,0.002821309138946698,-0.3371547631823359,0.9920328739784426,-1.5372318802502167e-16,0.05189946517851192,3.6247310853351964,0.6062652716333119,1.187964287347783,8,0.37850643096685455
1997-06-27,CEG UN Equity,1005945D US Equity,Utilities,all,0.0013907050481133227,0.49052612723232,0.9012900161221948,5.124106267500722e-16,0.03939021603839103,5.836137399894693,1.4374036603008418,1.0712333063124388,4,1.3062142677369866
1997-06-27,HSH UN Equity,HNZ UN Equity,"Consumer, Non-cyclical",all,0.0014719665012982246,-0.03428056391528113,1.0285766314067053,-1.634020554191897e-15,0.042477284959705985,2.781274251536755,0.5665703140004841,1.2164115121950967,9,0.31247545492926826
1997-06-27,NEE UN Equity,AEP UN Equity,Utilities,all,0.0014824203175174864,-0.852532932300191,1.0664959171119388,-7.999299228709461e-16,0.03340729616953075,6.26676353399661,0.12362522379591073,0.5751902215858989,7,0.32667969654022794
1997-06-27,RDPL UN Equity,CVX UN Equity,Energy,all,0.0015060880364012052,0.05867697604871397,1.0572123784630105,2.755630481633722e-15,0.030485072750341895,2.73567113883373,0.8700159327890867,1.094032289506369,6,0.6598861514414032
1997-06-27,USW UN Equity,BLS UN Equity,Communications,all,0.0016390329913663173,0.6185754229034931,0.9466667769101488,-1.0959893961043213e-15,0.03913362644015427,3.150789124523174,-0.7713307726005981,0.9391362379334446,15,0.08412549457773755
1997-06-27,WFC UN Equity,1255173D UN Equity,Financial,all,0.001647203858383401,-1.343458147838274,1.033974954802907,-1.4674871004981235e-15,0.04083922819043524,3.5448745541537323,-0.8997602755224736,1.1966413894950432,8,0.6792790661468143
1997-06-27,1649858D UQ Equity,9876566D UN Equity,Financial,all,0.0016532960248871117,0.35023710801730645,1.0020330730173577,1.750736308062747e-15,0.04037209900001839,2.643517451976028,0.5567644929651733,0.9267866394799168,14,-0.06720360475378406
1997-06-27,134618Q UN Equity,TRV UN Equity,Financial,all,0.0016569080093851729,2.268003850905327,0.8174781181977929,1.9016127703836014e-15,0.044395170573160045,3.897653051029596,-0.5520861844091651,1.7546036772513978,7,0.7643291908967274
1997-06-27,MRK UN Equity,JNJ UN Equity,"Consumer, Non-cyclical",all,0.0021395081933022445,0.02974447121361605,1.0912811009133323,8.654046140667887e-16,0.05857214452350372,5.778283340035637,0.9949895161834117,1.656942633456105,1,1.4499636333019754
1997-06-27,BHI UN Equity,SLB UN Equity,Energy,all,0.002331456730855614,0.36514892459541254,1.024108596635112,-1.5372318802502167e-16,0.05419365537542535,5.136051950839409,-0.6936133373403452,1.6761445620125288,3,1.0601095898646449
1997-06-27,BAC UN Equity,CMA UN Equity,Financial,all,0.002341325747501947,-0.5573047536449492,1.0561510259815157,4.497826612583967e-16,0.053988203147724276,4.417027448800752,0.13223333295938375,1.350445547578346,4,0.23266790620328998
1997-06-27,SO UN Equity,UEP UN Equity,Utilities,all,0.00238722160736069,-1.558235209264393,1.1432447013300024,7.97083197166779e-17,0.0362727231528068,4.501688764694963,0.2428211532804131,0.6298734557482594,16,-0.09494250305552321
1997-06-27,CLX UN Equity,1028411Q UN Equity,"Consumer, Non-cyclical",all,0.0024401858841581214,-0.07942410090581879,0.9293632995094968,-3.985415985833895e-17,0.047565866019860466,4.319439331013176,-0.731139872732115,0.8778970368698222,10,0.36136583503573794
1997-06-27,CGP UN Equity,677004Q UN Equity,Energy,all,0.0026839734070052833,-0.741212559433689,0.9926430995497427,4.4124248414589556e-16,0.04937819368635193,4.29741477066619,-0.595727298860633,0.8769704764515942,9,0.27700925028855855
1997-06-27,PEG UN Equity,D UN Equity,Utilities,all,0.0026905818667216867,0.17095921672451742,0.8313524540140955,-1.7706633879919163e-15,0.04005227438543321,4.876862376854556,-0.755995249983494,0.6106217159364996,6,0.9492728843832519
1997-06-27,COP UN Equity,300583Q UN Equity,Energy,all,0.0026979799651172896,-1.4961309182565712,1.0180801751688795,1.1102230246251565e-15,0.058816912412174314,8.51786806492895,0.5081290301091842,1.2937835058259062,5,0.5156999060282959
1997-06-27,KEY UN Equity,FBF UN Equity,Financial,all,0.0027693304293797383,-0.5146520688167048,1.1297399112640425,-1.836138079187759e-15,0.0556812346765131,4.244297460377281,0.08510783809479261,1.4607911871395156,4,0.26408603603504904
1997-06-27,MEL UN Equity,2638Q UN Equity,Financial,all,0.002850516117517154,-0.8232708275992487,0.9922600483649078,-6.547469119584257e-16,0.049120639355593756,4.127028901736301,-0.6541007236027108,0.8807267991325923,9,0.33110852788180184
1997-06-27,TXU US Equity,PPW US Equity,Utilities,all,0.002866038790203374,-0.6073506981513541,1.1803258765997637,1.7023419710919068e-15,0.06197623955890468,14.615720121957535,-0.3037826011083629,1.5668903481296879,8,0.35287558636675687
1997-06-27,2428Q UN Equity,NCC UN Equity,Financial,all,0.00289036417353833,0.6932201048755864,1.0511763580946187,2.2802272890378217e-15,0.049426250760346124,3.9610104682106893,-1.4789968063368613,0.917722986090084,6,1.26485649830844
1997-12-26,UEP UN Equity,D UN Equity,Utilities,all,0.0005105469212466217,1.0554905089235906,0.8775861108093949,7.572290373084401e-16,0.024092544832105715,2.990233761673787,0.6411792149389777,1.8098923116460803,5,0.9844465621186029
1997-12-26,2200Q US Equity,JPM UN Equity,Financial,all,0.0013217367134074653,1.1322668460118075,1.03495408934028,-3.35913633091714e-16,0.037231758337655255,2.961500458674039,0.35210257140169804,1.1629073393643181,9,0.05302576795869779
1997-12-26,STI UN Equity,2428Q UN Equity,Financial,all,0.0013472873166378804,-0.19495729470029916,1.0185010963363306,-1.5002244460960449e-15,0.034379734200279836,2.036827879213714,-0.23791461519503612,0.9452974669536155,17,-0.5558297636288843
1997-12-26,RDPL UN Equity,XOM UN Equity,Energy,all,0.0013525602978477279,0.7254062085670769,0.9435931003323142,1.4831440918710425e-15,0.03482601253347735,3.851257611856353,-1.0559064053711105,0.8349583031625666,4,1.036279897081508
1997-12-26,AEP UN Equity,NEE UN Equity,Utilities,all,0.0014357365159688106,0.6691095510659566,0.9785241995358394,1.935773478833606e-15,0.028254288247027987,4.825539284504711,-0.2263069247967927,0.7869149314667695,10,-0.03405794663188799
1997-12-26,T UN Equity,VZ UN Equity,Communications,all,0.0014600798108554678,0.11833820862936457,0.9366335812003636,-5.664984151292465e-16,0.03885773899556662,4.063739860308066,-0.9159512427770375,1.3451034525478438,8,0.8124221692653749
1997-12-26,USW UN Equity,BLS UN Equity,Communications,all,0.0018357012147796465,0.3605900630892829,1.0351404522990681,-8.283971799126168e-16,0.03891580852025436,2.6543152554861758,0.02962954069933315,0.8670461270483039,9,-0.27770735873839975
1997-12-26,WAI UN Equity,CGP UN Equity,Energy,all,0.0019600597171392765,0.8732726909540925,0.9772979276686742,4.554761126667309e-17,0.05222946449389145,3.1640933834418576,-1.261237458045433,1.3423271438857172,5,1.3056422402742895
1997-12-26,1255173D UN Equity,AIG UN Equity,Financial,all,0.0020598964641956948,-2.805709492458017,1.0490702676226908,5.921189464667501e-16,0.04729173534856236,3.372364910281257,0.27352747669415356,1.1640315091314883,7,0.07541689533761325
1997-12-26,9876566D UN Equity,134618Q UN Equity,Financial,all,0.0020615242330525936,-3.2944329286023595,1.294285558593539,-1.468910463350207e-15,0.03884825695256641,2.794881204641812,0.712834235168679,0.8458655459777112,10,0.3802290962795214
1997-12-26,DUK UN Equity,CEG UN Equity,Utilities,all,0.00222624197331669,-0.1725901114607993,1.1767646534761682,-1.5970131200377252e-15,0.04287334671806772,5.63207887627391,0.06002283783655544,0.8938032540889387,6,-0.1277075604090264
1997-12-26,GP UN Equity,896661Q UN Equity,Basic Materials,all,0.002346928998206383,-1.301151653442022,1.173002228586808,-1.3493479837751902e-15,0.05313289361399493,5.600253139723788,1.0576729882229272,1.073681074122835,7,0.7787659887422862
1997-12-26,UCL UN Equity,COP UN Equity,Energy,all,0.002424418522248849,0.6322987438040785,1.0662978893817596,1.4290563034918682e-15,0.06652232833337092,6.419000881992788,1.4084782178258863,1.5773957416548976,5,1.614253440206492
1997-12-26,3621240Q UN Equity,GDW UN Equity,Financial,all,0.0025558949969482956,1.403900695589937,0.9389849933867512,-1.4233628520835341e-16,0.04962338747980868,4.128001982856004,-0.3224147184009456,0.9916797320217584,11,-0.219230206989738
1997-12-26,LLY UN Equity,PFE UN Equity,"Consumer, Non-cyclical",all,0.002642435326312451,0.7009795152155625,1.1066776097877327,-4.640162897792321e-16,0.05285276850656417,3.2409644159402045,1.2818510243068613,0.8836400259883239,4,1.205556534004481
1997-12-26,RNB US Equity,NCC UN Equity,Financial,all,0.0027430929067985043,0.459505283216537,1.0464061635165998,7.429954087876048e-16,0.04974323192761028,4.90091063853288,1.3606247907341218,0.9960758549519775,3,1.2145566554413163
1997-12-26,NSC UN Equity,CSX UN Equity,Industrial,all,0.002771379575064887,1.241323727763921,1.016465340644957,2.385556140092003e-15,0.05555357183154276,5.557393382769994,0.7700814818903822,1.0791466957971418,5,0.5962521142516514
1997-12-26,PPW US Equity,XEL UN Equity,Utilities,all,0.002817720390691573,-0.15039086258291745,0.9993811836816066,3.73775084957136e-15,0.037100721254589485,4.272885249227435,0.5484874733883826,0.7223687106353587,8,0.4737070642797597
1997-12-26,JNJ UN Equity,BDX UN Equity,"Consumer, Non-cyclical",all,0.002862580709257332,-0.09137994757650335,1.086750648831523,-6.234329292125879e-16,0.04792229741581382,3.2510542227659647,0.3425843573337088,1.0030666644538813,9,-0.10435367083649172
1997-12-26,TXU US Equity,ETR UN Equity,Utilities,all,0.0028710914089090525,0.10609260879608307,0.8659024635680496,-3.302201816833799e-16,0.057696321589852044,9.89555711902875,-0.5687316962573619,1.2084050089164748,4,0.5580330118606429
1998-06-26,RDPL UN Equity,CVX UN Equity,Energy,all,0.0011167398717202382,-0.12664736958411674,1.113683338786191,1.002047447866808e-15,0.03660210730200258,2.6386518785104114,1.0285297342067174,1.6163694189852338,12,0.9087122690376255
1998-06-26,KEY UN Equity,NCC UN Equity,Financial,all,0.0014354314331497839,0.14735854087628528,0.9765249791075493,8.483242598417863e-16,0.03624056017560306,2.7778452836705716,-0.4201876355035917,1.0676984480977372,6,0.18569298420436198
1998-06-26,USW UN Equity,3054Q UN Equity,Communications,all,0.0014491035927995319,-0.1991261097566302,1.092033372528789,3.643808901333847e-16,0.035383217604371665,2.2205622070120175,0.13470275847419902,1.0022812739392297,18,-0.7630185657413127
1998-06-26,AIG UN Equity,UNM UN Equity,Financial,all,0.0015110876496400717,2.2724728715301334,1.080326772712408,-9.792736422334715e-16,0.04778793294852018,2.959376958712422,1.0233374818547654,1.65284548016128,2,1.4258358178979442
1998-06-26,CNP UN Equity,CEG UN Equity,Utilities,all,0.00154021425975269,-0.7006593283534628,1.0932762981949078,-1.1785444415251661e-15,0.052576186481815744,5.157418269629548,-0.15795037807726287,1.9689835015328838,3,0.685467798589387
1998-06-26,FBF UN Equity,PNC UN Equity,Financial,all,0.0016294639011338165,-0.3529304072317753,0.9981936031843199,-7.54382311604273e-16,0.04514657415271947,3.5334097505926967,0.019909582284448474,1.4225464497813536,8,-0.027641877605467435
1998-06-26,SO UN Equity,XEL UN Equity,Utilities,all,0.0017803445568794105,0.4319828071211014,0.6913346512661006,3.416070845000482e-16,0.04668791133014469,9.108947637613916,-0.8569368132200302,1.2569786985248408,5,0.8356477964035967
1998-06-26,STI UN Equity,2428Q UN Equity,Financial,all,0.0019475952891412852,-0.11449138942891735,0.9980163767827813,-2.220446049250313e-16,0.035624921826037645,1.973660876820742,-0.33590634316411655,1.1744232334171925,17,-0.35331649493036865
1998-06-26,HNZ UN Equity,236555Q UN Equity,"Consumer, Non-cyclical",all,0.0020510402263882264,-0.16380278068182869,1.0242417593094244,1.8674520619335967e-15,0.0455706503155217,4.023451138684068,-1.3452331264527444,1.3337445266081254,5,1.3832235463166695
1998-06-26,AEP UN Equity,DUK UN Equity,Utilities,all,0.0020759798998537947,0.2684885208768452,0.9289144448738892,-1.1813911672293332e-15,0.04694270229942605,12.526142528024693,0.7998938937667093,1.6067908606610475,3,1.1241328293403088
1998-06-26,140402Q UN Equity,GP UN Equity,Basic Materials,all,0.0021993953012008184,0.9907611697490176,0.8634869847928138,1.423362852083534e-15,0.06434871484775873,5.352854823487656,-0.3402528504057158,1.9857780442092516,7,0.6762636495661658
1998-06-26,VZ UN Equity,T UN Equity,Communications,all,0.002218435066144812,0.26916066876222805,0.945291123313814,1.6084000228543935e-15,0.039845793915037814,4.089445290560514,1.4551407800204976,0.9299374034304707,4,1.3277787832599064
1998-06-26,BKB UN Equity,1255173D UN Equity,Financial,all,0.0025375742848987794,-0.5113086739907544,1.0987701378099377,6.547469119584257e-16,0.05666766060071106,4.048236978002911,1.2411018751436702,1.3634316919221188,3,1.4011066995920434
1998-06-26,2200Q US Equity,2727195Q UN Equity,Financial,all,0.002629248027692085,1.5654583707295617,0.8975790018284633,-2.8638060583920705e-15,0.06282012068597688,4.015455748756214,-1.4579836572347495,1.5339238474348689,6,1.5858127158151336
1998-06-26,2500Q UN Equity,300583Q UN Equity,Energy,all,0.0026891662970988076,0.29391698140083977,0.805507149077099,7.344552316751035e-16,0.05498163045475595,11.120852022545103,-1.0063126558717272,1.1590662508374001,1,1.1039273806641605
1998-06-26,571300Q UN Equity,3692470Q UN Equity,Communications,all,0.0027367623799183444,1.11950399826864,0.8158269289509439,5.636516894250794e-16,0.04928627280126235,4.348385999844449,-0.6555864894565907,1.5189180894492516,8,0.6735847876197328
1998-06-26,2269312Q UN Equity,NEE UN Equity,Utilities,all,0.002761336634017411,1.4870592743490259,0.6623303987398691,6.974477975209317e-16,0.04716906053698759,6.407708536473378,-0.5827474249676339,0.8571070211918673,14,0.0369399142783845
1998-06-26,SNA UN Equity,EMR UN Equity,Industrial,all,0.0028107733890539175,0.7490192819866572,0.8868114488201844,-1.2867200182835147e-15,0.05552210352955223,6.127180246551197,-0.32320269319613326,1.7910710522140063,4,0.7060164872990846
1998-06-26,BK UN Equity,MEL UN Equity,Financial,all,0.0028273225406871974,0.09326820292380507,0.9667491216894598,7.771561172376096e-16,0.05069644251078247,2.8630780768594537,-1.39297671621704,1.1513891639992766,3,1.3839458982800572
1998-06-26,MBI UN Equity,GDW UN Equity,Financial,all,0.0028575669756089233,0.9946190448919312,1.0287553347377527,-1.1899313443418344e-15,0.05335501974614002,3.8777780648299376,-1.2683966180895738,1.5696831815609327,7,1.3692704219022835
1998-12-25,T UN Equity,USW UN Equity,Communications,all,0.0010906850508436115,-0.14133612974392887,0.9753774755243693,-2.510812071075354e-15,0.03360500793145587,1.6758926729180559,-0.14791970147269481,1.192961066199057,14,-0.3756417911502211
1998-12-25,GPUI UN Equity,XEL UN Equity,Utilities,all,0.0012994743234170227,-0.14759352098820824,1.1535493168298796,-8.141635513917814e-16,0.04633885932435515,6.380476201227336,1.321107692568555,1.8318234172084908,6,1.6264195661882412
1998-12-25,CVX UN Equity,677004Q UN Equity,Energy,all,0.0016387580657238243,-0.5718544911460859,1.0476796100199262,-1.1671575387084979e-15,0.04101143942043525,4.806937802429518,0.8780259649741808,0.8672248443894699,4,0.820482964708213
1998-12-25,CMA UN Equity,WFC UN Equity,Financial,all,0.0017974139341432145,1.056324347770483,1.0522253899049985,5.608049637209124e-16,0.05300354310986994,4.1018867939476955,1.4868069865457854,1.38041684392382,8,1.4091925009180781
1998-12-25,HNZ UN Equity,236555Q UN Equity,"Consumer, Non-cyclical",all,0.001844658516202104,-0.015000863966028797,0.9851765934039045,2.929280749587913e-15,0.050501607883291284,3.065568948348292,-0.7765950736159211,1.5966810128087379,6,0.9445221813879343
1998-12-25,ETR UN Equity,D UN Equity,Utilities,all,0.0019071912218676919,1.163222446602138,0.7181569603270005,-1.0134343506834762e-15,0.04047422302730365,3.8761215845455044,-0.3105982544485898,1.0887200778487411,12,-0.20439897977665533
1998-12-25,NCC UN Equity,1255173D UN Equity,Financial,all,0.002048296452237817,-0.6527600346758585,1.0348330158333865,4.3270230703339434e-16,0.051052710383188746,3.0611929054463305,-0.009147717614719044,1.569198247429557,7,0.10971253611135079
1998-12-25,355488Q UQ Equity,MMC UN Equity,Financial,all,0.0021083400302693844,0.5430201447357692,0.9425399184962866,1.6824148911627372e-15,0.057306875866694945,3.7734738780374197,-0.9524566443252661,1.6687340273099958,7,1.1145219157964394
1998-12-25,ALL UN Equity,STI UN Equity,Financial,all,0.0024335263875479257,-0.5909749387011181,1.0252483445636853,1.2724863897626794e-15,0.05332413722475882,4.333538293003519,-0.25432359426036194,1.5442652811010666,3,0.5388718452892084
1998-12-25,IP UN Equity,544791Q UN Equity,Basic Materials,all,0.002542142946847873,0.24101385303199305,1.0392406735457629,-1.337961080958522e-16,0.045386814522233934,3.5881557468274394,-0.7634608205699068,1.2799136844165127,9,0.5602534621780555
1998-12-25,PNC UN Equity,GDW UN Equity,Financial,all,0.002758946620464777,1.293252959100721,0.9794885160083486,2.93212747529208e-16,0.05162699854001323,5.4223720584839725,-0.002024917610968358,1.0093655349569468,13,-0.6386531321365495
1998-12-25,PGL UN Equity,CIN UN Equity,Utilities,all,0.002787231029949842,0.9651221941058646,0.7407688880963658,-2.93212747529208e-16,0.04245534285999598,3.8117569758038927,0.19430537090304492,0.7910733852348915,15,-0.3213300888444626
1998-12-25,TRV UN Equity,1649858D UQ Equity,Financial,all,0.0028694979816776406,-0.7224830089009621,1.1384553719114414,1.1443837330751614e-15,0.05996411720568794,3.6734236830755402,0.5809935989522441,1.34824566436091,10,0.3797978384291929
1998-12-25,TGNA UN Equity,TRB UN Equity,Communications,all,0.0029645105284231746,-0.07023388784135096,1.0256105766952701,1.4148226749710327e-15,0.049527773882873,3.4554134726619123,0.4403257452864013,1.033270210039582,12,-0.12694552081496724
1998-12-25,AEP UN Equity,0961514D UN Equity,Utilities,all,0.0029836612172288836,1.6339767741816802,0.5909224795334642,1.2952601953960159e-15,0.050067217252329335,18.977151843509198,0.2632770139630283,0.8647375621658708,5,0.15860622838730054
1998-12-25,9876566D UN Equity,2972Q UN Equity,Financial,all,0.0030196103461521866,-0.6756806007404053,1.0680273603565837,-9.935072707543068e-16,0.05780655152569056,4.491940782715739,-0.8909934316458747,1.3240970688802158,3,1.0217242013374994
1998-12-25,MBI UN Equity,3621240Q UN Equity,Financial,all,0.003032238463015879,-0.5791157756869664,1.103797178761509,-1.964240735875277e-16,0.0544150441131386,2.7789904071865297,0.31082811423416384,1.2397570120781183,15,-0.2242564833526859
1998-12-25,TIN UN Equity,R UN Equity,Industrial,all,0.0030980104774561454,0.1447905933605569,0.7652793677064272,5.237975295667405e-16,0.06112495338797148,5.020098580295904,0.39341613839059897,1.638836380114364,5,0.6374026040746881
1998-12-25,FBF UN Equity,AIG UN Equity,Financial,all,0.003111859287863328,-2.1402463864108467,0.8797953783485051,-7.572290373084401e-16,0.05556242433806785,5.424262310225211,-0.9728674807796677,1.1660819266157134,9,0.6765168292033756
1998-12-25,XOM UN Equity,CGP UN Equity,Energy,all,0.0031377652107855234,0.19610596980323686,0.95689468500078,-2.675922161917044e-15,0.05436448260566963,3.704146968963971,-0.4254690965073431,0.992564371000812,5,0.1829325075997384
1999-06-25,BLS UN Equity,3054Q UN Equity,Communications,all,0.0013935158533238544,-0.3648489242751681,1.00601512131318,-1.7820502908085846e-15,0.043361518012306394,2.9278112159361944,0.2977917054701018,1.4984723631922612,11,0.15223787009313472
1999-06-25,PGL UN Equity,CNRG UN Equity,Utilities,all,0.0016194234109742796,1.6811663529984495,0.475080262660444,-5.86425495058416e-16,0.045168581200869404,5.0308342262824,1.2123637258969115,1.4035599702276036,8,1.1513755708580757
1999-06-25,XEL UN Equity,AEP UN Equity,Utilities,all,0.0017295819741935095,-0.1264364761677987,0.8887931793727623,-6.519001862542585e-16,0.04360702238788502,9.268425515281955,1.2751037161487337,1.0062190058322067,4,1.0813034637675547
1999-06-25,CNP UN Equity,SO UN Equity,Utilities,all,0.0019058679156620066,-0.5210888543680928,1.3119924954822433,5.664984151292465e-16,0.038978450020430745,2.137012300818078,0.6193317697164689,1.1488200106493147,7,0.40806710761728576
1999-06-25,950967Q UN Equity,1288652D US Equity,Financial,all,0.002311882811832995,-0.21734468921469782,0.9984359914697987,7.54382311604273e-16,0.05734253472128869,5.825825491500093,-0.27730852691071084,1.6469151552561385,8,0.3762124620592723
1999-06-25,HBAN UQ Equity,390297Q UN Equity,Financial,all,0.002322967554500232,-0.7027531990828956,1.004520010470497,2.5620531337503614e-17,0.06524505322353708,4.382429887629177,0.904924115231031,1.747509515344278,6,1.1631157554603624
1999-06-25,DUK UN Equity,0961514D UN Equity,Utilities,all,0.002459465424747271,-0.25378156028824117,1.1141016899151903,-1.423362852083534e-17,0.04928733044072622,6.478184020910344,1.0583079539762204,0.8341030807177621,5,0.989706240254284
1999-06-25,TGNA UN Equity,TRB UN Equity,Communications,all,0.0024690752643643063,0.056266737346872785,0.9841677200929971,2.1065770210836304e-15,0.056827988050491655,4.301217967394014,-0.4710246927772995,1.6172122351178042,11,0.4017285171513907
1999-06-25,KEY UN Equity,MBI UN Equity,Financial,all,0.00249608750253495,-0.02091422491142779,0.9324335797730801,1.4176694006752e-15,0.04550056081803698,2.5103433495011584,-0.5345048927705169,1.5146821981139473,8,0.5497105395051821
1999-06-25,ETR UN Equity,D UN Equity,Utilities,all,0.0025288158406249557,1.097031854858395,0.7435235217066188,-6.376665577334232e-16,0.05176204864070309,6.4148950876463875,0.5661285409942836,1.3234437166762254,8,0.44636575665205325
1999-06-25,355488Q UQ Equity,UNM UN Equity,Financial,all,0.0026165913980279484,-0.02707252948812123,0.93292269098886,4.355490327375614e-16,0.06248609279816767,3.2894489682310324,-1.2394645995208566,1.85501323654418,12,1.2573564311581282
1999-06-25,HD UN Equity,WMT UN Equity,"Consumer, Cyclical",all,0.002855497368719696,0.015357980003460983,0.9679386772184201,1.212705149975171e-15,0.05018342799513043,2.4580794627508724,-0.4757832073714913,0.9435534651445959,14,-0.1661145436693945
1999-06-25,USW UN Equity,VZ UN Equity,Communications,all,0.003145384719633441,-0.027886001608864987,1.0499920752401675,-1.3948955950418633e-15,0.061151443145640735,3.6029722929809416,0.25231997078460267,1.893677179753184,13,0.24084050738519935
1999-06-25,TGT UN Equity,KSS UN Equity,"Consumer, Cyclical",all,0.0033570086015411293,-0.03708071204209158,0.9918061122662457,-2.1165405610482153e-15,0.056688994723492904,1.9461225620544433,-1.2959959574090323,0.9482169908291539,6,1.0491678670485194
1999-06-25,CGP UN Equity,XOM UN Equity,Energy,all,0.003479533969761607,0.06761662952341536,0.9641710890303485,-3.416070845000482e-16,0.05774729964942759,3.9419820602080375,0.029594295769044196,1.025322461300321,10,-0.44539854472509566
1999-06-25,HIG UN Equity,NCC UN Equity,Financial,all,0.0035463469497004976,0.1303553403864683,1.0837783127250875,-5.608049637209124e-16,0.07146635406975753,5.826036862268856,1.3298769800536074,1.6193943493195315,6,1.5119292009506753
1999-06-25,2676187Q UQ Equity,STI UN Equity,Financial,all,0.0036098876462626094,-1.773354869185818,1.1040052383677903,-4.668630154833992e-16,0.0668583032382694,4.43629752513157,0.7674659264576653,1.4156580214863559,7,0.7650603823111477
1999-06-25,ITW UN Equity,TXT UN Equity,Industrial,all,0.0036972091212170285,-0.1348311570001499,0.988782189594113,-8.227037285042827e-16,0.0603777020719116,3.2894246529684996,0.03440080591202729,0.9939387114722058,14,-0.6595194613827814
1999-06-25,NTRS UQ Equity,BK UN Equity,Financial,all,0.0037634232626600553,-0.24075571005776378,1.1030292145620422,-1.7792035651044175e-15,0.04904219953010947,2.2104391691061847,-0.05366004534635801,0.9461277915036185,15,-0.6409623217561149
1999-06-25,HAL UN Equity,SLB UN Equity,Energy,all,0.0037937959223028734,-0.4172345398380445,1.02188360384902,-1.6511009084168995e-16,0.053374551562639067,3.198174358362777,0.4484318396360144,1.6141282498499088,10,0.42722686720047287
1999-12-24,PNW UN Equity,NEE UN Equity,Utilities,all,0.0018844924719113513,0.27087585311804235,1.0177643093735322,-2.220446049250313e-16,0.04567807963680344,5.602885190703561,1.0449343126869621,0.9846932298707071,11,0.5103594407606931
1999-12-24,XEL UN Equity,AEP UN Equity,Utilities,all,0.0022709149429878863,0.5353506649734013,0.7174285550949798,1.420516126379367e-15,0.04145703057590207,7.415766071204057,1.1397320533142012,0.7725133392961367,6,1.0978380559762584
1999-12-24,AXP UN Equity,MMC UN Equity,Financial,all,0.0027316541190824436,-0.4644019416464786,1.1359965153390883,1.255406035537677e-15,0.06268038909131084,3.0632530092396766,0.2993366749761435,1.6949756344745635,10,0.3270050407639762
1999-12-24,BLS UN Equity,T UN Equity,Communications,all,0.002807142349398532,-0.7011318625819819,1.137257138612994,-7.686159401251084e-17,0.05225109112702356,2.5676406563331913,0.6774563537722018,1.1058116411884382,12,0.1780359360290058
1999-12-24,MBI UN Equity,KEY UN Equity,Financial,all,0.0028134722373849277,0.1262259279824549,1.0391948792744394,-1.3948955950418633e-15,0.055533530319449805,2.6166677171030406,-0.04861275391553151,1.4450668700387217,12,-0.18323164874740716
1999-12-24,SWY UN Equity,KR UN Equity,"Consumer, Non-cyclical",all,0.0028171091063096424,1.1549733101765678,1.0019826214466376,-1.215551875679338e-15,0.06367721942434339,2.8083912381293845,0.24355546000958198,1.524422960099282,12,0.06517141164245721
1999-12-24,STI UN Equity,PNC UN Equity,Financial,all,0.003223505658336562,0.5194986442750961,0.9352800247439743,8.739447911792898e-16,0.06752676327132417,10.299168558759023,-1.0893187844750098,1.5230884975964665,2,1.4100589641171104
1999-12-24,TXU US Equity,ETR UN Equity,Utilities,all,0.0033265213380010406,0.15906718003224612,0.8493977287765027,1.423362852083534e-17,0.06144525990397224,6.691292929121427,-0.8965505219864982,1.0581122640085554,3,0.8030369594422934
1999-12-24,CNP UN Equity,SO UN Equity,Utilities,all,0.0034832923875128827,-0.4437036480354814,1.282395694105536,-1.1870846186376673e-15,0.03928204160973486,2.355315814108743,0.12643385602417115,1.1268759606744616,5,-0.004116976488746149
1999-12-24,CMA UN Equity,2676187Q UQ Equity,Financial,all,0.0036557713522807405,1.0773138539995597,1.0293204806773089,1.4262095777877012e-15,0.06577828156669606,7.124135035508024,-0.5945039415033673,1.4682048246141128,1,0.9285443882666933
1999-12-24,950967Q UN Equity,1288652D US Equity,Financial,all,0.003750084456220578,-0.018478807323315975,0.9444478966682196,1.2468658584251757e-15,0.05584195860194136,5.187654146074941,-0.8209962720635984,0.8504261127039786,11,0.4330140181112786
1999-12-24,3075558Q UN Equity,355488Q UQ Equity,Financial,all,0.004013537432067506,-0.32340239850869085,1.120751761340868,-6.775207175917622e-16,0.06328027724235841,5.294408025175662,-0.8636802156009907,1.3296329774632825,1,1.098583162957046
1999-12-24,WMT UN Equity,HD UN Equity,"Consumer, Cyclical",all,0.004124161477969053,0.06319422405330649,1.0065654303490204,2.846725704167068e-17,0.05247280299201544,2.6787828329853816,-0.029435180642003376,0.8164692814833068,16,-0.567798829890413
1999-12-24,M UN Equity,LEG UN Equity,"Consumer, Cyclical",all,0.0043063048585863925,0.1407776075862194,0.9475279225245177,8.511709855459534e-16,0.06549057591162319,2.6176193104573326,0.5179408567676869,1.0199078272029387,17,-0.3123468855066551
1999-12-24,0111145D UN Equity,PGL UN Equity,Utilities,all,0.004393896084940188,1.111101422157735,0.7032404536762196,3.6722761583755176e-16,0.062970260556294,24.949267774897812,-0.3354800622518843,0.8653017844023803,7,0.1301570114457355
1999-12-24,RDPL UN Equity,CVX UN Equity,Energy,all,0.004884292879742541,0.807385210886791,0.8496477933420375,7.230683288584353e-16,0.07314444157046132,6.659372554972317,-0.1396399237927717,1.3162481887174642,5,0.1644253321647785
1999-12-24,0961514D UN Equity,GPUI UN Equity,Utilities,all,0.0049316667952132775,0.28535559977114533,0.9322553943790362,9.251858538542972e-16,0.04948383232210599,5.498682157521293,-0.360546362641014,0.7432285759122653,9,0.20729800503456913
1999-12-24,MAS UN Equity,ITW UN Equity,Industrial,all,0.005069924253180969,0.2639009248486415,0.8411191399624084,1.4518301091252047e-16,0.08230440461346782,4.411051425032473,-1.4734999010751246,1.4050397837204531,5,1.5635655192752176
1999-12-24,ROH UN Equity,DOW UN Equity,Basic Materials,all,0.005081848471831292,0.3907603579108406,0.8937003768341689,-2.0297154270711194e-15,0.06801830842023064,4.184316462492037,-1.03311217569214,0.9388704531223292,8,0.6961899475797569
1999-12-24,MEL UN Equity,WFC UN Equity,Financial,all,0.005083134461940194,0.4168624807150905,1.0360985005501362,-1.08744921899182e-15,0.06727211165808404,4.28452103170778,0.36836842345338894,0.9326030523016006,7,0.08814404517195779
2000-06-23,SO UN Equity,DUK UN Equity,Utilities,all,0.0017007884500978196,-0.8445795382150019,0.9225885389244862,-1.0134343506834762e-15,0.04469092791563103,4.8367819866869,0.3279920733375958,1.4964818642360385,5,0.48110900278830315
2000-06-23,VZ UN Equity,571300Q UN Equity,Communications,all,0.0023533146196507513,-0.3827563636522226,1.0284369540936609,1.713728873908575e-15,0.04058610462029648,3.6023714849881516,0.04367101138315113,0.373465852721898,11,0.47859971508065313
2000-06-23,NEE UN Equity,45200Q UN Equity,Utilities,all,0.0024567764573525694,0.3931488535066266,0.9183604414042119,-2.4766513626253493e-16,0.05284205698459385,3.880105770126309,0.1005569050428185,1.4854813288844273,4,0.29629575197451075
2000-06-23,XOM UN Equity,CVX UN Equity,Energy,all,0.0032638689457550074,-0.11782777555318011,0.9883653433308327,-4.782499183000674e-16,0.06748233374244547,8.164156570708125,1.1469355138529642,1.1383108339468804,4,1.076480952811876
2000-06-23,0961514D UN Equity,GPUI UN Equity,Utilities,all,0.003785049114749731,0.8840695863593546,0.7691259650715344,-6.148927521000867e-16,0.05816208472431408,7.2255170576334455,1.0683547790642263,1.5598796066749236,5,1.26296342213913
2000-06-23,DD UN Equity,PPG UN Equity,Basic Materials,all,0.003871715916547096,0.6067850950408259,1.0212049427738534,1.708035422500241e-16,0.062337667028500285,3.1575036073979863,0.3553410012893291,1.205069540606049,13,-0.10812172338669956
2000-06-23,HIG UN Equity,FBF UN Equity,Financial,all,0.0040451823942946035,0.09944437822660442,1.0427982356227627,-1.4916842689835437e-15,0.07717459436287655,3.7218166355999567,-0.20603157401069994,1.6258325066956327,10,0.19205157041820486
2000-06-23,COP UN Equity,677004Q UN Equity,Energy,all,0.00411619651408819,-0.08504512943560202,0.7325512424684313,-1.0789090418793187e-15,0.06358408213702874,6.561195265396646,0.3858036652818085,1.4608157502139594,5,0.5147986779921356
2000-06-23,FMCC UN Equity,FNMA UN Equity,Financial,all,0.0041683298988156835,-1.0462175648355754,1.1963069777166502,6.035058492834185e-16,0.048316150171209944,5.067652799287046,-0.022485111498211547,1.0090852820678684,13,-0.6184706293265577
2000-06-23,HSY UN Equity,HNZ UN Equity,"Consumer, Non-cyclical",all,0.004258259488132949,0.12678603182767204,0.8575811396458564,-8.824849682917911e-16,0.06027391490554589,2.9910906464813514,0.0663989159613271,1.1517593410467017,9,-0.24231044893013842
2000-06-23,PCG UN Equity,TXU US Equity,Utilities,all,0.00443242448317778,-0.15876618746467563,1.1754671003799702,-2.895120041137908e-15,0.07769891355505076,7.0599309188802035,-0.6876926569685766,1.7099303998959487,4,1.024145324839569
2000-06-23,ROH UN Equity,DOW UN Equity,Basic Materials,all,0.0046262119768715,0.5299089989800213,0.8574351373356336,-5.01023723933404e-16,0.06919258031466134,3.3768482705118466,-0.2320032311083444,1.1450807121631938,8,-0.03252164339760277
2000-06-23,PNC UN Equity,STI UN Equity,Financial,all,0.00462805338437918,0.6464476381133514,0.7824491060212215,6.26279654916755e-17,0.07168647915585509,9.417931645742929,0.6056430422721992,1.2149405366717116,6,0.5003381768561237
2000-06-23,WYE UN Equity,MRK UN Equity,"Consumer, Non-cyclical",all,0.004730443440119499,0.4199017951359488,0.841231187548475,3.473005359083823e-16,0.0946334456372589,4.47625570252111,-1.2595654184720606,1.8167416704900505,5,1.606610024135124
2000-06-23,929530Q UN Equity,UCL UN Equity,Energy,all,0.004784815088793514,-0.6399195572371452,1.0155786552749706,-1.5628524115877203e-15,0.07905120735063575,4.685151800314566,-0.8823341546245533,1.4156121740624303,3,1.079896224007821
2000-06-23,TROW UQ Equity,GDW UN Equity,Financial,all,0.005151910437427271,0.931387906834148,0.6890085612520872,1.884532416158599e-15,0.0867475558665951,2.8982688228485114,-0.13192054959200925,1.6599715150163499,10,0.13872099218452816
2000-06-23,CEG UN Equity,D UN Equity,Utilities,all,0.005258738743545503,2.147798784018293,0.41270705618154563,-7.145281517459341e-16,0.06504523810468932,12.212958826443597,-0.10582903716495401,1.1055799401578266,3,0.05619906718016138
2000-06-23,950967Q UN Equity,LNC UN Equity,Financial,all,0.005470693713251173,0.596625238095838,0.7736591227293528,-5.579582380167453e-16,0.076360713443368,8.34864885700706,1.134272325334396,0.9667524180126337,3,1.0180851726554936
2000-06-23,BK UN Equity,STT UN Equity,Financial,all,0.005618830317753061,0.46692915735695983,0.8696464601881152,3.900014214708883e-16,0.09462971018756268,8.687699111964632,1.0172563313979854,1.5082104002364765,4,1.2281801139545965
2000-06-23,RDPL UN Equity,HES UN Equity,Energy,all,0.006580412748353743,1.593023678640524,0.8188588988398803,4.896368211167357e-16,0.07157534008945135,5.560592358342501,1.1533081621605379,0.680396414775455,2,1.4383878499243057
2000-12-22,FE UN Equity,TXU US Equity,Utilities,all,0.002635231946993372,0.40780481929710843,0.9780402208190158,-6.604403633667598e-16,0.05820342242128794,5.603351303888448,-0.33117526589177315,1.5245245964003797,9,0.3028578872847883
2000-12-22,0961514D UN Equity,NEE UN Equity,Utilities,all,0.002695020726782197,0.8392185112519205,0.8500725770574488,-4.953302725250699e-16,0.061925364713769734,5.437465898242926,-1.1261872926841543,1.2983693503079197,8,0.9872964238843455
2000-12-22,KEY UN Equity,355488Q UQ Equity,Financial,all,0.0029880063065616824,0.26957552785993466,0.8856015704047704,1.6482541827127325e-15,0.06916455738821314,5.758798132691097,1.044602353143724,1.8564500870821465,6,1.3632684619242472
2000-12-22,BBT UN Equity,FBF UN Equity,Financial,all,0.0034566652070226562,0.003956666746583532,0.9471215671393465,3.2395738513421234e-15,0.08736010985858109,12.065120207049764,-1.310850244239811,1.8913839814400957,5,1.6981590706481495
2000-12-22,AEP UN Equity,CIN UN Equity,Utilities,all,0.0037912349112646264,0.01466641063801691,1.076994170488394,-1.878838964750265e-16,0.05981716490947924,6.735262905705968,0.28621941276862967,1.22302352183168,2,0.3875455021846106
2000-12-22,DD UN Equity,PPG UN Equity,Basic Materials,all,0.0043783063896873,0.6893883193086086,0.9981811287760635,1.1785444415251661e-15,0.06316697776427892,3.128817965901546,-0.23672675995034395,0.9125810974502523,14,-0.3717949164931976
2000-12-22,0111145D UN Equity,PGL UN Equity,Utilities,all,0.004392605017881975,1.0862367556197552,0.712776124773305,-1.3123405496210184e-15,0.05697426343724825,10.2420804117671,-1.1226739339967624,0.7875344709364299,2,1.2615220706194155
2000-12-22,HSY UN Equity,HNZ UN Equity,"Consumer, Non-cyclical",all,0.004556592040561047,0.12181775980087502,0.8591868694232703,-1.9500071073544418e-15,0.07115775868055951,4.081721255047413,1.3438549449980537,1.576703173735324,4,1.5991910131547227
2000-12-22,1288652D US Equity,950967Q UN Equity,Financial,all,0.004609588756676292,1.443039547964371,0.654224658912646,4.383957584417285e-16,0.0675825749583738,6.880606368016604,0.48628103226520475,1.536240174104291,4,0.7156190181163586
2000-12-22,677004Q UN Equity,CVX UN Equity,Energy,all,0.004647274555142215,1.188953841694183,0.761521100569013,-1.0362081563168128e-15,0.0713755207811215,8.24887705984979,-1.4879201630772265,1.0995970421409569,1,1.5328639504416353
2000-12-22,SNV UN Equity,STI UN Equity,Financial,all,0.004774668182941746,2.4008402503580406,0.4224775706277762,-1.377815240816861e-15,0.08189546108262384,13.602974313359475,1.437924486193896,1.795720504529257,3,1.8733308228775267
2000-12-22,TRV UN Equity,9876566D UN Equity,Financial,all,0.005902869798066233,-0.3007624875554028,1.109362515575368,3.2111065943004528e-15,0.08561616148255975,6.2336489508444775,0.883502093398411,1.6332052716280128,4,1.1740466016473332
2000-12-22,WFC UN Equity,MEL UN Equity,Financial,all,0.006080144737066745,0.8674868010383503,0.5995201377873243,1.807670822146088e-15,0.06564993978593972,3.835317138756471,-0.2889963398394937,0.957076528143273,7,-0.01713173614604052
2000-12-22,TMK UN Equity,2676187Q UQ Equity,Financial,all,0.006099995591319964,0.18510908967189807,0.8634757859499277,-1.002047447866808e-15,0.08846060889073021,6.694668592771191,0.41955390439846324,1.5113611174307446,5,0.5825645514782571
2000-12-22,ITW UN Equity,TIN UN Equity,Industrial,all,0.006307488279803991,1.8502526279965827,0.5743509613549392,1.1187632017376577e-15,0.07517705438798346,3.617670626748036,0.8751198848807648,1.1842005552769646,4,0.8441877949009096
2000-12-22,929530Q UN Equity,UCL UN Equity,Energy,all,0.006462158619537082,-0.2731628618305542,0.9099884367893103,6.946010718167646e-16,0.07404512330211736,4.093308371185813,0.24212464218616989,1.0492885836776578,7,-0.059762962632528005
2000-12-22,HOG UN Equity,KSS UN Equity,"Consumer, Cyclical",all,0.0069919582770848095,-0.32088729279088446,1.0220532665250588,-1.0219745277959773e-15,0.09515944755612689,3.13653154195119,0.28434187374866443,1.643470149953533,7,0.4311518252194197
2000-12-22,LEG UN Equity,987200Q UN Equity,"Consumer, Cyclical",all,0.007188645334570049,0.6741576677930772,0.6738822920983037,-7.686159401251084e-17,0.08622969072137994,4.717697989764129,0.5766238929138585,1.2222356234967622,5,0.5273055529950671
2000-12-22,STT UN Equity,NTRS UQ Equity,Financial,all,0.007445415754149281,0.6624803672838883,0.7741927734888243,4.1562195280839194e-16,0.08459608297720102,6.8016291994277545,-0.5952880862715247,0.9959186057674043,5,0.3493778321254799
2000-12-22,D UN Equity,DUK UN Equity,Utilities,all,0.00787301863300114,0.21220047679619156,0.728927780875088,6.433600091417574e-16,0.06473714260617214,10.398559206321597,1.0716380997686399,1.7063459766124562,1,1.5559923281670776
2001-06-22,CIN UN Equity,XEL UN Equity,Utilities,all,0.00275107971734185,0.5563393779235243,0.8877227103214006,-1.175697715820999e-15,0.051904005117494496,4.287622079652237,-1.0616374002463425,0.6928845184501732,1,1.378529333967611
2001-06-22,0961514D UN Equity,FE UN Equity,Utilities,all,0.0030060299549655727,0.4389013050135448,0.9755217975281638,-1.335114355254355e-15,0.06123071058060768,7.275923406151481,0.910885444676669,1.0995163874675584,4,0.805755880050818
2001-06-22,AEE UN Equity,PGL UN Equity,Utilities,all,0.003171482517461544,0.8923050341152852,0.770415269491676,-1.8304446277794246e-15,0.05689508021267468,6.3341248797944205,0.6940635717169639,1.1212312203513521,15,0.058490957117047104
2001-06-22,NEE UN Equity,PNW UN Equity,Utilities,all,0.00334977458335282,0.16235543521537654,0.858397781653101,1.0333614306126458e-15,0.06346250069501969,5.501848335249663,-0.7719304713308637,1.403224127165269,9,0.660703008206843
2001-06-22,DOW UN Equity,544791Q UN Equity,Basic Materials,all,0.003948566265294027,0.8365262841510088,0.7785623446183272,1.3237274524376867e-15,0.07742255334083847,4.387576362982278,1.2933159594350148,1.4168176661997254,8,1.2417292359288319
2001-06-22,987200Q UN Equity,GPC UN Equity,"Consumer, Cyclical",all,0.004115046938155041,0.03047402745339752,1.0628059703357153,1.0902959446959871e-15,0.07845675225325395,4.7927725027214105,0.21033484425950558,1.8120805153554103,4,0.6048104854159624
2001-06-22,NCC UN Equity,355488Q UQ Equity,Financial,all,0.004219113422289882,0.0811830017041019,0.9477059552127739,-5.237975295667405e-16,0.06152072721521129,3.9380630120612183,0.5968841894585266,0.9683310043061663,5,0.3790654930172209
2001-06-22,ED UN Equity,GPUI UN Equity,Utilities,all,0.0042875266460884395,-0.050331330555160605,1.0507997747378979,8.227037285042827e-16,0.0615620061183565,3.7651208191368934,-1.3618421976932493,1.2010707146714237,6,1.245055618884078
2001-06-22,UCL UN Equity,677004Q UN Equity,Energy,all,0.0044930176705525035,0.27088733940601584,0.805345619673349,9.564998366001348e-16,0.07165278468114784,5.737227112120762,-0.5016390997283193,1.5641988774605036,5,0.6990128932689552
2001-06-22,CNP UN Equity,KSE UN Equity,Utilities,all,0.004769097864607959,-0.7735960817654297,1.175423713489037,-2.135044278125301e-16,0.07332273211492216,4.055567400909091,1.2653107059753586,1.2196605244909728,8,1.0638832673854557
2001-06-22,HES UN Equity,XOM UN Equity,Energy,all,0.004968090080361993,-2.1510884312357814,1.4042563120608702,-9.593465623043019e-16,0.09786388668400639,8.389688384099353,1.4402549200094914,1.7079655690973126,4,1.7755578565645511
2001-06-22,AYE UN Equity,D UN Equity,Utilities,all,0.005081354934068526,0.35793401525495755,0.9971468467976,7.316085059709365e-16,0.06950593112239899,7.838653315348565,1.143761526466235,1.3253412699503198,5,1.175431514967621
2001-06-22,PNC UN Equity,ABKFQ UN Equity,Financial,all,0.005908569014664729,1.4154765491064116,0.7019662268788243,-1.2240920527918394e-16,0.07508030988952719,3.980049830032361,-1.079929685787268,0.9951168266001591,5,0.834824820834756
2001-06-22,VZ UN Equity,BLS UN Equity,Communications,all,0.005957849738127147,0.31939450559681337,0.9503341231972221,2.6474549048753733e-16,0.07208977597683369,3.9792182178594744,-0.9069457640954305,0.8171701855738432,9,0.6588536644341976
2001-06-22,HD UN Equity,WMT UN Equity,"Consumer, Cyclical",all,0.00631427215371801,-0.4199832919077656,1.0889561375097845,-1.887379141862766e-15,0.08395794526021085,2.970353609910028,-0.5932423883682374,1.3257800941191924,3,0.7252434248396089
2001-06-22,WFC UN Equity,FITB UQ Equity,Financial,all,0.006432788670048595,0.0053289400666052,0.7901723382249476,-4.2131540421672605e-16,0.07150347108276645,6.466147971319715,0.5313398320957144,0.6728273826817381,3,0.7776063036609067
2001-06-22,ADM UN Equity,HSY UN Equity,"Consumer, Non-cyclical",all,0.006662225565458124,-0.7387596434508771,0.966533258815496,5.693451408334136e-17,0.10312668468461897,6.2651225243100175,-1.4782296904526824,1.4391372345408926,3,1.6922734818029563
2001-06-22,MMC UN Equity,AIG UN Equity,Financial,all,0.00677012089488263,-4.242819611919689,1.134593946401606,2.0581826841127904e-15,0.0699945177384849,3.1471584379523803,-0.13928212895805525,0.8450624826768837,9,-0.142373160679571
2001-06-22,ETR UN Equity,SO UN Equity,Utilities,all,0.006864820557082139,-0.026631475894283514,1.2228780287481789,8.283971799126168e-16,0.08588385223947412,7.6674127117856035,0.8769919791432098,1.2575739711628822,5,0.8561764243912915
2001-06-22,TMK UN Equity,2676187Q UQ Equity,Financial,all,0.007093686763768023,0.4880269982877351,0.7512654949472032,-1.1159164760334907e-15,0.08975073032336961,6.245606774644466,0.31836868422543907,1.3824328958156133,3,0.49221359917288365
2001-12-21,0961514D UN Equity,AEP UN Equity,Utilities,all,0.0037659321853574534,0.8457703518954207,0.765111268829462,1.2013182471585028e-15,0.05880934430695891,6.665514452646514,-0.8494166672522268,0.9213387095028712,6,0.6313442148262164
2001-12-21,NCC UN Equity,355488Q UQ Equity,Financial,all,0.003944152655373298,-0.029101696261055975,0.9856432368435377,-5.978123978750843e-16,0.06560871548730227,6.271777097224237,0.992978868122086,0.8692404814210238,4,0.9331143266115269
2001-12-21,AEE UN Equity,0111145D UN Equity,Utilities,all,0.003987576191325424,-0.521704998025563,1.1560202903468486,1.0646754133584834e-15,0.052507489350687976,4.2563993982430945,0.6602099840015957,0.664871649716432,7,0.7183712489015242
2001-12-21,FE UN Equity,TXU US Equity,Utilities,all,0.004110814448734722,0.4664514054682463,0.9555067865475442,1.1102230246251565e-15,0.06130339647718137,6.05582410034202,-0.10946863930616942,1.0149344628617696,2,0.024292681106183683
2001-12-21,PEG UN Equity,NMK UN Equity,Utilities,all,0.004474367833798339,0.2302955672840733,1.0075415804694965,-2.3627823344586665e-16,0.06850864985220434,4.431484392062421,-0.2568341597998526,1.3233077680358634,3,0.3869686467796434
2001-12-21,CAG UN Equity,HNZ UN Equity,"Consumer, Non-cyclical",all,0.0047175138335980565,-1.2180291561619103,1.1202735135968183,8.82484968291791e-17,0.07250569108475287,3.044948774050929,-0.5785961972265815,1.211609412264019,8,0.37054576582560517
2001-12-21,CIN UN Equity,DTE UN Equity,Utilities,all,0.00488454813382375,0.3175497963522921,0.8452798633036003,9.67886739416803e-16,0.06664260975252938,6.088173988445131,0.2004956101043302,1.0970946488030646,1,0.24316106735017223
2001-12-21,PNW UN Equity,NEE UN Equity,Utilities,all,0.004983786104152228,0.26811312551819727,1.033520373341741,6.860608947042634e-16,0.0667102824829127,5.031600679710671,1.2410160259998555,1.2902165024327363,3,1.3458260616345386
2001-12-21,OXY UN Equity,HES UN Equity,Energy,all,0.005277390786515679,-0.40230699979648127,0.9059039411240847,9.963539964584739e-17,0.07832509611089698,11.390041076736287,0.794395033381291,1.232973156225026,4,0.8038234862194693
2001-12-21,FNMA UN Equity,SNV UN Equity,Financial,all,0.005398691943332937,1.4941931977382599,0.6493266302259187,1.1614640873001638e-15,0.07315325579045696,3.903654527478972,-1.1120015555018459,1.1984472961314856,5,1.043028354568223
2001-12-21,KSE UN Equity,D UN Equity,Utilities,all,0.005579968246494654,0.8227335555362223,0.8077068178548239,1.2212453270876722e-15,0.0774428498678015,8.978825402101556,-1.2914549897851628,0.8841180045455561,2,1.3146197257336332
2001-12-21,MMC UN Equity,C UN Equity,Financial,all,0.00574993076250365,-1.6425333316250341,0.9153990162626028,5.266442552709076e-16,0.0704582690579567,3.2090067437725085,-1.0373484158027628,0.8847381894803285,5,0.9098119246392948
2001-12-21,BK UN Equity,MEL UN Equity,Financial,all,0.006192045806052621,-0.023879270307744,1.0556416398664088,-1.343654532366856e-15,0.07244336776933831,5.232392814046694,-0.31408455429684784,0.7118609542770656,8,0.25395722987508207
2001-12-21,1500785D UN Equity,XEL UN Equity,Utilities,all,0.006311509171597517,-0.2059989442009334,1.0589481536516197,-6.376665577334232e-16,0.07782172150239829,9.6860628122837,1.24295676770547,0.7900020296474779,2,1.3786765320558174
2001-12-21,FBF UN Equity,1288652D US Equity,Financial,all,0.006366445743681644,-0.4439607835323334,1.0761558360461552,-4.58322838370898e-16,0.07471010295527962,3.619776818162092,-0.40801343555803626,0.8801831028837774,4,0.33563875725294684
2001-12-21,VZ UN Equity,BLS UN Equity,Communications,all,0.006716294841794905,0.21811809418225936,0.9774181892482958,1.167157538708498e-16,0.07239839765651253,4.255104725525401,0.2663295467347693,0.5968958332806991,8,0.3823422111652609
2001-12-21,UPC UN Equity,BBT UN Equity,Financial,all,0.006765792066349493,-0.147128223929518,0.9682259341495927,2.428257025654509e-15,0.07908188401733372,11.43582449787084,-0.48003119012503387,1.0309342332412559,5,0.260496603834502
2001-12-21,DOW UN Equity,ROH UN Equity,Basic Materials,all,0.006851776961434125,0.38672921302863755,0.8893870816684656,-6.917543461125975e-16,0.0712932247447925,3.2025610156647377,0.33163704581346043,0.6848873398217766,8,0.3101379674730851
2001-12-21,NTRS UQ Equity,MER UN Equity,Financial,all,0.007245119536868807,0.7021443522410096,0.8604786354859325,-7.059879746334328e-16,0.0883874669440059,3.2429800713463837,-1.0399216280042907,0.9167766277654175,7,0.7768130546259797
2001-12-21,HOT UN Equity,MAR UN Equity,"Consumer, Cyclical",all,0.008032293728201405,-0.28552395902723465,1.1793651120652169,3.131398274583775e-17,0.08294813194611267,3.099514219090805,-0.7059164871555194,0.7373985997814104,9,0.5605431791983648
2002-06-21,PEG UN Equity,AEE UN Equity,Utilities,all,0.0032826729377402044,-1.2964819119032034,1.1740289498378211,-1.0988361218084883e-15,0.055714056072988793,6.344323081509733,0.44740976862117005,1.2506369368300778,6,0.3710627396231969
2002-06-21,UCL UN Equity,MRO UN Equity,Energy,all,0.0035515689717182082,1.6538743289418918,0.8890771105281532,-1.0817557675834858e-16,0.059436657599188376,5.329087963392575,-0.4298040727655956,1.0012962538418064,1,0.3810994871957063
2002-06-21,0961514D UN Equity,CIN UN Equity,Utilities,all,0.0038498596910327334,0.1260957962856776,1.0441426388054427,-1.007740899275142e-15,0.05811706094244999,4.807656882872549,1.2012737326634628,0.6639582506972711,2,1.5108097396018274
2002-06-21,AA UN Equity,8214761Q UN Equity,Basic Materials,all,0.00407919951608663,1.0354556015924405,0.9565892349402124,-9.536531108959678e-16,0.05525835959874973,2.715465257758685,0.40390979169976116,1.1603379119205495,4,0.3526210577772269
2002-06-21,DOW UN Equity,PPG UN Equity,Basic Materials,all,0.004217967101427114,0.696347314846504,0.8745590582933891,7.54382311604273e-16,0.06844675503186144,5.143353113662642,-0.9942389689167955,1.0670005859226308,6,0.7590904903671241
2002-06-21,PNW UN Equity,NEE UN Equity,Utilities,all,0.00495513918285119,0.32418635304421023,1.0184770943673025,1.2810265668751805e-16,0.06818983952974575,5.685510901666607,0.39659139574206737,0.8728107078960763,3,0.3826279718387161
2002-06-21,PEP UN Equity,3393199Q UN Equity,"Consumer, Non-cyclical",all,0.004974325210338212,0.20622955925127692,0.9549037613490446,-4.2700885562506023e-17,0.06579172191062235,3.86464971963501,0.5418898304684305,0.7523283954326636,7,0.47647218477062486
2002-06-21,SRE UN Equity,TXU US Equity,Utilities,all,0.004984142457308315,0.802853361477906,0.7573015961151095,-1.007740899275142e-15,0.06610435472978644,5.874183609262174,-1.1098633156922404,1.3520872183134256,3,1.2615128018191477
2002-06-21,AYE UN Equity,1500785D UN Equity,Utilities,all,0.0053812006226102655,0.07285707496522406,1.0959013297661746,2.143584455237802e-15,0.059811132816039024,5.034195746708141,-0.7008165588680314,0.7288118756301007,8,0.6171561972648117
2002-06-21,HES UN Equity,OXY UN Equity,Energy,all,0.005488100044821194,1.2462340222665131,0.7620376603912166,3.586874387250506e-16,0.08222062239143578,11.270373160167798,-1.4001343734081106,1.2159494014825327,1,1.5456595454634228
2002-06-21,WFC UN Equity,1288652D US Equity,Financial,all,0.006020426439870207,-0.27322079945276534,0.8877792046915727,-5.892722207625831e-16,0.06840410032802599,4.443873392539683,-0.04846883455444768,0.6013409966689612,11,0.007061957757073523
2002-06-21,FE UN Equity,DTE UN Equity,Utilities,all,0.006176495272099227,-0.7195722567592301,1.1166690345083483,-1.873145513341931e-15,0.07962572385852376,5.538613658411056,1.485915363489231,1.3107042701365565,5,1.5064799670326479
2002-06-21,DUK UN Equity,D UN Equity,Utilities,all,0.006217484389797352,0.9294776422355865,0.9589254733248843,6.5759363766259275e-16,0.08015310764993006,17.006011288768686,-1.2668953116480592,1.1978379683048643,4,1.2474135503616295
2002-06-21,LLY UN Equity,PFE UN Equity,"Consumer, Non-cyclical",all,0.0063147822575920455,0.6475530858564957,0.9982094200063117,-1.0817557675834858e-16,0.06735732410060769,2.643187688152955,-0.023543818832538494,0.5849926400119325,10,0.05969983183814653
2002-06-21,HSY UN Equity,GIS UN Equity,"Consumer, Non-cyclical",all,0.0063766320290691,-0.047538281279861774,1.1239320920293552,-1.0390548820209799e-15,0.06951481619253867,4.775671434612936,0.26481673522359545,0.6647266418276239,8,0.27319612298108964
2002-06-21,BCR UN Equity,JNJ UN Equity,"Consumer, Non-cyclical",all,0.0064008548843735346,0.2900231591367489,0.7465390762329507,7.999299228709461e-16,0.07362402930925695,3.507688974977729,0.29986805037801606,1.1570108662235508,6,0.14570789026848796
2002-06-21,PGL UN Equity,0111145D UN Equity,Utilities,all,0.006554336833593562,0.8510177095153315,0.7557459101650119,-7.373019573792707e-16,0.07384212091507279,14.73107859556764,-1.3790738836034702,1.7308577165728547,7,1.5776909591764454
2002-06-21,SNV UN Equity,FITB UQ Equity,Financial,all,0.006608552372262447,0.25594926720984984,1.0157928590035459,2.5307391510045236e-15,0.08861799495616725,10.589959030619324,-0.5351006973385688,1.4134877059493347,1,0.8311608978571585
2002-06-21,ABKFQ UN Equity,XL UN Equity,Financial,all,0.006721643031238848,-0.20524299611563238,0.9566592853689466,6.177394778042537e-16,0.08422556961911169,4.82162026623451,-0.42098116965857896,1.4157451346445602,2,0.6686371590722281
2002-06-21,AFL UN Equity,AIG UN Equity,Financial,all,0.006810437695020617,-3.664470267483415,0.8740959103252518,7.031412489292658e-16,0.1003083981770822,10.49509646356753,0.5940266862077657,1.5344293279013341,8,0.6221852247679
2002-12-20,CIN UN Equity,AEE UN Equity,Utilities,all,0.003893387573960739,-1.0598092364445184,1.2179193137304558,-7.202216031542682e-16,0.0420339460274078,3.36991094452752,0.4940356465049782,1.1941422633084153,15,-0.07853619712271986
2002-12-20,UCL UN Equity,MRO UN Equity,Energy,all,0.0039741824351881274,2.147020416686554,0.6572184668667086,1.5799327658127227e-15,0.05849648873931553,6.127096236156334,0.9990065258232662,0.6543350135927366,1,1.3731423313051834
2002-12-20,CVX UN Equity,XOM UN Equity,Energy,all,0.004466728860567709,0.7507835274862541,0.810792465203487,4.2131540421672605e-16,0.05823139221387462,8.383355370033014,-0.6771295514341958,1.298239349198611,7,0.588138551174886
2002-12-20,BK UN Equity,MEL UN Equity,Financial,all,0.005258761535956004,0.03470394474247943,1.0389710113815638,1.3550414351835243e-15,0.08839838313229113,9.69565291105148,-1.4954390014445877,1.3152254942283472,2,1.6694471308742023
2002-12-20,3621240Q UN Equity,WFC UN Equity,Financial,all,0.0052692036182316,0.42465172279693086,1.005705586557102,-9.935072707543068e-16,0.06511903493203343,3.174502439362577,0.6874484593752614,0.729761142285991,8,0.6024864601052872
2002-12-20,AEP UN Equity,PEG UN Equity,Utilities,all,0.005383090897775675,0.29845526935286626,1.1282985891178792,2.0240219756627853e-15,0.057321344646415175,2.9415987843031868,-0.5319967889106264,0.9658688789626592,7,0.2167239789567184
2002-12-20,HSY UN Equity,WWY UN Equity,"Consumer, Non-cyclical",all,0.005936980362418722,-0.2318241541556636,1.0013170606315687,-1.0789090418793187e-15,0.07383269821568836,5.195564151113857,-0.42236481823655314,1.127826421438177,4,0.34265707776767235
2002-12-20,AIG UN Equity,C UN Equity,Financial,all,0.005992956711755759,2.0071081651151785,0.8499629181667674,1.4404432063085364e-15,0.0706616719195726,4.458674791983997,-0.46015812760695424,1.008774321377663,8,0.06889417832988626
2002-12-20,NEE UN Equity,0961514D UN Equity,Utilities,all,0.006061157007273583,0.8187616106078236,0.6747321516281393,-2.846725704167068e-17,0.0801201400862225,8.985541988448075,-1.3313187998802507,0.8090618507699056,5,1.2931987113642467
2002-12-20,SYK UN Equity,SYY UN Equity,"Consumer, Non-cyclical",all,0.006261232815996558,-0.10859409040467419,1.0310390892135954,-7.91389745758445e-16,0.06891142397501779,2.575349262054031,0.2277372014454108,0.5446295704289252,14,0.13538660414280257
2002-12-20,UNP UN Equity,MMM UN Equity,Industrial,all,0.006480610166897103,-1.7434373208431846,1.0789709399112117,-4.668630154833992e-16,0.06396486798821,2.4735658340659312,0.5156562385877538,0.8538786364495627,7,0.32362244576592963
2002-12-20,FE UN Equity,DTE UN Equity,Utilities,all,0.006739316092899248,-0.6133988310766101,1.08728068977006,1.0248212535001446e-16,0.08074942055247257,5.952116523108455,0.49780423743703045,1.0386836008916374,7,0.18575838045546428
2002-12-20,TRV UN Equity,HIG UN Equity,Financial,all,0.006800635148163623,-0.22845451703919278,0.9701203964010096,-6.775207175917622e-16,0.08188508948424138,4.8348969863803966,-0.6556992996859239,1.0088023524877596,10,0.16446313731823248
2002-12-20,PH UN Equity,ITW UN Equity,Industrial,all,0.007070253979123626,-0.5131949035752384,1.119567989514719,-1.807670822146088e-15,0.06215654392338615,2.3249944959565942,-0.7983298473144425,0.696178718053736,6,0.8604787201113575
2002-12-20,FITB UQ Equity,KEY UN Equity,Financial,all,0.007091985833956552,0.47701040336480205,1.1152195610601003,1.5998598457418923e-15,0.08455895865267826,6.3074315171340185,1.2767367582387565,0.5599400643460059,2,1.7566622871731596
2002-12-20,FMCC UN Equity,BBT UN Equity,Financial,all,0.007157244090811478,0.3198249137380163,1.0676679284087427,2.0240219756627853e-15,0.06515654792661559,3.43570280454431,-1.1289115030043761,0.9152775139481228,4,1.0174394687629242
2002-12-20,KMB UN Equity,CL UN Equity,"Consumer, Non-cyclical",all,0.007281474676735339,1.9896943481397733,0.6148540901475128,-2.0724163126336257e-15,0.07569460909244372,9.456085004303782,0.015170268532746192,1.2296095360175567,2,0.12186693712680005
2002-12-20,KRI UN Equity,NYT UN Equity,Communications,all,0.007740287953007459,1.110789260451794,0.7800797687853767,1.2724863897626794e-15,0.07071806564572447,9.112390043190636,1.0494234330463328,0.9044353925613001,4,0.9498678386427926
2002-12-20,LNC UN Equity,CMA UN Equity,Financial,all,0.007740875833149015,0.06728132976321823,0.9248950950000928,-1.2354789556085075e-15,0.11686332437110249,9.862534463675098,-1.2370026132469534,1.5118666026730962,3,1.500347661366868
2002-12-20,2999130Q UN Equity,APD UN Equity,Basic Materials,all,0.007848530399211712,-1.1320103888286648,1.1796697948340291,-7.600757630126071e-16,0.074162347441088,4.014083974099133,-0.43731528811146425,0.6243981676621102,4,0.7082823130144293
2003-06-20,CIN UN Equity,AEE UN Equity,Utilities,all,0.0025829050824951604,-0.7158204084143854,1.1286484506165346,2.5905203907920318e-15,0.04764718529763548,5.130102167111312,0.5595919544732906,1.1525448508917397,6,0.4015643657797877
2003-06-20,ETN UN Equity,PH UN Equity,Industrial,all,0.002757642570234379,0.026367744074089018,0.8503657784472834,9.62193288008469e-16,0.06498844701050673,7.124794095926214,1.252392508441715,1.5179929737783404,5,1.4197815587999223
2003-06-20,DTE UN Equity,ED UN Equity,Utilities,all,0.002797440429404633,0.3177252470317457,0.9273205953875162,1.130150104554326e-15,0.043209886076328946,4.748105846288061,-0.4842205997772256,0.9290901607869915,9,0.1077700932155376
2003-06-20,VZ UN Equity,BLS UN Equity,Communications,all,0.0032296667473363048,1.1950550567297245,0.7070159207146174,2.50511861966702e-16,0.06640135418081021,5.747617657660334,1.122936134441965,1.633441075907752,1,1.5636250135563325
2003-06-20,2676187Q UQ Equity,FHN UN Equity,Financial,all,0.003264566238271598,-0.017818659114723506,0.9487994160338077,4.440892098500626e-16,0.04858710616074148,3.4816129358529704,-0.8655202321042212,1.0046476157784925,8,0.4701570810636385
2003-06-20,KRI UN Equity,NYT UN Equity,Communications,all,0.0036209300808272516,0.8763299270167035,0.8495319602793916,4.668630154833992e-16,0.04902395518411555,5.585012373864288,-0.8075703466298136,1.2646713496024173,3,0.8923826323688967
2003-06-20,CINF UQ Equity,1288652D US Equity,Financial,all,0.003627540260224808,1.369587798213815,0.5779661882789213,-6.433600091417574e-16,0.055212372944786675,6.272964624823675,1.2954344460011344,0.8051749421469919,2,1.4121301517378992
2003-06-20,BBT UN Equity,KEY UN Equity,Financial,all,0.0036866575356265317,0.5796272062815007,0.924650670844047,6.661338147750939e-16,0.05355197386021141,7.430399738394089,0.13819174991479785,0.6762830558750812,4,0.3293353187847419
2003-06-20,FMCC UN Equity,TMK UN Equity,Financial,all,0.003690725306392052,1.6397682676132845,0.8836827010726978,2.940667652404581e-15,0.06357112654735231,4.994447477599173,-0.8387196624847871,1.0087832041416684,8,0.4474645186706545
2003-06-20,HSY UN Equity,WWY UN Equity,"Consumer, Non-cyclical",all,0.003808390400721088,0.4311863966483176,0.8194058163522251,-3.302201816833799e-16,0.06781247728308433,6.00808841141458,-0.5679587609870467,1.3754198322987023,3,0.7367177780819495
2003-06-20,CL UN Equity,HNZ UN Equity,"Consumer, Non-cyclical",all,0.004053926963968006,2.3194389977308374,0.27984404439176186,-9.308793052626313e-16,0.052073718669011365,3.3614736885460097,1.4064892782047114,1.7953276664756772,3,1.841676827483417
2003-06-20,KSE UN Equity,NEE UN Equity,Utilities,all,0.004336936988133658,1.2464788043870922,0.6852073181069062,3.956948728792225e-16,0.05054201629566576,4.818488472145517,-0.4619062545696335,0.9125287009873461,6,0.2534419954529459
2003-06-20,BF/B UN Equity,3393199Q UN Equity,"Consumer, Non-cyclical",all,0.004352419491831111,-1.528947078483983,0.9076277615213291,6.063525749875855e-16,0.06576580240081097,7.7755050360704425,-0.21242624910936642,1.1190237935077105,2,0.22488294140139872
2003-06-20,UCL UN Equity,CVX UN Equity,Energy,all,0.004496507254892539,0.6112834517032731,0.7816029674213629,-9.508063851918007e-16,0.05056379980007992,5.771364421065857,-0.7449718343897643,1.1312661505465431,5,0.6183093270460777
2003-06-20,UPC UN Equity,FITB UQ Equity,Financial,all,0.004614362087192096,-0.7911516031973983,1.0115996588492906,-5.551115123125783e-16,0.07810063934068064,11.31102711484454,1.1101562661399613,1.7633729602969468,4,1.477384695847744
2003-06-20,NTRS UQ Equity,BK UN Equity,Financial,all,0.0046677025116575056,0.08505970773291735,1.0525864135988225,4.924835468209028e-16,0.06904791775094568,5.88453013627579,-1.1256729716167453,0.7591701514669905,4,1.2012023198466097
2003-06-20,0961514D UN Equity,D UN Equity,Utilities,all,0.004720887414043983,1.5318624061632258,0.6570339391153328,1.8503717077085943e-16,0.06577372731573328,7.8200863893407,0.9983737760815425,1.016986290728801,6,0.7152174129477677
2003-06-20,LLY UN Equity,PFE UN Equity,"Consumer, Non-cyclical",all,0.004879621086662291,0.6070146134648704,1.0110433860924948,-1.5173048003210472e-15,0.06973148536537298,3.023911284105145,0.5287456128717679,1.3888820245332083,11,0.3072447374955005
2003-06-20,SYY UN Equity,SYK UN Equity,"Consumer, Non-cyclical",all,0.005243711289598994,1.2248346425053567,0.6232837053823825,1.63117382848773e-15,0.07183813888971843,4.758857964686166,-0.5770346823115768,1.1917105366328427,7,0.4024243830694512
2003-06-20,HMA UN Equity,3605818Q UN Equity,"Consumer, Non-cyclical",all,0.005341121390991289,0.544379053528101,0.6417819601734446,-8.568644369542875e-16,0.0754475497579619,4.381623434232312,-0.12835591569006702,1.426303876991661,1,0.43344231244973846
2003-12-19,TMK UN Equity,EQR UN Equity,Financial,all,0.001653613739495018,0.23020276863032696,0.7908192689830755,-1.676721439754403e-15,0.03982968669280928,3.3824834915495408,1.0682071027947835,0.7493541638913643,4,1.1567506610304197
2003-12-19,2676187Q UQ Equity,FHN UN Equity,Financial,all,0.0020452133867860664,0.4354291685431404,0.8186061891122273,-2.1777451636878072e-15,0.0454695887974244,4.82703316780619,-0.16446274304600078,1.422525677275054,7,0.16689668070990965
2003-12-19,FNMA UN Equity,1288652D US Equity,Financial,all,0.0027713596358703682,1.4216002675597132,0.7616517790193351,-1.4802973661668753e-16,0.06461502882469834,7.387720619547872,-1.3925093521820955,1.3247630387722975,2,1.5737429569643235
2003-12-19,USB UN Equity,KEY UN Equity,Financial,all,0.002921632996078805,-0.8681772627822529,1.2217611293807837,-2.81541172142123e-15,0.05995173450092424,4.87912591793935,1.214818174986885,0.915858515343664,6,1.0027115604567551
2003-12-19,WY UN Equity,PCL UN Equity,Financial,all,0.0029956900784135596,0.6458649539501294,0.7499264077472686,-1.3948955950418633e-15,0.06027200725579771,3.7760588687455923,1.1938366193934313,1.0314213330488908,4,1.024774405398593
2003-12-19,TGNA UN Equity,KRI UN Equity,Communications,all,0.0032962210053671193,-0.2513425191288772,0.9309412397259952,2.9235872981795788e-15,0.0489918981467954,8.138077599090558,0.43017233945680994,0.45817960273956726,10,0.7106663654742202
2003-12-19,CLX UN Equity,1281683D UN Equity,"Consumer, Non-cyclical",all,0.0034091516636093684,1.107666586604039,0.7808042354361079,5.408778837917429e-16,0.05823952918613555,4.897669466722468,-0.6414237833169156,1.5420948390979985,6,0.7745655605213662
2003-12-19,3393199Q UN Equity,WWY UN Equity,"Consumer, Non-cyclical",all,0.0037697311803985387,0.4370351336567014,0.9176148767605012,1.588472942925224e-15,0.056318992368260955,7.809628529850467,-0.24585099720061337,0.7107556503122925,5,0.3372775758945773
2003-12-19,ITW UN Equity,UNP UN Equity,Industrial,all,0.0037837823543736973,1.2402258804357855,0.8424682378352131,1.9471603816502747e-15,0.057836347474808376,4.224808834606837,-0.11757811898828022,1.0117709908240493,7,-0.2207196294068431
2003-12-19,CINF UQ Equity,STI UN Equity,Financial,all,0.0039596732281166995,0.9037074139966587,0.6437401508340675,-2.0553359584086233e-15,0.051550522388751824,6.696795783010903,0.2886654607737205,0.5508238344696202,9,0.43500570138003053
2003-12-19,MRO UN Equity,COP UN Equity,Energy,all,0.004115359842311863,-2.3755265974765996,1.467312870132304,1.1685809015605814e-15,0.04984316430419264,3.5598254977723394,0.019513869899719153,0.7771804053262107,5,0.021596643577236563
2003-12-19,ECL UN Equity,BF/B UN Equity,"Consumer, Non-cyclical",all,0.004178970166884349,1.2911449891582798,0.9055614154393004,4.4124248414589556e-16,0.06997308065042093,5.5932483646025934,1.0740018529850635,0.9368010996797985,1,1.0892861458161085
2003-12-19,HOG UN Equity,LEG UN Equity,"Consumer, Cyclical",all,0.004241749457831555,1.0133230161170055,0.919662199533809,5.124106267500722e-16,0.06109908294671519,2.768576757293801,-0.4877765901199793,0.8616440198178591,5,0.3866896537829251
2003-12-19,MBI UN Equity,FII UN Equity,Financial,all,0.004447551244529516,0.4884374602121822,1.014913166431522,5.03870449637571e-16,0.08720018868754867,5.320077497589371,0.755770918209795,1.6822692155289858,4,1.0759145237477077
2003-12-19,WAMUQ UN Equity,NCC UN Equity,Financial,all,0.004453460574615075,0.25367646886241807,0.9856715366639781,-3.216800045708787e-16,0.06202124152760111,3.639544150068837,1.04657762269178,0.7874458346551486,4,1.0855383147299646
2003-12-19,IP UN Equity,DD UN Equity,Basic Materials,all,0.004559361225391686,1.2122663674601424,0.6536314538069301,1.750736308062747e-15,0.05539559976853709,4.48817054018985,-0.1844411790982303,0.7215389250220555,7,0.16081013118717885
2003-12-19,FE UN Equity,ED UN Equity,Utilities,all,0.004583909025206652,-0.3057668466559751,1.0237600047291617,-8.796382425876241e-16,0.0642114659084215,5.896503882649326,0.19191754035455644,0.8636878524280466,5,0.08846139772265393
2003-12-19,ADM UN Equity,GIS UN Equity,"Consumer, Non-cyclical",all,0.00471215029756342,0.6809090441558672,0.6058073377489533,-2.5620531337503614e-17,0.07547381341868947,8.879834034847246,-1.3670563205985495,1.4998968414109741,3,1.6224526539491007
2003-12-19,MET UN Equity,MMC UN Equity,Financial,all,0.004730819000430673,0.8082278671329888,0.6284262859276493,-7.743093915334425e-16,0.06893750295834464,5.955196903538025,0.36513678175875414,1.206654802388012,5,0.3029886866048588
2003-12-19,PEP UN Equity,1028411Q UN Equity,"Consumer, Non-cyclical",all,0.004809340860159043,1.3335343532763928,0.7180664830264571,-1.5144580746168801e-15,0.0678103273999668,6.683382346855519,-0.8306037524048235,0.8621689779270048,4,0.7789077498569208
2004-06-18,MTB UN Equity,WFC UN Equity,Financial,all,0.0012196573354538805,1.68786415244144,0.84875199805433,-5.522647866084112e-16,0.0359111335316902,3.365665052058496,-0.6547246889941442,1.1939137058758615,13,0.18196142821693118
2004-06-18,PH UN Equity,ITW UN Equity,Industrial,all,0.002300507254812519,-0.42589160844803775,1.0907005387805742,5.750385922417478e-16,0.04811769321329324,4.4970431721264585,0.014617864639854003,1.2125631386204128,6,-0.09264571979740083
2004-06-18,STI UN Equity,EQR UN Equity,Financial,all,0.002301730924093872,1.4095840241509339,0.8281320607529472,-2.7100828703670486e-15,0.05178155626135513,5.006229995240079,0.14609902228671892,1.3836744733934916,4,0.2708416447310445
2004-06-18,3393199Q UN Equity,K UN Equity,"Consumer, Non-cyclical",all,0.002410879921124092,1.8944497208696354,0.5680138963914888,1.138690281666827e-16,0.05143668601088833,7.786245004808999,-1.083123338650881,1.5228400519551148,7,1.1537003853515084
2004-06-18,1255173D UN Equity,2676187Q UQ Equity,Financial,all,0.002509019820770323,-0.23642205130892854,1.1712610741549454,-1.7023419710919068e-15,0.044745038883695507,3.3305095190737695,-0.4331643621830663,0.9662677696964531,5,0.21747865106118153
2004-06-18,CIN UN Equity,AEE UN Equity,Utilities,all,0.0025488501870093304,-1.5040864138680274,1.3456522549177492,7.088347003376e-16,0.043768457683905214,4.321310079506145,0.8775796175235092,0.6216867669977244,4,1.1528985206463285
2004-06-18,NCC UN Equity,KEY UN Equity,Financial,all,0.002759071026363945,0.795750107630976,0.8055504283560568,-1.9927079929169477e-15,0.041863247758088196,8.215055762445235,0.595648183850054,0.7228672332495074,10,0.42017789066259914
2004-06-18,GPC UN Equity,WMT UN Equity,"Consumer, Cyclical",all,0.002885713492054073,0.8888611157931499,0.6510885289400211,4.440892098500626e-16,0.05415490217116535,6.531055561325194,-0.46629460179187765,1.3613205289442745,5,0.5247498076113413
2004-06-18,764144Q UN Equity,FISV UQ Equity,Technology,all,0.0030565272699180634,0.7602108534728578,1.1252636074858353,-1.6624878112335678e-15,0.06026415874569741,2.46462297186261,1.230230379296229,0.9516514944145956,6,0.9797867678052443
2004-06-18,CINF UQ Equity,BBT UN Equity,Financial,all,0.0030700104770022443,0.6085099061924467,0.8320445757597185,-4.810966440042345e-16,0.06005307758336203,10.296055584364934,0.7893607454576564,1.1106256829587942,9,0.44428428031619355
2004-06-18,APC UN Equity,XOM UN Equity,Energy,all,0.003252694711298671,-0.14380532940043134,0.9161291947473404,-1.0732155904709846e-15,0.05850612956580825,3.501090487780765,-1.14663891481682,0.9322363018824831,1,1.1668078684575438
2004-06-18,1028411Q UN Equity,WWY UN Equity,"Consumer, Non-cyclical",all,0.0033313527923463145,-0.7636300127228999,1.1285096356909348,2.761323933042056e-16,0.06354061799661803,9.0030458231532,1.1896311150420682,1.4799422067023866,3,1.4316341525302247
2004-06-18,TGNA UN Equity,KRI UN Equity,Communications,all,0.0033776285275917395,-0.3431285228316324,0.9544071379895449,1.1386902816668272e-17,0.04622937763344059,7.893979305073623,0.9118858276378151,0.4796618111825679,2,1.5465598110733987
2004-06-18,LNC UN Equity,HIG UN Equity,Financial,all,0.0036019053093699145,-0.29373911178838846,0.9948005881830889,-7.97083197166779e-17,0.059536792953784584,3.990689545812495,-1.0408509759184668,0.5488438746045715,2,1.540792235247573
2004-06-18,CPB UN Equity,HNZ UN Equity,"Consumer, Non-cyclical",all,0.0039069667843123915,-0.10051085544496059,0.9409380461164351,-4.18468678512559e-16,0.05403335835106343,4.870407865211198,0.08437977285825009,0.536974039647164,9,0.2561853018014681
2004-06-18,FNMA UN Equity,FMCC UN Equity,Financial,all,0.003940032600980686,0.7464119622235659,0.8650512614033612,3.5356333245754986e-15,0.04461786967496454,9.320085013689532,1.3407443849509926,1.024199142217573,3,1.2146553674823801
2004-06-18,BAC UN Equity,3133754Q UN Equity,Financial,all,0.0039708383211824304,0.6607671520427908,0.9511135618809657,4.953302725250699e-16,0.06460670337379847,6.814242297283512,1.290875669492503,0.9257052604128299,2,1.268075057785202
2004-06-18,605018Q UN Equity,3621240Q UN Equity,Financial,all,0.003973536163371642,0.6288308342401729,0.7593102842072745,1.337961080958522e-16,0.07083167381047008,4.234460236213654,0.2516573071010387,1.4043281890947148,10,0.09121633830516529
2004-06-18,1281683D UN Equity,MKC UN Equity,"Consumer, Non-cyclical",all,0.003981669988216267,0.23839896399864519,0.9786908300925361,-3.8715469576672126e-16,0.05507649837269576,4.672590640797532,0.5105837366377016,0.5387518484001176,9,0.6790839433026761
2004-06-18,PEG UN Equity,PNW UN Equity,Utilities,all,0.0043402908903082665,-0.4885027181623962,0.9631208048552411,9.137989510376288e-16,0.07208840236018596,5.960339236085461,1.3452562169893667,0.8465657425362728,3,1.3618236334609337
2004-12-17,MTB UN Equity,WFC UN Equity,Financial,all,0.0008765418810524142,1.7920668922878824,0.8183064973405656,6.091993006917526e-16,0.03438719651893911,3.823948194951798,-0.9393171477132392,1.3746715232868583,7,0.9075319581374854
2004-12-17,NEE UN Equity,CIN UN Equity,Utilities,all,0.0013213113082139534,0.3325616461395964,0.8659879666156113,-1.138690281666827e-16,0.03156244279579691,4.306739013531922,-0.31931922966378246,0.583253030960316,9,0.4084534010835305
2004-12-17,3133754Q UN Equity,HBAN UQ Equity,Financial,all,0.0016543543422536506,0.47064692997702545,0.8703202013563981,-1.4290563034918682e-15,0.03576055514802419,4.3613324222772665,-0.09161366500758639,0.8686497084904614,9,-0.2175710027609518
2004-12-17,IP UN Equity,APD UN Equity,Basic Materials,all,0.0018294854680717806,1.181234497551253,0.6566607284955912,-5.152573524542394e-16,0.04777089006678621,4.7157151977549425,-0.9600083892147148,1.6119260658436139,10,0.9374381673860448
2004-12-17,STI UN Equity,BBT UN Equity,Financial,all,0.001845999896495527,0.8601545018438709,0.9163974415538345,9.849670936418056e-16,0.056790094290280306,13.591010446026829,1.2673716084269582,1.5166408045315616,6,1.383869500619109
2004-12-17,KSE UN Equity,AEE UN Equity,Utilities,all,0.0020651713550961415,0.5616031663637289,0.7980334250275909,-2.7328566760003855e-16,0.037123379133453656,4.6369431249116255,0.7908745269472458,0.7281573231372499,6,0.8081126778691241
2004-12-17,CLX UN Equity,PG UN Equity,"Consumer, Non-cyclical",all,0.0022302928366309603,0.05836663716641683,0.9788437735409159,-9.65040013712636e-16,0.04324049231071212,4.085303670674943,0.3242838616593168,0.7338237165601778,14,-0.06622969095392262
2004-12-17,CINF UQ Equity,KEY UN Equity,Financial,all,0.002709002290768864,1.4958731844109487,0.6380225770301099,-1.2838732925793477e-15,0.04869345817805511,7.415226711002155,-1.4705042231923786,0.8681360250961483,2,1.511911088851779
2004-12-17,1281683D UN Equity,MKC UN Equity,"Consumer, Non-cyclical",all,0.0028418391920846217,0.6392198146587081,0.8589268007086162,-1.303800372508517e-15,0.04923625344351128,4.55192793651137,0.3026563828978633,0.8668478435693129,11,-0.10445180188578418
2004-12-17,FMCC UN Equity,FNMA UN Equity,Financial,all,0.0028992870142551873,0.9531773290052328,0.7365824230142067,4.355490327375614e-16,0.06527423499997942,22.4657995683062,1.1408023624122965,1.4232377729083427,7,1.1437367602589414
2004-12-17,WAMUQ UN Equity,BAC UN Equity,Financial,all,0.002946525363353151,1.4051717155504972,0.6170391622148435,7.51535585900106e-16,0.06222900385111157,5.591496496042794,-1.1554657142109654,1.4776947310009945,4,1.3459489734563437
2004-12-17,PEP UN Equity,HNZ UN Equity,"Consumer, Non-cyclical",all,0.0030659144520959842,0.05282287490260035,1.0693147106578564,7.287617802667694e-16,0.05115389670118322,3.920113651610006,0.6323102363977775,0.678265157140011,3,0.8705272166670407
2004-12-17,1288652D US Equity,EQR UN Equity,Financial,all,0.003072868142915256,0.8207507881219731,0.9003915210433092,1.7877437422169187e-15,0.06857801169484685,9.023570003376037,0.43362713222851096,1.6111119212324652,5,0.6605517071526378
2004-12-17,ITW UN Equity,BNI UN Equity,Industrial,all,0.003200323587284428,0.37346366698490335,0.9485228427272316,-5.266442552709076e-16,0.06416312640036342,8.715506745606476,0.6892262183354143,1.4232849720943166,1,0.9921937788792914
2004-12-17,CEG UN Equity,EXC UN Equity,Utilities,all,0.0033785715447201634,0.02469333738696692,1.0279459367948622,1.96139401017111e-15,0.05538252614893169,5.546301112982118,-1.0739564421409928,1.4504214143371672,7,1.0958105869259471
2004-12-17,SPG UN Equity,8394653Q UN Equity,Financial,all,0.0033888984616347964,-0.5878318128041418,1.2597531348826674,2.638914727762872e-15,0.03839074574291518,3.805553437178707,0.7387826665729119,1.5713619954621536,6,0.8907254228943986
2004-12-17,ROH UN Equity,PPG UN Equity,Basic Materials,all,0.003440466546686771,0.48483391274635323,0.9423285322563058,-9.536531108959678e-16,0.04672139132511394,6.152624701937742,-0.04227528162760428,0.42908494608847453,9,0.4383756517527803
2004-12-17,764144Q UN Equity,FISV UQ Equity,Technology,all,0.0038825029392561155,0.7721466566417897,1.1195114697924498,1.1643108130043308e-15,0.05955362307691892,2.7523497125675305,0.50311901468868,1.101804795368167,9,0.15006857303934268
2004-12-17,MI UN Equity,TMK UN Equity,Financial,all,0.003882888500244321,0.5917116906035725,0.9085144335729131,-1.3948955950418633e-16,0.044645153579053576,6.326136901255447,-1.1875839879352426,1.2123645980190356,3,1.2301566537921134
2004-12-17,SOV UN Equity,GDW UN Equity,Financial,all,0.003890230973725142,-0.6841547975374496,0.9307550886354377,-9.62193288008469e-16,0.06537367728423556,6.52062079385332,-0.44099273202506795,1.157898245381514,5,0.33759923631456934
2005-06-17,MTB UN Equity,RF UN Equity,Financial,all,0.0009824122217637781,1.115898117051264,0.9981231985972343,1.924386576016938e-15,0.02979323896513165,2.992321760348075,-0.583612195572351,0.9380658876691577,12,0.047547285297515396
2005-06-17,USB UN Equity,1255173D UN Equity,Financial,all,0.001111888533320426,-0.4956622778309441,0.9887060317504512,-6.490534605500915e-16,0.03962770376617584,4.4622396738425465,-0.12805757573834886,1.8020683163319156,3,0.5669926455998361
2005-06-17,WFC UN Equity,3133754Q UN Equity,Financial,all,0.0012833142025757997,0.24975051299978862,0.9716638209679475,-7.145281517459341e-16,0.03252894395175353,3.4108560314549745,0.3062174545292778,0.6861499170027967,10,0.1828765917565076
2005-06-17,ROH UN Equity,PPG UN Equity,Basic Materials,all,0.0014191514399741261,0.1770323100948987,1.0317230583422798,9.308793052626313e-16,0.034769830152386084,3.784805730523934,0.25890924495622414,0.7582406198873453,13,-0.11433625181506435
2005-06-17,NFB UN Equity,STI UN Equity,Financial,all,0.0016565891053955191,-1.3577093613762798,1.0998832226437691,-1.890225867566933e-15,0.04049787250578628,4.825619727536603,0.540824083299754,0.9140243186148354,10,0.1307221843820946
2005-06-17,PFG UN Equity,BAC UN Equity,Financial,all,0.002019793798470863,-0.24022678440571413,1.0167503849592179,-1.3493479837751902e-15,0.04044207683367612,2.7724442803511895,-0.013870636488773866,1.0275856109093573,7,-0.30891737997404783
2005-06-17,K UN Equity,PG UN Equity,"Consumer, Non-cyclical",all,0.002241885062868675,-1.0038003205134405,1.1903206762362468,-1.3948955950418633e-16,0.04484862384003856,4.096464488280862,1.1987504953628918,0.9214487506826275,7,0.9305586138846824
2005-06-17,IR UN Equity,CBE UN Equity,Industrial,all,0.0025403984174628153,-0.10880227761407882,1.008408364348823,5.465713352000771e-16,0.04524720018710072,2.3205398814360407,-0.38627923152882127,0.6670500418189869,11,0.24116944219371295
2005-06-17,FE UN Equity,CIN UN Equity,Utilities,all,0.002612824114079421,-0.7000335061232466,1.1875772246102412,3.347749428100472e-15,0.04898764247056655,4.315891218934867,1.286401897145365,0.8248279894947209,2,1.37898230911362
2005-06-17,KEY UN Equity,NCC UN Equity,Financial,all,0.0026216804203597938,-0.10883261406010529,0.9903307671605848,9.337260309667984e-16,0.05713293759434379,19.307146482383352,1.268852093760642,1.156811585228772,4,1.2145196810263317
2005-06-17,MDT UN Equity,GIS UN Equity,"Consumer, Non-cyclical",all,0.0027852097839453148,0.6413087906891248,1.028546799265426,1.1073762989209895e-15,0.04715966545672091,4.397847087266664,0.41334292911646364,1.3030379522173532,5,0.4280413536326565
2005-06-17,PNW UN Equity,D UN Equity,Utilities,all,0.0028898461245137363,-0.11155492495882512,1.086899130370014,2.8638060583920705e-15,0.05929388390541442,4.319109662120076,0.900728222783954,1.0762395211274638,2,0.8742012630294252
2005-06-17,AEE UN Equity,KSE UN Equity,Utilities,all,0.0029113001411972105,-0.1772096034735603,1.1078665422900753,-1.0248212535001444e-15,0.04042087517664429,5.361531694030154,0.9950663491750346,1.367455506734414,5,1.058018067750882
2005-06-17,AXP UN Equity,LEHMQ UN Equity,Financial,all,0.002963452421625604,0.43918857974551057,0.9048165462585378,5.266442552709076e-16,0.06326232342609174,6.50852819826303,-0.06092163144125562,1.518872267616839,1,0.4288897617343144
2005-06-17,TMK UN Equity,MI UN Equity,Financial,all,0.002986300984370422,-0.21572191854048064,0.9667845315229576,7.714626658292755e-16,0.04763061969607069,7.541676772574403,0.27226718718235965,0.6366217101525896,7,0.37384684861087397
2005-06-17,NTRS UQ Equity,MEL UN Equity,Financial,all,0.0032418265818460476,0.3249621667977787,1.0157884578390237,1.7592764851752481e-15,0.05941516190708424,8.150162933508835,1.106637213266698,0.8165848329278946,3,1.1592616869770742
2005-06-17,CPB UN Equity,HNZ UN Equity,"Consumer, Non-cyclical",all,0.003296466722423463,-0.4526861345255967,1.0409062691185733,-8.340906313209509e-16,0.052784152969689385,5.978918080673668,0.7614390407440627,1.3615696065674079,3,0.9200771974807004
2005-06-17,9876566D UN Equity,PCL UN Equity,Financial,all,0.0033634565967170914,1.0565427793539768,0.7217694860378279,1.0276679792043117e-15,0.061641241170740046,6.308966504572943,-1.428789359019538,1.0483947553666697,1,1.4260495489623786
2005-06-17,EMR UN Equity,SNA UN Equity,Industrial,all,0.003478672999504611,-0.41936778784188106,1.109556238961746,6.917543461125975e-16,0.06680383504620398,5.388834047752386,1.3231996060425206,0.9700940105094598,3,1.2035619001724904
2005-06-17,HIG UN Equity,LNC UN Equity,Financial,all,0.0034982267571847785,-0.05768221226386702,1.1114463400343628,9.62193288008469e-16,0.05801658631521253,3.9048210432804837,0.5692512115182301,1.555068674570588,2,0.9107709198852286
2005-12-16,1255173D UN Equity,WFC UN Equity,Financial,all,0.0012643237111308497,-0.2096420846428334,1.210481683280764,-2.4851915397378503e-15,0.034968412662375034,5.492232071489517,1.131666785130309,0.993549672245003,8,0.7381380061434158
2005-12-16,CMA UN Equity,USB UN Equity,Financial,all,0.0016066030770206068,0.6570911740304233,1.0090466995762124,9.564998366001348e-16,0.03231293387392055,2.5540684299631273,-0.5423768494401796,0.8197928260561457,8,0.34108047123673857
2005-12-16,1288652D US Equity,PNC UN Equity,Financial,all,0.0016380082730559193,-0.28695592779750395,1.0492933040720136,-2.9890619893754217e-16,0.03633606388380189,4.232252989567272,-0.4966351510360749,1.0353098707663193,9,0.08133592498930536
2005-12-16,PPL UN Equity,ETR UN Equity,Utilities,all,0.0016659974092515437,-1.481924308216485,1.115750958417077,2.2773805633336544e-17,0.03644618497402714,4.499302962852061,0.3348864998420679,1.8932419591710947,9,0.5231771817412363
2005-12-16,RF UN Equity,MTB UN Equity,Financial,all,0.0017710239531408133,-0.3698648811735138,0.83390994160233,4.2131540421672605e-16,0.03175341509036348,4.9105404107500465,-1.0141054609678113,1.1461313903063008,7,0.800497723915548
2005-12-16,KRI UN Equity,TGNA UN Equity,Communications,all,0.002020091768363879,1.4272547950637549,0.7528453549273597,3.900014214708883e-16,0.043124041695549654,7.653755452945552,-0.21157802923593733,1.0254555890569468,3,0.08671502020433891
2005-12-16,NFB UN Equity,STI UN Equity,Financial,all,0.002025537465078643,-1.2994009984386699,1.0820950380475136,-8.255504542084498e-16,0.0413818471348074,5.161726185990767,-1.0822880234036838,1.0557759614437747,6,0.8365640284554219
2005-12-16,AEE UN Equity,SO UN Equity,Utilities,all,0.0020328116533624447,-0.4455366128930563,1.2483968077501901,-3.216800045708787e-16,0.03280309225142622,5.24295776609106,0.13138973728998107,0.8431932695791435,2,0.201948820515046
2005-12-16,PNW UN Equity,CIN UN Equity,Utilities,all,0.0021082327124657295,-0.5647846469366827,1.1613515487616652,-7.97083197166779e-17,0.0328239547538332,4.35085503478043,-0.2698335772363962,0.8509332054146364,9,-0.01874477974986033
2005-12-16,MS UN Equity,C UN Equity,Financial,all,0.002147052014643524,-2.898103136441984,1.0876551511246646,3.925634746046387e-15,0.045480726944860314,3.949548796664752,0.5793234671717401,1.1844681330062456,6,0.44861730809707456
2005-12-16,SHW UN Equity,PX UN Equity,Basic Materials,all,0.002149946748760691,0.06953464367249293,0.9709895198217442,-1.0618286876543164e-15,0.05249420695259855,7.2088592476917235,-1.4470313262843708,1.515366032772629,5,1.6126883418542388
2005-12-16,MI UN Equity,AXP UN Equity,Financial,all,0.0022343074670394198,-0.5557141394404084,1.051192761441413,-8.967185968126264e-16,0.049364311063386714,5.637018045598444,0.9185977377316261,0.90288327171675,5,0.7707597388543299
2005-12-16,0961514D UN Equity,ED UN Equity,Utilities,all,0.0022398700258913712,2.205812423076551,0.41547839335165715,7.202216031542682e-16,0.035887729032972125,5.8133935516975095,-1.407575749080031,0.8367061551045519,1,1.5358580883820894
2005-12-16,HON UN Equity,UTX UN Equity,Industrial,all,0.002417166329512418,0.02364344960420681,0.9006545787468381,4.440892098500626e-16,0.050827199660591606,5.765547179494726,-0.9732296705168642,0.9944725735461057,6,0.6787724297188872
2005-12-16,ROH UN Equity,APD UN Equity,Basic Materials,all,0.002443039966460667,-0.28139883440677904,1.0248412034050733,1.3493479837751902e-15,0.035865082563459466,2.7327622522959185,-1.335572284712599,0.6033664136821758,2,1.740802900298572
2005-12-16,VNO UN Equity,PSA UN Equity,Financial,all,0.0024930415547035948,-0.5916864207945217,1.1176796854135642,2.217599323546146e-15,0.0402154906807168,4.371110011939873,-0.20917769250471893,1.029624462135227,13,-0.41162817160514065
2005-12-16,1683997D UQ Equity,PBI UN Equity,Technology,all,0.002503458371827407,-0.44005397668170987,1.071500642478672,2.220446049250313e-16,0.06036729280033341,5.858704558517103,0.2700779431680198,1.573122916452793,3,0.5731407056107276
2005-12-16,PCL UN Equity,8206908Q UQ Equity,Financial,all,0.0026443512616929664,-1.1400173933076503,1.233749077892872,-2.8239518985337313e-15,0.04296436036381087,3.651815733736125,0.6445110385677821,0.6860776608524637,9,0.5712754879918602
2005-12-16,MER UN Equity,MBI UN Equity,Financial,all,0.0026579924585111085,-0.5837049164364628,1.135775338284717,3.2595009312712928e-15,0.05691422669204822,4.753557840207349,1.3186414622553466,1.1691627020768607,5,1.2249293156224619
2005-12-16,LNC UN Equity,TMK UN Equity,Financial,all,0.0026861223588308947,0.5209926225638104,1.0530860093579602,6.348198320292562e-16,0.055493491591771214,7.467334296802026,0.478164142795446,1.165657591993277,5,0.38144952721396874
2006-06-16,8394653Q UN Equity,KIM UN Equity,Financial,all,0.0005435621298399714,0.37676174447266936,0.9909875311003712,3.7861451865422004e-16,0.025099465986777706,2.905792084136417,-1.2206806966140327,1.300936175626047,10,0.9837648370056229
2006-06-16,USB UN Equity,WFC UN Equity,Financial,all,0.0008177498561308976,-0.1483179297862241,1.0325764354705824,9.992007221626409e-16,0.024429587912829842,4.498232029970628,-0.9476476708606189,1.3437377645139061,4,1.0431027782349764
2006-06-16,KEY UN Equity,AXP UN Equity,Financial,all,0.001003677126763036,-0.13051948488393292,0.9352733680018057,5.978123978750843e-16,0.03483562181273335,4.357967082458355,-1.1133148767309353,1.2515696358094666,5,1.0877133489499957
2006-06-16,SO UN Equity,ED UN Equity,Utilities,all,0.001148546932028147,-0.7566613700433293,1.117964243237622,2.633221276354538e-15,0.030614269931384688,6.297151753520323,0.7039751434007263,0.45637486686607226,4,1.288415874127571
2006-06-16,RF UN Equity,BBT UN Equity,Financial,all,0.0011988332831401568,-0.36111078707386945,1.044324439883101,-8.141635513917814e-16,0.03776588816277864,4.884823792247453,0.18683095335909009,1.3404983135244344,3,0.3298723739577589
2006-06-16,ROH UN Equity,APD UN Equity,Basic Materials,all,0.0013369459078305195,0.036921779971973184,0.9449377183181187,-3.700743415417188e-17,0.03466040859774129,2.7938453770022185,-0.09199358784270822,0.8948870451514452,13,-0.4469486369505972
2006-06-16,VNO UN Equity,PSA UN Equity,Financial,all,0.0013768433012118883,-0.10391887681852423,0.9935936028342185,1.7365026795419115e-15,0.03671161600426998,5.167078900262875,-1.1088157387850843,1.3505991183954467,6,1.109364024193177
2006-06-16,DTE UN Equity,PNW UN Equity,Utilities,all,0.0014293449879166599,-0.10772306049435362,1.0348740784477708,1.468910463350207e-15,0.031148411215807272,4.085169185197702,0.4271739332513213,0.593355270206035,10,0.449135886041532
2006-06-16,NEE UN Equity,D UN Equity,Utilities,all,0.0016242701293536087,-1.0207636997074467,1.308710989560022,-1.084602493287653e-15,0.03075937556069225,2.599642848475215,-0.2617988636840687,1.4046625901178142,12,0.0015959882469587239
2006-06-16,AEP UN Equity,AEE UN Equity,Utilities,all,0.0016356096851274499,-0.5820290305047412,1.0546147064336018,-7.572290373084401e-16,0.03872981954981843,6.88486119855715,0.5404764580994821,0.8215007014471825,5,0.48709894574320933
2006-06-16,1649858D UQ Equity,ALL UN Equity,Financial,all,0.0018326830089513723,-0.0907718857791675,1.0113668812376786,2.414023397133674e-15,0.04725030140759047,5.066900620163611,0.8624141697897874,1.214909826596448,5,0.8070840270350497
2006-06-16,COP UN Equity,APA UN Equity,Energy,all,0.0019283257016985684,-1.0108574804254535,1.1529095783207488,-6.234329292125879e-16,0.04434484354786437,3.8787912976985752,0.9629939023378546,1.3970209066625978,10,0.7973359478998385
2006-06-16,3133754Q UN Equity,PNC UN Equity,Financial,all,0.0021212945085275097,0.942362173437484,0.5671874177144973,8.312439056167839e-16,0.046129619291535216,9.476812744333447,-0.9752648971451171,1.4030070250084279,1,1.263882705386496
2006-06-16,1255173D UN Equity,STI UN Equity,Financial,all,0.0021394906433889705,-0.9104119335720697,1.1311488612038376,-1.004894173570975e-15,0.04789766932175121,7.801815162705963,0.9395853921097436,1.034902652157667,7,0.6238927585172316
2006-06-16,NTRS UQ Equity,FII UN Equity,Financial,all,0.002446478683588806,1.1240605474583405,0.7914637877601947,-8.540177112501205e-18,0.05757239886484783,7.461477217178767,0.4429864648333042,1.5383145829226137,8,0.4736738552630265
2006-06-16,JPM UN Equity,C UN Equity,Financial,all,0.002470829561087055,-2.7982623490456007,1.0446291596089774,2.7470903045212208e-15,0.056941909216806516,13.773871911117709,0.77533475083037,1.39620436892517,3,0.9590921405338925
2006-06-16,DGX UN Equity,LH UN Equity,"Consumer, Non-cyclical",all,0.0024787207913546595,0.43777132438111427,0.8853885049994556,-3.2452673027504574e-16,0.05364975014602549,6.877446837874993,-1.2643933606279654,1.3448663755916141,3,1.4106880197438114
2006-06-16,XOM UN Equity,CVX UN Equity,Energy,all,0.0024896783629021523,-0.23363634976682499,1.0572528656984628,1.8475249820044273e-15,0.043140913736275543,10.330604186124777,0.968409936110288,0.6505534578189646,2,1.298341740933079
2006-06-16,GD UN Equity,UTX UN Equity,Industrial,all,0.0025604992817359947,-0.1072694690089292,1.040628960833017,-6.348198320292562e-16,0.05168447548455056,6.285171763479305,0.9450289032791171,0.9666262290448769,8,0.578972287852323
2006-06-16,MWV UN Equity,UPS UN Equity,Industrial,all,0.0025950480440774296,0.041329646675758516,0.7430024271014427,2.761323933042056e-16,0.061064604093769674,6.765529931663043,-1.3703703975506243,1.3434320844287846,5,1.4155979941209584
2006-12-15,8394653Q UN Equity,KIM UN Equity,Financial,all,0.0004455413522632653,0.45035814573624855,0.9690251116879631,4.099285014000578e-16,0.02259871476056157,2.5334794739657123,-0.6832940275518308,1.4522439208357107,10,0.5564039194020443
2006-12-15,AEE UN Equity,SO UN Equity,Utilities,all,0.0007500287363717307,0.5037277599844998,0.9769800761403001,-7.91389745758445e-16,0.0241552554653639,4.194032118972884,-0.3857906488745174,0.9622422848972323,6,0.12427965349866732
2006-12-15,CMA UN Equity,HBAN UW Equity,Financial,all,0.0010164055056299725,1.5443549276166604,0.7924138380671659,-2.049642507000289e-16,0.03277259328537111,5.596190855223346,-1.2609156413039888,0.8451270276244927,2,1.3291839756774606
2006-12-15,RF UN Equity,BAC UN Equity,Financial,all,0.0011605687746009453,0.39756901529261973,0.814224524262822,-6.68980540479261e-16,0.03299397936284254,4.258091804687913,-0.8591831818838319,1.5518234449100994,1,1.2486138374508566
2006-12-15,AXP UN Equity,KEY UN Equity,Financial,all,0.0011776484931305929,0.16927560218572973,1.0603469599894297,7.51535585900106e-16,0.039387961371007536,6.956845686465032,1.2009427584397767,1.307377339630629,6,1.1689658580940074
2006-12-15,STI UN Equity,WFC UN Equity,Financial,all,0.0012856258470156127,2.1022142039822453,0.6343978928404824,-1.383508692225195e-15,0.031148735334881217,4.889766613206401,-0.9459720150129443,0.7276416956686999,5,1.0139185432361546
2006-12-15,PPL UN Equity,PCG UN Equity,Utilities,all,0.001516807437146566,-0.2896454591912114,0.9964913455058446,1.209858424271004e-15,0.03616156649073801,5.1779453056847915,-0.555751530827548,1.1638141980482986,8,0.3074542437257336
2006-12-15,NEE UN Equity,ETR UN Equity,Utilities,all,0.0015428208813416501,-0.6548349053986194,1.023456223606896,5.4372460949591e-16,0.035576147247075064,4.926548358572644,0.300925383786578,0.6465325047647638,12,0.13705718776228948
2006-12-15,BXP UN Equity,0574018D UN Equity,Financial,all,0.001593644764710705,0.2933968446261434,1.0780895179998324,-1.130150104554326e-15,0.03627965825165219,4.506626937051673,1.1053399098864336,1.2306588546273869,4,1.1128895900278832
2006-12-15,PFG UN Equity,9876566D UN Equity,Financial,all,0.001595807597266079,-0.2646489300980739,1.0782458123529344,-1.7336559538377444e-15,0.03955601483216495,4.365685312510761,0.5188819648246509,1.1588178713547501,12,0.06628237391318614
2006-12-15,DHR UN Equity,ECL UN Equity,"Consumer, Non-cyclical",all,0.0017093649968188444,-0.08116632834276566,0.8861930085207126,-5.579582380167453e-16,0.03456050180149424,2.9084468439356193,-0.3107018109555093,1.3987268145134952,6,0.3462642156004605
2006-12-15,HSH UN Equity,CAG UN Equity,"Consumer, Non-cyclical",all,0.0017270167233548728,0.9421681522810728,0.9249764770870872,1.2212453270876722e-15,0.056669214962133986,7.224940615617708,-1.105048507413638,1.8043268825603613,5,1.445236111398073
2006-12-15,DD UN Equity,PPG UN Equity,Basic Materials,all,0.0018781126091857007,0.8994352064678379,0.8190278206846981,8.710980654751228e-16,0.05124243606175662,9.957999255432062,-1.2733168376365829,1.1215281806168131,2,1.2880090399109756
2006-12-15,TROW UW Equity,2942331Q UN Equity,Financial,all,0.001927018362483486,-1.2155291128252719,1.0019928506034335,-3.4445381020421524e-16,0.053438590188003024,6.508639060936066,-1.1038552098796588,1.6975291228729796,5,1.383028946514857
2006-12-15,ZION UW Equity,MTB UN Equity,Financial,all,0.0020976782114705697,-0.9937804680029313,1.12681644343482,4.196073687942258e-15,0.04289930559811447,4.842128715957129,0.7469801945477058,1.1812343894161623,3,0.7635401789771293
2006-12-15,D UN Equity,0111145D UN Equity,Utilities,all,0.002103155819990651,0.6119178751640912,0.8098094274706027,-2.6474549048753733e-16,0.04263675562789274,8.111272343834393,-0.790766708941674,0.9029445643649948,7,0.5428608269062563
2006-12-15,VNO UN Equity,SPG UN Equity,Financial,all,0.002184568928325806,-0.4902532475641686,1.0916347405060272,2.0268687013669524e-15,0.042408704986827035,6.69640273492135,0.41061003364772963,1.3089583269046996,5,0.42984168424343516
2006-12-15,UTX UN Equity,EMR UN Equity,Industrial,all,0.0023238074076275305,0.4434859288180903,0.988097374410678,-4.3270230703339434e-16,0.03818201753322882,3.62319447837286,-0.13010990205666972,1.1043459261216648,8,-0.17063686029048122
2006-12-15,SPLS UW Equity,COST UW Equity,"Consumer, Cyclical",all,0.0023594061127244926,-0.541942309042544,0.9419866226845391,-3.956948728792225e-16,0.04592426244243148,3.847461283696197,0.248832890249543,1.1357178064340916,12,-0.22390223013947436
2006-12-15,NI UN Equity,PNW UN Equity,Utilities,all,0.0023683550304000613,-0.026712986268965542,0.5832103574104167,-3.416070845000482e-17,0.044490685739937565,9.280040433978257,-0.9101429790934993,1.0185663455627212,2,0.8285390741208095
2007-06-15,SO UN Equity,ED UN Equity,Utilities,all,0.0006075960979860766,-0.2877254119164407,0.9973086701771027,5.579582380167453e-16,0.020265457238983767,4.908698886822821,-0.25860540114263664,0.9988114149050255,6,-0.04020530683490703
2007-06-15,KIM UN Equity,8394653Q UN Equity,Financial,all,0.0006636640618802945,-0.6380907425964641,1.0777231020875848,5.693451408334136e-18,0.026087778897619752,2.4744999283693234,0.9434010952239937,1.2215080999337984,9,0.6934873380546274
2007-06-15,MEL UN Equity,LNC UN Equity,Financial,all,0.0008926763077286216,-0.313749488730808,0.9632900376730474,-4.867900954125687e-16,0.03149181248960396,2.802044286202726,-1.2739688752095244,1.1295745240847046,4,1.1958099096708805
2007-06-15,MI UN Equity,SNV UN Equity,Financial,all,0.0010461603418887087,0.17997224041362564,0.7561296134762198,2.7328566760003855e-16,0.03610542504307851,6.664107672857733,0.5489294305090029,1.4293820360644935,3,0.7561716387680487
2007-06-15,WFC UN Equity,BAC UN Equity,Financial,all,0.0010484843741371227,-0.2912071208413832,0.9756266354547151,-2.7926379157878937e-15,0.024295876397832015,3.9831910370235826,0.96117508674521,0.8495668720480343,4,0.9242037084104024
2007-06-15,KEY UN Equity,STI UN Equity,Financial,all,0.001343902299273437,0.16330461735184232,0.7827427570177597,-1.6511009084168995e-16,0.039528673513896044,9.912406174565328,-0.893260870916778,1.448290207414592,10,0.763644564284216
2007-06-15,AEP UN Equity,XEL UN Equity,Utilities,all,0.0014164930986991795,0.6096451583799758,1.0115741838474117,1.4005890464501974e-15,0.04341173564852556,10.889767319489655,-1.180783204631181,1.3857098885548171,3,1.3569957678723061
2007-06-15,CINF UW Equity,TMK UN Equity,Financial,all,0.001691934172035225,2.046389540735796,0.5304737808018407,-3.3306690738754696e-16,0.04288626090146398,9.699128006104264,-1.2304353363591516,1.4014623750491713,5,1.317951581420401
2007-06-15,PSA UN Equity,0574018D UN Equity,Financial,all,0.0017204380423332679,0.37348804207180974,1.028250453198569,-2.841032252758734e-15,0.052873128494808186,8.9671279019408,0.2518068695286108,1.8100477152734904,8,0.4451600764884257
2007-06-15,NEE UN Equity,ETR UN Equity,Utilities,all,0.0017814643205566522,-0.620503726150701,1.015386350688564,9.081054996292946e-16,0.03762320349204914,6.203189675915149,-0.22106570229756417,0.8486113428720274,5,0.13521968202995371
2007-06-15,CB UN Equity,HIG UN Equity,Financial,all,0.001797304572172102,-0.26208367244497494,0.9507211488215374,-8.027766485751132e-16,0.0420014603905113,5.13373542122799,0.11150012803523353,1.0680613218587023,3,0.027345284395611735
2007-06-15,BXP UN Equity,VNO UN Equity,Financial,all,0.001811339399809186,-0.4426263446523552,1.1658477646087755,4.050890677029738e-15,0.03712936875641157,5.6547185854721445,1.007458830046467,0.6077453148569278,2,1.405458204859325
2007-06-15,GD UN Equity,RTN UN Equity,Industrial,all,0.001904435011914419,0.1738034047654763,1.0506347300082688,2.5620531337503612e-15,0.03997960843471517,5.062284147190684,0.7856342171222981,0.5856050528535601,4,1.120743904987796
2007-06-15,FE UN Equity,SRE UN Equity,Utilities,all,0.0019124546385022633,0.27704506218963565,0.9530430207293406,1.5656991372918875e-16,0.04307404160687547,6.461514993669326,0.45713670485017494,0.9336894577018284,8,0.12574808728993947
2007-06-15,PCL UN Equity,RF UN Equity,Financial,all,0.002001905236390943,1.8808765934864544,0.48556021303686053,9.935072707543068e-16,0.054407958793728194,8.848663965107223,-0.47563394650367286,1.818169770549565,3,0.9234643210396006
2007-06-15,COST UW Equity,SPLS UW Equity,"Consumer, Cyclical",all,0.002011913618306307,1.1927799858857013,0.8619064037697218,1.7592764851752481e-15,0.04608793724371643,4.442837059366123,0.06041749598901138,1.1440267055746796,6,-0.1050282672920394
2007-06-15,BK UN Equity,AXP UN Equity,Financial,all,0.002063351199229983,-0.3428765035964368,0.9904611272324946,2.846725704167068e-17,0.0523358617851039,6.743557392559366,1.0889598291529965,1.5524935627641325,3,1.3788222176021887
2007-06-15,BBT UN Equity,CMA UN Equity,Financial,all,0.002094414882162024,2.252295947867544,0.36005387920586346,6.006591235792514e-16,0.041641679035867664,8.670460713391218,1.2675328994884183,0.8332005919123385,5,1.200013758675519
2007-06-15,EMR UN Equity,UTX UN Equity,Industrial,all,0.002116841110022058,-0.4393565027864943,1.0085423883077551,-3.6722761583755176e-16,0.03636518585267813,3.3078514072757916,-0.49640368171856253,0.6646242367004201,6,0.604937137343405
2007-06-15,PFG UN Equity,MET UN Equity,Financial,all,0.0021329165184041537,0.12446671758862626,0.9900651422832604,-3.0488432291629297e-15,0.04021927538211819,5.253068436803393,0.11171006954971907,1.2793222486679565,5,0.10804051402204345
2007-12-14,ED UN Equity,SO UN Equity,Utilities,all,0.00029753709079149727,0.6157741348744743,0.9074406398196682,-1.3094938239168514e-15,0.021976315870691893,7.302974216298689,-0.7886274358520254,1.6604599006951697,4,1.0957220484611456
2007-12-14,BAC UN Equity,WFC UN Equity,Financial,all,0.0006917169436876352,0.7484780927801571,0.8933887062666507,-5.095639010459051e-16,0.027127373617580657,5.044547549669457,-0.7613593621629545,1.0769310123017666,7,0.48547470285545474
2007-12-14,MI UN Equity,STI UN Equity,Financial,all,0.0010561550965161423,0.7262740779072012,0.6553217061733769,-6.68980540479261e-16,0.03374067606439968,5.176109392324035,-1.4396530816298443,1.0017804791142093,4,1.2414319775700424
2007-12-14,1500785D UN Equity,TEG UN Equity,Utilities,all,0.0010786322989211775,-0.8050886458392471,0.9116178252449637,9.394194823751324e-17,0.03320378283007523,4.47983598758526,0.5667455488362646,1.2818140279653227,12,0.21502183282233678
2007-12-14,1255173D UN Equity,C UN Equity,Financial,all,0.0012004338795577134,-0.07235786978186856,0.6536227371454119,-1.708035422500241e-17,0.04055686364469343,6.08304502975426,-1.3144295319515116,1.4017701757007996,5,1.4021653810929027
2007-12-14,MTB UN Equity,KEY UN Equity,Financial,all,0.0012981980382068639,1.9031223693938786,0.7899391643563107,6.319731063250891e-16,0.0332549180422255,4.330636802517212,-0.3189743840054783,1.8750599841739133,8,0.5476150344755538
2007-12-14,GIS UN Equity,K UN Equity,"Consumer, Non-cyclical",all,0.0014368911639473622,-0.3129684373941324,0.9268691571958354,6.946010718167646e-16,0.03739873986801678,6.668471859474562,0.6876766103266158,0.9256551239718273,2,0.6649301603497242
2007-12-14,PBG UN Equity,PEP UN Equity,"Consumer, Non-cyclical",all,0.001617193474883275,-0.9378016452791281,1.0666303235922368,3.2822747369046296e-15,0.04001434190904781,5.354851540233124,-0.1639083614263253,1.3788498530508444,7,0.13515807327314872
2007-12-14,KLAC UW Equity,AMAT UW Equity,Technology,all,0.0018194656919940553,0.9114908805115824,1.0325015558235742,-1.7365026795419115e-16,0.04081634247155772,2.20563460411949,0.14930123666681186,0.9182567886203697,12,-0.3654205620214521
2007-12-14,EMR UN Equity,UTX UN Equity,Industrial,all,0.0018997492051327784,-0.6123363945037953,1.0503220960458677,3.564100581617169e-15,0.04124254377522878,4.161162519070542,0.19825194002456817,1.1024763625610496,10,-0.20418917172032802
2007-12-14,XEL UN Equity,AEP UN Equity,Utilities,all,0.0019931658274325863,0.45041720844290983,0.6953795138716755,6.946010718167646e-16,0.05017346232389804,13.878856404877519,-0.8824129250748095,1.412781530972023,3,1.0779734032153736
2007-12-14,AXP UN Equity,USB UN Equity,Financial,all,0.0020435253077887845,0.04348833927685743,1.141008914341129,-9.935072707543068e-16,0.05887167852392921,7.887955531498943,1.0066236347260102,1.9157533955492352,2,1.5567345980314093
2007-12-14,BBT UN Equity,SNV UN Equity,Financial,all,0.0021485095672874347,1.6673710462980134,0.4568880436631302,-1.6112467485585605e-15,0.0427187334813211,8.138919272386657,-1.3182801586585833,0.9919710496609976,5,1.0763415145911814
2007-12-14,0111145D UN Equity,DUK UN Equity,Utilities,all,0.002158030036986512,0.5819380446787192,0.7979938536793479,2.214752597841979e-15,0.04677818695370246,7.781779670526664,-1.009859381125758,1.1257624444045322,5,0.8783199155875718
2007-12-14,ECL UN Equity,CPB UN Equity,"Consumer, Non-cyclical",all,0.0022020655918779178,-0.009278547612798912,1.0405699484624849,-2.2773805633336544e-17,0.056422064490164174,11.157784175093616,-0.1193237942749146,1.6550633107831938,5,0.3731630566219296
2007-12-14,NEE UN Equity,ETR UN Equity,Utilities,all,0.0022850691508283,-0.36184242613939227,0.9567149946690056,1.377815240816861e-15,0.03775443866356513,5.3604167261954805,-0.18634749960039054,1.0972492987493792,6,-0.02084608991191761
2007-12-14,CB UN Equity,HIG UN Equity,Financial,all,0.0023088936865313307,-0.5502901895158205,1.0166840788470701,1.2411724070168416e-15,0.043241620258657326,5.412091186147249,-0.4112444842014201,0.9884704107865063,12,-0.17715894553095257
2007-12-14,1520415D UN Equity,HCBK UW Equity,Financial,all,0.0023418648198138036,1.4897534335248568,0.7982313961341131,-4.18468678512559e-16,0.054013613663442296,3.242000243111223,-0.8382179678130471,1.4627482201334248,4,1.018534976703728
2007-12-14,KIM UN Equity,HST UN Equity,Financial,all,0.00235581078059896,0.0390581874046601,1.1896013708285502,-8.283971799126168e-16,0.05338250388196259,5.3197028739926475,0.4762374787322011,1.7888546012871263,8,0.6578130062203583
2007-12-14,2942331Q UN Equity,MER UN Equity,Financial,all,0.0023834314695120556,0.734504417183188,0.9581487192716054,-5.403085386509095e-15,0.054786039166107844,7.282555426230707,-0.9649013073762676,1.235970835993051,5,0.9267580706585112
2008-06-13,POM UN Equity,DUK UN Equity,Utilities,all,0.0009573890566539005,-1.0268613900562156,1.0674358791253526,3.843079700625542e-16,0.036875115666339005,3.0187210420479125,1.1163692962121579,1.6470439349539028,12,1.0153514227980158
2008-06-13,PEP UN Equity,PG UN Equity,"Consumer, Non-cyclical",all,0.0015092746450224548,0.061271732590384334,0.9920814817115484,-1.801977370737754e-15,0.03521675783409624,4.851976012647639,1.1815691955313687,0.540809103638064,1,1.7462581162761694
2008-06-13,GIS UN Equity,K UN Equity,"Consumer, Non-cyclical",all,0.001751444428043197,-0.908582787886905,1.0804527710601801,7.771561172376096e-16,0.038990736329712325,7.916610692589627,-0.44491930315936373,1.6787083500410083,4,0.762943961604744
2008-06-13,CB UN Equity,9876566D UN Equity,Financial,all,0.001806528655022023,-0.6820431374024767,1.1990796715137797,1.7279625024294103e-15,0.03918530518155339,4.00905141198744,0.8456970831072861,0.4859421524282206,4,1.3673627731987872
2008-06-13,NOC UN Equity,UTX UN Equity,Industrial,all,0.0018123582150724312,0.283888232666891,0.9253910626958082,-4.611695640750651e-16,0.04029212522189242,3.553260766611885,-0.23410312626962362,1.0841673897476263,9,-0.1350845640478735
2008-06-13,MET UN Equity,TRV UN Equity,Financial,all,0.0019339906823921543,-0.705989239956206,1.1963948595824832,-1.4575235605335388e-15,0.04676907649587873,4.028743785918084,1.1957788552861395,0.9452073290137728,2,1.1521298350564986
2008-06-13,HIG UN Equity,AXP UN Equity,Financial,all,0.0019940654504850457,0.9794828758572545,0.8716743797096703,-1.708035422500241e-16,0.046093884039278735,4.189608580448364,-0.044449709933630475,1.1507944954737264,13,-0.46509772059968374
2008-06-13,BAC UN Equity,STI UN Equity,Financial,all,0.002018356258127322,0.38180932733601247,0.8052015026664423,1.9073062217919355e-16,0.04615185579211674,6.548865818038031,0.4176572859796251,1.225147619727983,9,0.17071862861645687
2008-06-13,ZION UW Equity,RF UN Equity,Financial,all,0.0020444694398766613,0.7271177096830709,1.0236648225691811,1.5970131200377252e-15,0.047908763361339014,6.878801111630845,-1.1107848046965474,1.6191280823559226,4,1.3926725882801019
2008-06-13,TEG UN Equity,AEE UN Equity,Utilities,all,0.0021683246794565432,1.328970803982094,0.6689420053164268,-1.004894173570975e-15,0.04403040246201085,8.286761825843831,-0.07062754492038249,1.1267895208541177,6,-0.10999999801925509
2008-06-13,CEG UN Equity,NEE UN Equity,Utilities,all,0.002184987720734257,-0.1405816861726593,1.114801835667088,-1.8702987876377638e-15,0.05461899609290687,6.2673641570619765,1.210424836295058,1.2527581521444542,6,1.135772478530867
2008-06-13,LOW UN Equity,AN UN Equity,"Consumer, Cyclical",all,0.0022299575731476447,0.89909643231782,0.8338730004027405,-6.832141690000964e-16,0.04717458432088276,2.6272500658915776,-0.29987182469484563,1.237698967493963,11,-0.03687419095515321
2008-06-13,ECL UN Equity,DHR UN Equity,"Consumer, Non-cyclical",all,0.0022942146024418405,0.9726331347608321,0.8433669616439837,-9.109522253334617e-17,0.04663077887751336,5.16983209381995,-1.335258534011667,1.289474248807151,4,1.3894931102462555
2008-06-13,AIV UN Equity,SITC UN Equity,Financial,all,0.0026299533118539363,-0.8002355767123606,0.9854304626184458,1.7279625024294103e-15,0.052142632608985336,5.261562992455754,0.837666622876882,1.7625680661596523,6,1.1044384969331456
2008-06-13,ITW UN Equity,IR UN Equity,Industrial,all,0.002652661758131782,1.0968831836673187,0.7890119044269603,6.946010718167646e-16,0.048997130569103146,5.638904490750317,0.5262974002766558,1.0186219757436916,13,-0.10525189002894353
2008-06-13,TGT UN Equity,GPC UN Equity,"Consumer, Cyclical",all,0.00267442758256699,-0.16386862327713816,1.0982044412398289,-2.4083299457253397e-15,0.04914468722553365,3.5898722356826798,0.23684625890587457,1.4575658167385852,8,0.21361405441087367
2008-06-13,MS UN Equity,VNO UN Equity,Financial,all,0.0027172039827129536,-0.685255260805332,1.10199138227578,-2.3798626886836687e-15,0.07066258747455109,6.27693193777242,0.5297258358970061,1.9459168974033656,3,1.0454591144341467
2008-06-13,MTB UN Equity,BBT UN Equity,Financial,all,0.0027399753867408953,0.5579252452553012,1.1178117361847373,-1.6283271027835629e-15,0.04072106695515001,4.340977859932982,-1.1794971496233717,0.8677463575564961,5,1.071352971444885
2008-06-13,AVB UN Equity,KIM UN Equity,Financial,all,0.0028856864419795963,1.0988432308908886,0.9695821959879549,1.8219044506669234e-15,0.055288584888379226,7.13562352110011,-0.9881898961557208,1.5151849259526822,3,1.2537273910030344
2008-06-13,CMA UN Equity,FITB UW Equity,Financial,all,0.0029565868124951603,1.3334403491454994,0.7418337082148228,7.031412489292658e-16,0.03716758540427968,3.068295510677612,-0.16693276742520347,1.637189405426307,16,-0.14008623811384613
2008-12-12,VNO UN Equity,AVB UN Equity,Financial,all,0.001335022954258167,-0.17538616054964978,0.9522272217182095,-3.151325354512944e-15,0.04331721056299943,3.554460125224938,1.4271743096605765,1.5942983781404545,9,1.4436080608049433
2008-12-12,PG UN Equity,PEP UN Equity,"Consumer, Non-cyclical",all,0.0014146186113800302,1.2115627797701776,0.704859961240566,-1.710882148204408e-15,0.044908400540917374,9.834259490918605,0.8379298072335822,1.5920602762533147,11,0.7529587559071897
2008-12-12,XEL UN Equity,DUK UN Equity,Utilities,all,0.0018407865033340774,-1.3836192794693845,1.1070900119619296,3.549866953096334e-15,0.03159734792395205,2.9455501806924667,-0.3729250045960225,1.1028759611386176,15,-0.27915371735958977
2008-12-12,USB UN Equity,9876566D UN Equity,Financial,all,0.00185033302117499,0.12645722780829702,0.8508415997102244,-1.503071171800212e-15,0.05918026956390683,5.659904381672854,-0.6741872493889505,1.8727874968371798,8,0.9016152103743319
2008-12-12,BNI UN Equity,NSC UN Equity,Industrial,all,0.001866123427049937,0.9198895371184833,0.8829852537637582,1.8275979020752575e-15,0.049416040894168727,6.121007257961166,0.5120779547218354,1.3970497113022122,4,0.6464406186886871
2008-12-12,DTE UN Equity,0961514D UN Equity,Utilities,all,0.001925863731925349,-0.6800588717113211,1.1730849369152416,9.963539964584738e-16,0.045598482493379305,5.571843496053041,-0.3724824740539992,1.169518620465756,6,0.229074702701502
2008-12-12,PX UN Equity,SIAL UW Equity,Basic Materials,all,0.0021621204685949866,0.5943024059536001,0.9647946203625271,-5.266442552709076e-16,0.05512640027173532,4.345349557835924,-1.092983204119092,1.5210933562354891,9,1.0624125937082713
2008-12-12,CNP UN Equity,SRE UN Equity,Utilities,all,0.002226244689775227,-2.025460696569859,1.1926915219061422,1.1443837330751614e-15,0.040272211769126695,2.383324985586892,-0.9378629287073091,1.1573942535915611,10,0.5840340739239185
2008-12-12,D UN Equity,SO UN Equity,Utilities,all,0.002386457000126322,-0.6417329177547901,1.2231413840961631,1.2411724070168416e-15,0.057371088070487776,16.75628910301032,-0.0807020497569575,1.8146300636555943,7,0.3265836750219521
2008-12-12,UTX UN Equity,ITW UN Equity,Industrial,all,0.002493221803929289,1.132782456284707,0.7854965087567081,-7.429954087876048e-16,0.04977705145411725,6.068116471764074,1.4087275335735503,1.0532941456264742,4,1.2606500682930233
2008-12-12,EXC UN Equity,FE UN Equity,Utilities,all,0.0027365847606413782,-0.2751230993129356,1.0858954586763274,3.6722761583755176e-16,0.055106073681926625,5.9642088222182545,-0.6151963844084668,1.1484862176878068,13,0.10364112721165186
2008-12-12,KMB UN Equity,CLX UN Equity,"Consumer, Non-cyclical",all,0.003253286118222981,1.1227019971056507,0.7292510758238696,-4.355490327375614e-16,0.05498024918971028,12.122643314471448,0.583880821542432,1.0576599445581738,8,0.23993968985307912
2008-12-12,ADI UN Equity,LLTC UW Equity,Technology,all,0.0032570038429810353,-0.7100169121374157,1.2031530513186053,1.167157538708498e-16,0.06014172272181073,3.585263847003844,-1.257881042883832,0.9450900633127011,5,1.0643560938206629
2008-12-12,KO UN Equity,BDX UN Equity,"Consumer, Non-cyclical",all,0.003397999893797428,-0.970506852481353,0.9720177487882276,-7.94236471462612e-16,0.055030393073778584,6.816806801977602,-0.36623377373745186,1.1580570260215675,12,-0.0870226030551966
2008-12-12,PRU UN Equity,PFG UN Equity,Financial,all,0.0034008000797452168,0.7906498230056295,0.9009396228885538,1.958547284466943e-15,0.07149520103793384,8.179475465759195,-0.35861101432467685,1.676234393987581,4,0.6751608598205663
2008-12-12,PNW UN Equity,ED UN Equity,Utilities,all,0.0034052109717285107,-2.890726177487956,1.7311355364259648,2.8751929612087388e-15,0.05928502297327986,5.731795499003646,-1.3877058855394548,1.0060403494106782,2,1.293728065170797
2008-12-12,MO UN Equity,K UN Equity,"Consumer, Non-cyclical",all,0.003452919923808288,-1.9929397217763731,1.2728885398741918,-2.93212747529208e-16,0.06775756630820179,7.097600927187734,0.8225384029758617,1.9580575487745684,5,1.2444913382633729
2008-12-12,HNZ UN Equity,MKC UN Equity,"Consumer, Non-cyclical",all,0.004132502008666395,-0.34300155095564394,1.1513503663825932,-8.739447911792898e-16,0.05399755363856683,6.9618929245658006,1.2648068057541937,0.8148733889337987,4,1.2695293345651588
2008-12-12,HON UN Equity,PH UN Equity,Industrial,all,0.004186022027886997,-0.27251979225809014,0.9990846355322317,7.686159401251084e-17,0.06745338891294823,6.47758811512011,-0.4229259558752886,1.3948649725074442,6,0.4557235725623119
2008-12-12,ORCL UW Equity,HPQ UN Equity,Technology,all,0.004271920752974606,0.059871140767100726,0.9684818928305169,9.365727566709654e-16,0.07205273763634562,4.569056228783154,1.130303063443159,1.1038087806118053,9,0.779069790328609
2009-06-12,CVX UN Equity,XOM UN Equity,Energy,all,0.001389114398472781,-0.8299344028739459,1.1882596561119343,-3.6580425298546825e-15,0.04473971656069078,5.7227150947879695,0.35076085326861983,1.9373436515898317,5,0.762078636304256
2009-06-12,ED UN Equity,0961514D UN Equity,Utilities,all,0.0015101859334745718,0.5501088222643359,0.8553753724247531,2.627527824946204e-15,0.036448798592667225,6.438052537548817,-0.2589744201649083,1.9399106844905003,8,0.5216163532578989
2009-06-12,HNZ UN Equity,K UN Equity,"Consumer, Non-cyclical",all,0.002060597333703636,-0.5136797754983712,1.0989945192989097,3.5014726161254936e-16,0.048214309634925345,5.628548821672712,-0.6976562242431091,1.9842179054579676,1,1.3328810584547897
2009-06-12,LLL UN Equity,RTN UN Equity,Industrial,all,0.0021806831874462322,0.27467722694469066,1.0463940784342474,-4.18468678512559e-16,0.05835210782432895,5.206582443793342,-0.07027328039141531,1.9447902803804775,7,0.38542742665110824
2009-06-12,PCG UN Equity,XEL UN Equity,Utilities,all,0.0023495043136924146,0.8210399545631101,0.9615285105302032,7.97083197166779e-17,0.048326168594662655,5.867145598177249,-0.05738114639569825,1.0113129637076559,9,-0.38136940290587595
2009-06-12,SPG UN Equity,BXP UN Equity,Financial,all,0.0030369593749572745,0.08623555632616318,0.9448931539916849,-3.216800045708787e-16,0.05666210411446046,3.805255574755018,-0.07075172773357866,1.428284894531507,10,-0.07277392227325441
2009-06-12,DUK UN Equity,SCG UN Equity,Utilities,all,0.003147432156074873,0.30134238825414705,1.006762224696953,-9.024120482209605e-16,0.03952584297921788,4.118499526230394,-1.0715917855676225,1.1185421319014826,6,0.8836179550239269
2009-06-12,CNP UN Equity,AEP UN Equity,Utilities,all,0.003265993947328003,-0.66778921084818,0.9183058002637969,-4.58322838370898e-16,0.05388842846311789,3.4869185393055324,0.7098950930565534,1.2886293429553841,9,0.5134742217096602
2009-06-12,DHR UN Equity,ECL UN Equity,"Consumer, Non-cyclical",all,0.0034231635306048312,-1.0341382543742872,1.1504126218102828,-3.843079700625542e-16,0.06663672815042991,4.614043960046809,-0.665674700556048,1.4485467135016388,4,0.8362354878329605
2009-06-12,CPB UN Equity,MDLZ UN Equity,"Consumer, Non-cyclical",all,0.0036737321483960475,1.0433029339137856,0.8340139943661125,-4.298555813292273e-16,0.05983672901469124,5.69151800000264,-0.23722569581949468,1.4709583608045154,6,0.32313983031110616
2009-06-12,OMC UN Equity,VIAB UN Equity,Communications,all,0.003685559518597845,1.3285562241944258,0.698195840106606,1.9357734788336063e-16,0.06203019371937431,4.706065879267923,-0.23796309463102344,1.3545582580943791,7,0.19143848702383476
2009-06-12,EXPD UW Equity,UPS UN Equity,Industrial,all,0.003735839549448249,-0.2919660119840341,0.9519799855882409,-2.6503016305795404e-15,0.06516253917948824,2.8156378998725264,-0.0372204751598584,1.4685797735211152,12,-0.17848373152584446
2009-06-12,PEG UN Equity,EXC UN Equity,Utilities,all,0.004059659308883565,-0.06615780754284821,0.8791638818074404,-9.735801908251374e-16,0.06917036530715488,7.954117829219859,0.06438141057648376,1.4196521705140874,9,-0.03520669815777383
2009-06-12,SII UN Equity,SLB UN Equity,Energy,all,0.004112922745925275,-1.740209595022425,1.3123781681308209,8.995653225167935e-16,0.06497597365363703,3.041773981657592,-1.0091789933315574,1.9360787424471544,5,1.419843654110458
2009-06-12,DVA UN Equity,1284849D UN Equity,"Consumer, Non-cyclical",all,0.0041442185279237185,1.8201037451476136,0.3654801892234072,1.5998598457418923e-15,0.06816170116382042,5.196654138544964,1.465367966304998,1.5947440762927905,5,1.6820812359328008
2009-06-12,EMR UN Equity,UTX UN Equity,Industrial,all,0.004523681688782243,-0.753522255019662,1.0909231167585418,-9.792736422334715e-16,0.06261594199950264,6.0231590264320864,1.2473413082372233,1.044720476411697,3,1.1410906711856819
2009-06-12,BDX UN Equity,ABT UN Equity,"Consumer, Non-cyclical",all,0.0048576429218325085,1.2956554688875233,0.9410231832017137,-1.5372318802502167e-16,0.07194959257215436,8.379450469151353,-0.9550797450931517,1.228140730672746,10,0.6605811697768869
2009-06-12,TGT UN Equity,CCL UN Equity,"Consumer, Cyclical",all,0.004928764925361573,1.2700787016146342,0.7287158577569542,-2.818258447125397e-16,0.06480538818230565,3.0386521815491077,1.3986406791866584,1.26730941826993,6,1.3355367640253046
2009-06-12,DO UN Equity,MUR UN Equity,Energy,all,0.0049371526474118275,0.46278519084249103,1.0265368433475404,2.0211752499586182e-15,0.07032199083046373,2.5820444161398983,-0.737176047600485,1.1975203322397245,8,0.5174290766651025
2009-06-12,ESRX UW Equity,MHS UN Equity,"Consumer, Non-cyclical",all,0.005085755611230846,-0.9619516891551216,1.1493348704128172,-8.568644369542875e-16,0.07648665011688568,4.457694709186386,0.5841180106966886,1.4237889847374101,6,0.6374396278305949
2009-12-11,SCG UN Equity,DUK UN Equity,Utilities,all,0.0008104854950048078,0.21360443773506269,0.8617431104097396,1.3322676295501878e-15,0.030687534228588144,2.787869437432634,0.9201358722195768,1.184617909679807,11,0.5395561557232409
2009-12-11,ED UN Equity,0961514D UN Equity,Utilities,all,0.0010225237858938556,0.698145595877598,0.8149860077801917,1.841831530596093e-15,0.03667009856804195,6.993202527298985,1.4077854990724443,1.2462026392884835,7,1.277886538067295
2009-12-11,ES UN Equity,SRE UN Equity,Utilities,all,0.0023187874596131133,-0.3564111707120051,0.9091116605287491,2.049642507000289e-15,0.06177412083585203,6.273479963829261,-0.761413288104662,1.6495557604001025,3,1.11191930364545
2009-12-11,WEC UN Equity,SO UN Equity,Utilities,all,0.0030517702304414616,0.9881012505051878,0.597639164157933,-1.79628391932942e-15,0.045015339353425915,5.996728766303284,1.047991331498209,1.3685890967709162,3,1.2117716843002042
2009-12-11,SCHW UW Equity,PCL UN Equity,Financial,all,0.0031171502988022737,-0.017604757810745515,0.8178347177836901,1.423362852083534e-15,0.07315827945620246,3.314980821145535,0.6208981384073269,1.8279462914490379,5,0.9740912299622697
2009-12-11,BF/B UN Equity,K UN Equity,"Consumer, Non-cyclical",all,0.003321461974470973,-1.0768285811717526,0.9485368219076835,-1.5372318802502168e-15,0.06595131243593876,5.924607232039364,-0.7046755790819321,1.2665355556265114,7,0.5909608430728537
2009-12-11,CVX UN Equity,XOM UN Equity,Energy,all,0.003375287201622836,-0.7638214069981104,1.174442791196676,-3.643808901333847e-16,0.046986468296893964,6.611778885586504,0.06570726197853093,1.1470504955730185,5,-0.04709887680401609
2009-12-11,ITW UN Equity,UTX UN Equity,Industrial,all,0.0034770387092119036,-1.010744872118927,1.1649598853780716,4.953302725250699e-16,0.049322182241969006,3.5660730890828716,-0.15645594131088067,0.9583675555721858,10,-0.30102015379501157
2009-12-11,EMR UN Equity,GD UN Equity,Industrial,all,0.0034804141502758007,0.07688306106020017,0.862640308516506,2.3798626886836687e-15,0.05915114702090123,3.40949812220374,0.9813307554340801,1.1745492454528683,6,0.8422152085377084
2009-12-11,ECL UN Equity,JNJ UN Equity,"Consumer, Non-cyclical",all,0.0035840228019193053,-1.0636127858098972,1.1650395791504817,-1.255406035537677e-15,0.06668175210701362,4.904911044696712,-0.06621623699181214,1.4187763984772295,9,-0.033988954077520506
2009-12-11,KO UN Equity,BDX UN Equity,"Consumer, Non-cyclical",all,0.003653465855931467,-0.5697510747401663,0.8828419659204281,-1.6112467485585605e-15,0.0705004530788659,9.59554396869697,0.6426577768594313,1.431018286701072,4,0.8010440563186021
2009-12-11,PX UN Equity,SIAL UW Equity,Basic Materials,all,0.0036823310194251816,0.7697985790319074,0.9181015830118504,-7.401486830834377e-16,0.06222801598607132,4.309950172423171,-0.13291115439791648,1.13775963725509,2,0.16197225272718627
2009-12-11,ADI UN Equity,MCHP UW Equity,Technology,all,0.003814094210207316,0.27810763530976357,0.9121475521029951,-1.335114355254355e-15,0.06811042398258335,5.565076563200805,1.4826964784433936,1.0318210677657538,4,1.3140217465221173
2009-12-11,EXC UN Equity,ETR UN Equity,Utilities,all,0.003884307028107511,-0.9663974307505053,1.1286016144029851,-3.774758283725532e-15,0.05826205496369163,4.054800035882165,-0.013641870196652708,1.2983279593426285,5,0.02471912169708762
2009-12-11,LLTC UW Equity,XLNX UW Equity,Technology,all,0.0038934283366456697,-0.05219582194290487,1.0939544147078186,1.1102230246251565e-16,0.06874159347057891,3.784095374012459,-1.3812422410764622,1.4062465673311955,5,1.4721663870351485
2009-12-11,BCR UN Equity,PG UN Equity,"Consumer, Non-cyclical",all,0.003938978486822309,2.242114074570322,0.5300693136829221,6.889076204084305e-16,0.05849083487596817,6.45028267250371,0.10843920639647585,1.032568572993327,6,-0.15951133543443807
2009-12-11,MUR UN Equity,DO UN Equity,Energy,all,0.0040208616926449385,-0.16682992415059358,0.9089502663485731,1.3863554179293621e-15,0.06614557779139373,3.2034675154277266,0.7944913566981426,1.431999697924283,10,0.6535632142898447
2009-12-11,1684442D UN Equity,ITT UN Equity,Industrial,all,0.004185548998752326,0.4905109279572549,1.0461942561059832,1.0134343506834762e-15,0.05670303670868484,2.2940586009256125,-0.613587733106076,0.8530926624321183,14,0.07247483927476805
2009-12-11,RTN UN Equity,LMT UN Equity,Industrial,all,0.00424232669127813,0.18803375852361048,0.8385480132967437,7.94236471462612e-16,0.06227245439996635,7.400006225739112,-0.23913040654941778,1.1472714462044893,4,0.17651687424299817
2009-12-11,HSH UN Equity,PFE UN Equity,"Consumer, Non-cyclical",all,0.004314360953102293,0.102784726776397,1.0998322138326124,6.348198320292562e-16,0.0713623363700892,4.126077521077936,-1.1913998598507682,1.1007117148483305,10,0.7873568439305836
2010-06-11,ES UN Equity,0961514D UN Equity,Utilities,all,0.0018703576658977616,-0.7669691745102213,1.0776331944095474,-1.5770860401085556e-15,0.05213002177045715,5.126973176832691,1.427852632294105,1.5724958463934025,5,1.6305167004798333
2010-06-11,DUK UN Equity,SCG UN Equity,Utilities,all,0.0018949859787522488,0.15090979721319792,1.0480256896769158,-1.0561352362459822e-15,0.039920294585215614,3.820758643853435,-0.8195791555248358,0.9060399779820503,5,0.6682510036295058
2010-06-11,JNJ UN Equity,ABT UN Equity,"Consumer, Non-cyclical",all,0.0031438733400437767,1.8721395049231433,0.7009963892091289,-2.7897911900837266e-16,0.05198417583717207,8.488078124225675,0.8716158530274419,0.8926343000441189,10,0.48519415343628947
2010-06-11,XRAY UW Equity,DHR UN Equity,"Consumer, Non-cyclical",all,0.0032461049247113458,0.40950094157859857,0.9550486138468313,-1.7023419710919068e-15,0.07200837124236249,5.258598630944079,-1.228119679789887,1.6088580639272159,4,1.503644330066438
2010-06-11,MDLZ UN Equity,KMB UN Equity,"Consumer, Non-cyclical",all,0.0034537485124227943,-0.6678584655922686,0.8916780410795636,-3.8715469576672126e-16,0.05822391284230395,4.994261448359945,-1.1231682944447356,1.205428321444659,12,0.7100032517097763
2010-06-11,ED UN Equity,XEL UN Equity,Utilities,all,0.0035202207736835505,1.010015466346081,0.9095990523529643,2.34000852882533e-15,0.04306963302321781,7.000387932818928,-0.15690460315180854,0.5196570814629328,12,0.21149074682215052
2010-06-11,HNZ UN Equity,BF/B UN Equity,"Consumer, Non-cyclical",all,0.0035480798592468074,1.3097108932485446,0.9295626789140866,1.13584355596266e-15,0.05248739870611485,3.476031840530643,0.12407311605703165,0.6054777494873712,10,0.125810580058346
2010-06-11,BAX UN Equity,BCR UN Equity,"Consumer, Non-cyclical",all,0.0036908258323291514,0.06861962897054803,0.7583991864849019,-1.423362852083534e-15,0.07566658674957447,9.08495644570303,0.23971623343441298,1.7987697652167842,4,0.6268192009002422
2010-06-11,K UN Equity,MKC UN Equity,"Consumer, Non-cyclical",all,0.0037052138747328245,0.3813798964690052,0.9905013131700631,6.490534605500915e-16,0.051866021063438086,4.666799198052439,0.3282768713851045,0.4723859520363294,6,0.7782358039198809
2010-06-11,LLY UN Equity,SWY UN Equity,"Consumer, Non-cyclical",all,0.003896707749490166,0.6354470400956523,0.9895742239595317,-2.285920740446156e-15,0.0724158811553872,4.042867472247594,-0.8283303777221759,1.3152360599759305,10,0.6023465405310022
2010-06-11,HD UN Equity,LOW UN Equity,"Consumer, Cyclical",all,0.004006230565567565,0.16983873024677695,1.005839772886609,1.4774506404627084e-15,0.0648090692922853,6.581289158348493,1.2233950881669144,0.7209961958864065,2,1.4505165060411191
2010-06-11,CNP UN Equity,DTE UN Equity,Utilities,all,0.004260325634961534,-0.7088292213130336,0.9074455933672656,4.953302725250699e-16,0.07033601898155864,7.979597011061964,-1.3594713073681461,0.9392959003417867,2,1.3220960339480887
2010-06-11,EXC UN Equity,PPL UN Equity,Utilities,all,0.004383885778401519,0.46694483004795617,1.0258869417343688,-6.376665577334232e-16,0.05681443559631205,3.8095638173210644,-0.8175462951086293,0.702288037591362,6,0.8709579442598625
2010-06-11,POM UN Equity,AEE UN Equity,Utilities,all,0.004449495281622068,-0.22657543189701587,0.9064239034438929,2.7328566760003855e-16,0.0744579345909409,5.64742615298972,1.2225869215571115,1.1693344048467442,3,1.2290216237440807
2010-06-11,PPG UN Equity,IFF UN Equity,Basic Materials,all,0.004701732768580645,-0.7134924637891434,1.1048003314534396,1.3493479837751902e-15,0.05802535961931225,3.722413278474038,0.19418176916711186,0.7921594886796441,4,0.22717430201245498
2010-06-11,PEG UN Equity,ETR UN Equity,Utilities,all,0.0049930224599931865,-0.6874674628893265,0.947863871717448,2.1265041010127998e-15,0.060692601196562376,6.6949115909067345,-0.11595387657755178,0.5143623206279647,6,0.4807812344871617
2010-06-11,EOG UN Equity,APA UN Equity,Energy,all,0.005049065063962247,-0.9333188353059032,1.0338941562064115,4.839433697084016e-17,0.07448251574957204,7.24629368653685,0.34055412957916115,1.1691005636215088,10,-0.003211166291688494
2010-06-11,XLNX UW Equity,1541931D UW Equity,Technology,all,0.005159704444561123,0.5923888023895466,0.8447055279354028,1.7194223253169091e-15,0.056695118928932364,5.877517888937919,-0.6608349725110406,0.7407066671681559,5,0.7109855653423696
2010-06-11,GD UN Equity,EMR UN Equity,Industrial,all,0.005185406775642794,0.42791824642625537,1.0154709588381328,-8.340906313209509e-16,0.06951129093428916,4.423472443963517,-0.6193352114219117,0.8032227045492973,3,0.6884584742499485
2010-06-11,IBM UN Equity,ORCL UW Equity,Technology,all,0.0053716094989570825,1.7510857703785705,0.9776667966319327,9.109522253334617e-17,0.06512492377004032,5.590601815812604,-0.44103894547082184,0.8333957315758259,7,0.2732856271769946
2010-12-10,K UN Equity,JNJ UN Equity,"Consumer, Non-cyclical",all,0.002220297189752479,-0.38962935313361224,1.0407274368915602,5.778853179459148e-16,0.05508656248243811,6.325873242816143,1.4308185827057798,1.060436001114374,4,1.2894987280661443
2010-12-10,XEL UN Equity,PCG UN Equity,Utilities,all,0.002332075239053932,-0.362686862587816,0.9090512779341491,-1.130150104554326e-15,0.0409822911608768,4.743348865944334,0.11621483470156702,0.45580879459757995,13,0.2518967021974037
2010-12-10,DUK UN Equity,0961514D UN Equity,Utilities,all,0.0025391120816288526,-0.21870651481969564,1.1143185256976342,-2.6189876478337027e-16,0.0372303143279739,5.259048905338703,0.243944438004918,0.9353832082059228,3,0.16074342331468078
2010-12-10,PNW UN Equity,ES UN Equity,Utilities,all,0.00274135858636935,0.25645380162265635,1.0143298372343152,7.999299228709461e-16,0.0477489797468214,4.000064943554152,0.6386453551646418,0.5091757113404747,1,1.2636074682467637
2010-12-10,UTX UN Equity,MMM UN Equity,Industrial,all,0.003187807680420638,0.11265993884928255,0.9408591775982631,-2.599060567904533e-15,0.049518568589180134,3.801338482353854,-0.6144445338348984,0.5600884984531527,5,0.9441050086216736
2010-12-10,ECL UN Equity,KO UN Equity,"Consumer, Non-cyclical",all,0.003668148412148881,0.695520014149644,0.9390652185578933,-3.1598655316254457e-16,0.061595158909425,4.552877642193205,0.6074887484120259,0.9898800810279568,8,0.2176602218771827
2010-12-10,TWX UN Equity,OMC UN Equity,Communications,all,0.0038050364608802514,-0.2584751944276262,0.9764302263633329,-6.604403633667598e-16,0.076110545164053,6.480759275903282,1.495390190932128,1.173874764338764,1,1.6057002323197822
2010-12-10,HNZ UN Equity,BF/B UN Equity,"Consumer, Non-cyclical",all,0.003906682482635442,1.5188382671317184,0.8475976363360661,-3.131398274583775e-16,0.056850771218960865,5.084966413993636,-0.9705230228421565,0.9180048321843566,2,0.9560756474002751
2010-12-10,MDLZ UN Equity,KMB UN Equity,"Consumer, Non-cyclical",all,0.003953296524723763,-0.3504329700692151,0.8114581689462915,-3.416070845000482e-17,0.05469216888806431,5.18625478465073,-0.2373736697582721,0.662166661053161,7,0.2996116706313467
2010-12-10,EFX UN Equity,DHR UN Equity,"Consumer, Non-cyclical",all,0.004322419275265756,0.7116472896659248,0.8220653169262101,4.640162897792321e-16,0.07288169005851212,6.118360311670253,-1.4450960602445067,0.9720909592154433,4,1.2734019597047308
2010-12-10,HRL UN Equity,CL UN Equity,"Consumer, Non-cyclical",all,0.004573459826660093,-1.3005655742436097,0.9798782016813131,-1.7222690510210762e-15,0.08119543194053122,11.25076105109396,1.1193887899810047,1.342431804199363,3,1.263871538474783
2010-12-10,BCR UN Equity,BAX UN Equity,"Consumer, Non-cyclical",all,0.004636762462042593,3.023030123786726,0.4126442350703227,4.554761126667308e-16,0.0680745319398281,8.144561722730426,1.3182898951882602,1.5679931492905408,7,1.4180864480320217
2010-12-10,LLL UN Equity,LMT UN Equity,Industrial,all,0.0047711892164576716,0.4168389195387031,0.8946949105257695,-1.6795681654585701e-15,0.07630420044282638,9.66196161739614,1.2746631206702284,1.0132442522055214,4,1.0878204345483167
2010-12-10,MDT UN Equity,TMO UN Equity,"Consumer, Non-cyclical",all,0.005018587787582832,0.25479471236999535,0.8911014486038632,-4.298555813292273e-16,0.09660179504606217,8.079840431762584,-1.4402895221411205,1.6500848644157455,1,1.891116241710219
2010-12-10,PPG UN Equity,IFF UN Equity,Basic Materials,all,0.005178067614779823,-0.8058806726032341,1.1308060421736676,8.084700999834473e-16,0.05641797782451253,3.5483295300361304,-0.6025702243366796,0.4808014446078312,10,0.8348711155103377
2010-12-10,HON UN Equity,NOC UN Equity,Industrial,all,0.0052370506386229965,-0.6571197388601554,1.0948904537802033,-2.0211752499586183e-16,0.05468694567373453,2.727408365189596,-0.3038619203824603,0.9680359242039365,6,0.036348000995719276
2010-12-10,CPB UN Equity,ABT UN Equity,"Consumer, Non-cyclical",all,0.0053139505440640295,1.3494381899347256,0.6715737000242955,2.1065770210836303e-16,0.08365113307694116,11.005619257905066,1.4371503453711367,1.0226760355175546,8,1.0595731013631604
2010-12-10,SRE UN Equity,SCG UN Equity,Utilities,all,0.005347165252110665,0.9799428771912593,0.8190498224922821,-8.170102770959485e-16,0.0719034078453176,9.447760038419025,-0.9536370005967667,0.6798112094939219,5,1.0895771530531282
2010-12-10,PFE UN Equity,PEP UN Equity,"Consumer, Non-cyclical",all,0.0053751349014175935,-0.9161730094423242,0.9125496496231817,4.270088556250602e-16,0.0876315585699408,7.665881712287141,-1.3565372259814763,1.286993739446472,1,1.5588462901286788
2010-12-10,ETN UN Equity,PH UN Equity,Industrial,all,0.005492531516874745,-0.9045561063027888,1.0864598079686134,-4.2700885562506023e-17,0.055450093448460816,2.781978666537133,0.14465111899984817,0.4366626409796693,11,0.4232454896279224
2011-06-10,SCG UN Equity,DUK UN Equity,Utilities,all,0.0015408209603686553,-0.40633094296603034,1.0270572125497175,3.473005359083823e-16,0.036115820846020254,4.016096198682397,0.7904675943939262,0.6870133738113311,5,0.9158691143689119
2011-06-10,SYY UN Equity,PEP UN Equity,"Consumer, Non-cyclical",all,0.002112332896177684,-0.9773918021180638,1.0411640627814727,-8.824849682917911e-16,0.043390610610049916,2.439158304321846,0.10862331598175541,0.8481322906560227,12,-0.3266580317928897
2011-06-10,K UN Equity,KMB UN Equity,"Consumer, Non-cyclical",all,0.0022591745909036186,0.13246997211961742,0.9325988982331053,-1.4802973661668753e-16,0.047028064018488566,4.5224445097475385,-1.308586194226693,0.9252885054535237,3,1.236235886538815
2011-06-10,PFE UN Equity,JNJ UN Equity,"Consumer, Non-cyclical",all,0.0025041025124391924,-1.9642894407764482,1.166270751658236,1.4432899320127035e-15,0.07309534025036427,7.502130579457122,1.0816612024308945,1.9795144176889663,7,1.41451277346878
2011-06-10,KO UN Equity,LH UN Equity,"Consumer, Non-cyclical",all,0.0027076882774690635,-0.5813875120406741,0.9016420611221727,-8.82484968291791e-17,0.048406470371538765,3.6086749383744015,-0.16550178778783434,0.9950112159604891,6,-0.12949694264718892
2011-06-10,PCG UN Equity,ED UN Equity,Utilities,all,0.0027108720912814507,0.9569085461811565,0.735239542321084,-1.0732155904709846e-15,0.04715299743849795,5.629935521843633,-0.16249127074869618,0.8926547537506997,8,-0.12395334245024237
2011-06-10,MO UN Equity,MKC UN Equity,"Consumer, Non-cyclical",all,0.0027839013676345904,-0.7418960049433151,1.0339694885882802,2.3627823344586665e-16,0.04478010230546386,2.66500919313927,0.7496631296948778,0.9635287020997615,9,0.33681613185294085
2011-06-10,PG UN Equity,MDLZ UN Equity,"Consumer, Non-cyclical",all,0.003026590826158761,1.7873203406111882,0.7864332822381938,-9.62193288008469e-16,0.05121254769454789,5.384893985365492,-0.9164688457154547,0.6276198523828562,2,1.2822894721164781
2011-06-10,SO UN Equity,0961514D UN Equity,Utilities,all,0.003280527816651869,-0.01734089058752025,0.9598736535522431,1.810517547850255e-15,0.03536138017957401,4.827711859548798,-0.024539385668489545,0.39667330698455583,13,0.29918162705607887
2011-06-10,TWX UN Equity,DIS UN Equity,Communications,all,0.0034287752795519742,0.28464026957362226,0.879015080245941,-1.1273033788501589e-15,0.05637712261550786,4.04752672510392,-1.0806349153355992,0.6992800625482805,2,1.338338870598819
2011-06-10,ES UN Equity,WEC UN Equity,Utilities,all,0.0038485293056887645,0.007532658030995233,1.0211541032930815,-8.76791516883457e-16,0.040157984017975976,3.679913432267249,-0.03539298480597802,1.2156974358829151,1,0.1807109182140922
2011-06-10,DOV UN Equity,1684442D UN Equity,Industrial,all,0.0038597172200903074,-0.19648498464645,0.9944050268050417,4.839433697084015e-16,0.05509216067313549,2.7828737744209073,-0.11833690539351202,0.8011194085700593,5,0.09008217404815744
2011-06-10,BDX UN Equity,BCR UN Equity,"Consumer, Non-cyclical",all,0.003863538537958039,0.9376108286232961,0.760208861416157,-3.9854159858338954e-16,0.05265437380024143,4.691850759414004,-0.17843399673535137,0.7949928638390752,2,0.30785613740649387
2011-06-10,COL UN Equity,UTX UN Equity,Industrial,all,0.0038902323970314043,-0.5221538859513666,1.0663068240107167,-1.167157538708498e-16,0.0583330270785711,6.356102455855933,-1.3285768986500188,1.486128433729806,5,1.4747512703694867
2011-06-10,FISV UW Equity,IBM UN Equity,Technology,all,0.003945018418131684,-2.0611235364990255,0.9448589348359323,-5.949656721709172e-16,0.054773406033298166,4.2954266346345005,-0.1337650191270735,0.6481159671367456,6,0.267450656137878
2011-06-10,MCHP UW Equity,XLNX UW Equity,Technology,all,0.0040243508151846285,0.09849317847541697,1.0132542841438352,-1.374968515112694e-15,0.05803809088109859,4.4563468259682555,-0.18638641513244153,0.7426992517458416,4,0.28385050691816893
2011-06-10,CINF UW Equity,CB UN Equity,Financial,all,0.0041620372494439555,0.0815891913855405,0.8132617089785869,-2.2773805633336546e-15,0.056930841874784026,3.3727746279724817,-0.16468748296181815,0.7320880417075657,5,0.22654197965838474
2011-06-10,CNP UN Equity,D UN Equity,Utilities,all,0.004448035604416871,-1.6549318380119264,1.1695562397807613,7.002945232250987e-16,0.06079762483631696,5.3722241258740135,0.39454660074223064,0.9525423733955289,3,0.2931672872085145
2011-06-10,PM UN Equity,ECL UN Equity,"Consumer, Non-cyclical",all,0.004462212264184847,-0.19595813795721262,1.083824622366117,1.7251157767252432e-15,0.07765416047732682,6.405991855716302,1.2487808027699432,1.4931896178062434,3,1.49969531782137
2011-06-10,TXN UN Equity,ADI UN Equity,Technology,all,0.004733282911492069,-0.44520870561601683,1.0858986704716456,2.1606648094628045e-15,0.03975913913697658,2.0396651181555288,0.047481628086623935,0.5627360605296358,8,0.22242619786034545
2011-12-09,KMB UN Equity,PEP UN Equity,"Consumer, Non-cyclical",all,0.0014894490185598007,-0.08881042130537267,1.010185539639858,1.708035422500241e-16,0.0530612422421704,7.658627622168496,1.0697369361559395,1.783110149477244,3,1.4980960507380074
2011-12-09,EIX UN Equity,0961514D UN Equity,Utilities,all,0.0020018072789026154,0.6351417435454793,0.7776477365695211,1.594166394333558e-16,0.04278577071280409,3.975098430557322,-0.750675874379432,1.248283125677906,5,0.7224449821209931
2011-12-09,PNW UN Equity,WEC UN Equity,Utilities,all,0.0020463497826544532,0.5270995245479274,0.9481454022707605,-1.337961080958522e-15,0.036896708918360444,4.95522114744732,-0.6827596611764671,0.36879796121815817,2,1.580265976641776
2011-12-09,0111145D UN Equity,ED UN Equity,Utilities,all,0.002073907671878026,-1.2274985504707978,1.3069640124947388,5.209508038625735e-16,0.046535871558716954,4.701234428648521,1.1863849792173156,1.414250270556066,5,1.2829845257655252
2011-12-09,XEL UN Equity,DUK UN Equity,Utilities,all,0.0021131110374730294,-1.0488828478304317,1.0505132042894934,1.041901607725147e-15,0.029500779867245686,4.547121882421387,0.4039828613912763,0.7236718363394453,7,0.3774001154677267
2011-12-09,TIF UN Equity,RL UN Equity,"Consumer, Cyclical",all,0.0024279936926692777,-0.6601815505919242,1.0041514540479697,2.0752630383377927e-15,0.058882278204443264,3.753034521334967,-0.1560636783350795,1.8059673750515652,3,0.5971600684112025
2011-12-09,PH UN Equity,UNP UN Equity,Industrial,all,0.002608229040366739,0.5417319217119634,1.0001279414594946,1.2667929383543453e-15,0.06518595277494846,4.353527638280064,0.04225596568220375,1.7182851088647537,9,0.13358272941301091
2011-12-09,HNZ UN Equity,CLX UN Equity,"Consumer, Non-cyclical",all,0.0027263504319960823,-1.8968637376048598,1.3783230182386923,1.4546768348293717e-15,0.05372274037654925,3.510833342953494,1.0904331283774464,1.220899464814645,10,0.7900209817168777
2011-12-09,CNP UN Equity,ES UN Equity,Utilities,all,0.0028313692558182353,-0.9878227422551428,1.1045295992844266,-1.0931426704001542e-15,0.05873965476324164,5.965025837788716,-0.053539621915823746,1.8257700731809174,3,0.5055414778584278
2011-12-09,PM UN Equity,KO UN Equity,"Consumer, Non-cyclical",all,0.0029237823422056525,-0.2759495905543117,1.2692890985634984,-3.131398274583775e-17,0.05176854478663601,4.445330097054471,1.3429925662375082,1.2082043650563588,3,1.3821278278125808
2011-12-09,BMY UN Equity,ADP UW Equity,"Consumer, Non-cyclical",all,0.0029793553221270784,0.005394972012086326,0.8834140748323038,1.5770860401085556e-15,0.06414195539113024,8.448985598538789,-1.4360390751436696,1.508857439821902,7,1.4973917771874423
2011-12-09,DIS UN Equity,TWX UN Equity,Communications,all,0.0030083485649234722,-0.27606167758421063,1.1203358915084813,1.1984715214543357e-15,0.05037109125747941,3.4827598740786696,0.43309271290130597,1.153392639217491,3,0.42580043326764194
2011-12-09,CPB UN Equity,K UN Equity,"Consumer, Non-cyclical",all,0.003157918916979504,0.7171502503705856,0.7081334051159471,-9.223391281501301e-16,0.056140366274569795,10.165923652888543,-1.0012642555505065,0.918651949887656,3,0.9361122109114252
2011-12-09,CAG UN Equity,TMO UN Equity,"Consumer, Non-cyclical",all,0.0032457086013555955,-0.03684295503225463,0.7424238059238863,-2.277380563333654e-16,0.06743285095595236,7.04927811775289,-1.2847328531534623,1.6003844168469272,3,1.6049767140705886
2011-12-09,BMS UN Equity,UPS UN Equity,Industrial,all,0.00333836217404214,-0.0855248832882006,0.8337322552699168,-2.3229281746003276e-15,0.05149359078547194,5.312662257042305,-0.8121269238545891,0.7277335799135781,6,0.8299471832775223
2011-12-09,PPG UN Equity,DD UN Equity,Basic Materials,all,0.0033776411435407216,-0.057903904786965166,0.9851831452843056,-7.91389745758445e-16,0.044323556813005476,5.686096116452151,-0.5596898788701845,0.8878859352053632,1,0.6286018744560438
2011-12-09,MOLX UW Equity,ITW UN Equity,Industrial,all,0.0037259472534396376,-1.18953270395455,1.1027450467092565,-2.7328566760003855e-16,0.06497481081059632,5.18666156019811,1.0983389863141886,1.038594231678435,6,0.8362070847873464
2011-12-09,EMR UN Equity,UTX UN Equity,Industrial,all,0.0037450129825147773,-0.5592348558041469,1.0360159490521996,-1.4973777203918778e-15,0.06394585788141359,7.391863809229639,-0.5837547268022325,1.1748527911124034,3,0.5948975823899821
2011-12-09,BA UN Equity,COL UN Equity,Industrial,all,0.003748508132757055,-0.3190423654824988,1.1100505104078797,1.1870846186376673e-15,0.06879170120420723,7.6994813668554185,1.3094119314791859,1.1656321749121263,5,1.2126755107308755
2011-12-09,AEP UN Equity,SCG UN Equity,Utilities,all,0.003851733393678805,-0.201901210595533,1.0289991373694947,2.049642507000289e-16,0.034836451208483825,3.8322285489857704,0.21213245993566263,1.2516163963471791,2,0.3365682929717917
2012-06-08,WEC UN Equity,PNW UN Equity,Utilities,all,0.0008844823110466395,-1.0315380475966802,1.183947466285328,5.408778837917429e-17,0.026359532426630482,3.4062963296217794,0.8940139169121373,0.8684709897271187,8,0.6350350135031587
2012-06-08,SCG UN Equity,AEP UN Equity,Utilities,all,0.0009520114782639665,0.2213338717949128,0.9668584702291306,-1.4119759492668657e-15,0.03932700947286469,8.969362090997084,0.06249474410220736,1.8306678952213522,1,0.6171756144364755
2012-06-08,SO UN Equity,0961514D UN Equity,Utilities,all,0.0010622599179521731,-0.13182859258502133,0.9882537170390202,-2.0325621527752865e-15,0.02198682279906288,3.5070974047431367,-0.321345233077347,0.8130835301386803,5,0.2782666646913763
2012-06-08,D UN Equity,ED UN Equity,Utilities,all,0.0015346118189099056,-0.10161067506265124,0.9936744874546742,-1.9984014443252818e-15,0.03112579136671249,6.891430901322345,-0.8135964637907422,0.7736003073919449,1,1.0202964012813078
2012-06-08,EIX UN Equity,AEE UN Equity,Utilities,all,0.0016190031988072855,0.4567541288745665,0.9410935838819616,-1.3208807267335196e-15,0.03563455707516631,5.874137959246578,0.3595742222031291,1.361949760814217,4,0.4684915429169582
2012-06-08,SIAL UW Equity,PX UN Equity,Basic Materials,all,0.0016618303370254004,-0.03910957619783362,0.9147187693432431,-3.3278223481713026e-15,0.038035145964064085,4.5649285055738344,-0.8723020160188402,1.124657722198332,5,0.7397807584479192
2012-06-08,HRL UN Equity,MKC UN Equity,"Consumer, Non-cyclical",all,0.0017330362789741442,-1.7856878011080193,1.133970070435315,6.5759363766259275e-16,0.04655274124466949,8.160573303142227,0.5738684137616991,1.5988046393396795,1,0.9931246633761428
2012-06-08,SNA UN Equity,TEL UN Equity,Industrial,all,0.0018329093040826902,0.3924686898721907,1.0292730610353376,6.519001862542585e-16,0.05004139843134404,3.0428379346686527,0.6246452939367297,1.3687494348852156,7,0.5885427956500695
2012-06-08,SYY UN Equity,PEP UN Equity,"Consumer, Non-cyclical",all,0.0020002176429788333,-1.3414429350419843,1.1281499641179973,8.938718711084593e-16,0.0426660488866144,3.7241192927574276,-0.21178324463885054,0.943355352138005,12,-0.3299045195648291
2012-06-08,PG UN Equity,KMB UN Equity,"Consumer, Non-cyclical",all,0.0020382354356651726,1.9868703361473516,0.5178734722168034,-1.25255930983351e-16,0.04127077479332526,8.632991538521397,-1.3906424705847407,1.091992613804162,3,1.3286465839689758
2012-06-08,ADP UW Equity,KO UN Equity,"Consumer, Non-cyclical",all,0.002220993025766819,0.4331131855862824,0.9563316164983265,1.6197869256710617e-15,0.04873255241688803,7.589065994759186,-0.01957945249083061,1.1236162152576061,7,-0.2138682998438079
2012-06-08,HNZ UN Equity,GIS UN Equity,"Consumer, Non-cyclical",all,0.002308756676099281,-0.3424673457367731,1.1723436578654838,6.68980540479261e-16,0.04449883313929651,6.494600026291936,1.0690801477864136,0.8262347981320497,6,0.9599564344018059
2012-06-08,MMC UN Equity,CB UN Equity,Financial,all,0.0023345612722751067,-0.6553908909182092,0.9632817003856424,-3.216800045708787e-16,0.03659658163572263,3.2180660916224686,0.18743543922364422,0.6171309487621908,18,-0.22989051780370062
2012-06-08,UTX UN Equity,UPS UN Equity,Industrial,all,0.0023487216117804295,0.3933068100975411,0.9295807432288848,-2.7413968531128867e-15,0.05414097504641865,9.39657289837972,-0.7708054546813855,1.3299310234050794,5,0.8059325334687186
2012-06-08,DTE UN Equity,1500785D UN Equity,Utilities,all,0.002534924143999121,0.7644289437159881,1.0903009054968669,-7.401486830834377e-16,0.059590643638031224,21.274267322586233,1.4496391238128092,1.3293533431139941,1,1.6843317396239783
2012-06-08,TJX UN Equity,VFC UN Equity,"Consumer, Cyclical",all,0.002563247188310393,-0.255390588099482,0.8746303787080766,-3.8715469576672126e-16,0.06542734579279069,8.810427514336194,-1.2041658896896157,1.9078628944441345,4,1.650149601875991
2012-06-08,CMS UN Equity,ES UN Equity,Utilities,all,0.0026873261256082142,-0.8211235717058687,1.08403975113064,-9.394194823751325e-16,0.03549312838221166,5.7458234114435385,0.8183288563367557,1.24566122351125,5,0.7879953484899145
2012-06-08,KR UN Equity,LLY UN Equity,"Consumer, Non-cyclical",all,0.0027935977702181463,0.22976709341261084,0.6101553859517603,-6.68980540479261e-16,0.04873010524583777,5.8003303814479565,-0.10545195342485815,0.8737087272615647,13,-0.40953982370096503
2012-06-08,CINF UW Equity,TRV UN Equity,Financial,all,0.002806360905051155,-0.5874429477118167,0.9919252061663146,2.260300209108652e-15,0.054558857237447016,8.120128971288047,0.04728455158133618,1.4496540405083183,3,0.2686094867931561
2012-06-08,NBL UN Equity,CVX UN Equity,Energy,all,0.0030012537625562566,-0.4974412460423175,0.934343693003496,2.846725704167068e-17,0.05579943603744716,4.982194589456458,-0.43590387758595556,1.0150428530605182,8,0.05083470895253439
2012-12-07,PNW UN Equity,XEL UN Equity,Utilities,all,0.0003226170266115131,0.048796360712110534,1.1657941375663934,1.793437193625253e-16,0.020254797150074992,3.858451117811951,0.607647283343809,1.7128972243024372,5,0.8958335033975093
2012-12-07,ED UN Equity,SO UN Equity,Utilities,all,0.0003526689523878012,0.31220816367116716,0.9906643424493221,1.0675221390626505e-15,0.018054945367332636,4.845514417915378,-0.5463711975608784,0.8430893083128664,5,0.4670535830933641
2012-12-07,EIX UN Equity,DUK UN Equity,Utilities,all,0.0013053254814410224,-0.22138995532403902,0.9578096567192098,-1.041901607725147e-15,0.038407510779809584,7.815471316728646,0.8142849152392658,1.2428024010973586,3,0.8816537457803976
2012-12-07,KMB UN Equity,LLY UN Equity,"Consumer, Non-cyclical",all,0.0017351586580628003,0.5228727568196373,1.009338946382117,-1.2183986013835051e-15,0.03993216979778369,4.7560239416283325,1.432442362953382,1.2071210228626383,4,1.4206805675341572
2012-12-07,CLX UN Equity,GIS UN Equity,"Consumer, Non-cyclical",all,0.0017883256321271602,1.108186508163079,0.8548381730799726,7.686159401251084e-16,0.04018055784423436,5.380483082476141,0.5653144556888087,1.032122765209342,7,0.2469320742093582
2012-12-07,ETN UN Equity,PH UN Equity,Industrial,all,0.0018214314584259021,-0.3801478975031632,0.9597121736178802,-1.0789090418793187e-15,0.04608633817843916,6.3318246908052895,-0.970740800108604,1.8354300336437244,5,1.3280196049188104
2012-12-07,SYY UN Equity,CPB UN Equity,"Consumer, Non-cyclical",all,0.001933983995365219,1.6558949618839494,0.4872558373870769,-1.1045295732168224e-15,0.03999983684095287,4.162230525120651,0.8530040808656748,0.7429859649772409,4,0.9500822049757045
2012-12-07,MO UN Equity,BF/B UN Equity,"Consumer, Non-cyclical",all,0.0019407552795150038,0.6146646619879896,0.8996322987589469,-5.892722207625831e-16,0.04413531967091422,5.583064867407562,-0.26918957265500165,1.0873223066004274,6,0.05290764705559342
2012-12-07,SIAL UW Equity,PX UN Equity,Basic Materials,all,0.001997098626551639,-0.28196639824438513,0.9694062603895123,-4.420965018571456e-15,0.040742502805710026,5.444584758436373,-0.3024816729102423,1.2201034604051035,7,0.15141733167052512
2012-12-07,NEE UN Equity,SRE UN Equity,Utilities,all,0.0020061012515308913,0.3393778745067675,0.9224942093375165,9.735801908251374e-16,0.03805359876333289,5.771031491704991,0.8233486486183764,0.5388610831905147,4,1.2416461205396057
2012-12-07,MMC UN Equity,CB UN Equity,Financial,all,0.0020341053354222334,-0.7768568481993156,0.9925437896112703,2.0781097640419597e-16,0.03458790584391208,3.827177571462504,-0.043634204253777044,0.5509498928333572,15,-0.1102543831853875
2012-12-07,NI UN Equity,CMS UN Equity,Utilities,all,0.0020391044028287143,-1.461130087267541,1.1853284373221853,9.422662080792995e-16,0.0421847604587536,7.384679347210036,1.0103147652817535,0.6195529049695624,1,1.4390719473744142
2012-12-07,ACN UN Equity,IBM UN Equity,Technology,all,0.002059896805361202,-1.0120903006317814,0.9732545470870642,5.978123978750843e-16,0.051401835327648804,5.924875071090923,-1.0245637739049533,1.3832468696563653,1,1.2989973136631343
2012-12-07,COL UN Equity,WM UN Equity,Industrial,all,0.002182482149097368,0.568153550053471,0.9819540751232197,4.953302725250699e-16,0.05772257403956581,6.7011399130822635,-1.0267996472426244,1.3782993707871263,6,1.0476500464470464
2012-12-07,POM UN Equity,GAS UN Equity,Utilities,all,0.0021829913002767657,-0.8038199767274727,1.0170527365499906,1.1472304587793285e-15,0.044277749902460015,9.188798495337402,0.7935029352259259,0.5705278262285207,2,1.2546962709358565
2012-12-07,DVN UN Equity,APA UN Equity,Energy,all,0.002226615390365175,-0.07583077083544935,0.9328836790763828,-1.0732155904709846e-15,0.0453858401968989,3.879426264402179,0.3116428920423178,0.8742370254231007,17,-0.40395336400032655
2012-12-07,SJM UN Equity,ADP UW Equity,"Consumer, Non-cyclical",all,0.002313939135360485,0.5865278806755522,0.9743324626420293,1.764969936583582e-16,0.04235349784474567,4.386444048058306,0.2772160030145401,0.8232901783267181,6,0.1716625574042691
2012-12-07,K UN Equity,PG UN Equity,"Consumer, Non-cyclical",all,0.002404626596260233,3.5114659761702356,0.10668810581255929,-2.7043894189587144e-16,0.041316773989746404,6.654819408863987,-1.2930394200474276,0.7345340200926033,1,1.5515583871395708
2012-12-07,BCR UN Equity,TMO UN Equity,"Consumer, Non-cyclical",all,0.0025826798497737805,1.1554962423346307,0.8454299851590422,-1.5372318802502167e-16,0.06196020271652014,6.675763870089399,1.1072918460990233,1.6116076892086861,5,1.3345240915871828
2012-12-07,ROP UN Equity,UNP UN Equity,Industrial,all,0.002598026764969452,0.060849747267620435,1.117096184687972,1.5685458629960544e-15,0.04195114200509724,3.4037152011335365,1.3283428644088633,1.1883914045723114,10,1.0009434962158072
2013-06-07,ED UN Equity,SO UN Equity,Utilities,all,0.00035843160122030817,0.20850675060757404,1.017387617173178,2.798331367196228e-15,0.016901924312437356,3.8814903289670517,-0.7024353272532637,0.9575858330361049,6,0.44577524634072974
2013-06-07,DUK UN Equity,XEL UN Equity,Utilities,all,0.0007346629622420544,0.39944103953763715,1.1390746461633205,-2.9549012809254168e-15,0.021241501130100714,2.9704425624748656,-0.34791644384818377,1.2243290166431429,5,0.30030939626388786
2013-06-07,SRE UN Equity,NEE UN Equity,Utilities,all,0.0007924704022595862,-0.7621345496938106,1.17974319743,-2.1236573753086327e-15,0.03004843747111372,3.6718126074288757,1.4404127160916704,1.2001964295473466,2,1.5228979507791232
2013-06-07,WELL UN Equity,HCP UN Equity,Financial,all,0.0010786972676281072,0.41811823267840537,0.9929523637077909,1.833291353483592e-15,0.03140502142707851,7.109608847435701,-0.6654111502272886,0.9363520730673776,1,0.6811748770176648
2013-06-07,ABT UN Equity,KMB UN Equity,"Consumer, Non-cyclical",all,0.0012566027220353442,-0.9778845458329756,1.0054184705107936,2.7470903045212208e-15,0.03267743276774755,3.8733402411889104,-0.6769979235695909,1.1477523403722256,14,0.11480346681052467
2013-06-07,WEC UN Equity,PNW UN Equity,Utilities,all,0.0013615863111134806,-0.747403501460042,1.1097228381685504,-2.334315077416996e-16,0.02216071909648434,3.9217502902998524,-0.5961888825024796,1.1625916632187496,9,0.29684058795399454
2013-06-07,AVB UN Equity,BXP UN Equity,Financial,all,0.0014076652616634214,0.5028300674354448,0.9435664103728532,-1.5941663943335582e-15,0.034113376439062405,4.842830245551172,-0.6016045858701077,0.9699589441279778,7,0.2821061198918315
2013-06-07,MMM UN Equity,BMS UN Equity,Industrial,all,0.0015551741941592294,1.3150904015775908,0.9154571251045687,-3.0744637605004336e-15,0.03998303288522166,4.723408488525431,0.520880780367175,1.0803262185625915,9,0.14814383011873183
2013-06-07,CVX UN Equity,COP UN Equity,Energy,all,0.00168947617750153,0.12659982049926785,1.1270875013564343,-2.004094895733616e-15,0.042498818519541445,7.480723047851096,1.4939419754405134,0.8448611952854119,4,1.4625249064930268
2013-06-07,SCG UN Equity,AEP UN Equity,Utilities,all,0.0017709209013809857,0.5944274299474712,0.8655705954010744,-1.2183986013835051e-15,0.040037789707315405,10.499693205846619,-0.08787397640734934,0.8960104417543587,8,-0.20232281126124368
2013-06-07,LH UN Equity,BDX UN Equity,"Consumer, Non-cyclical",all,0.001961090543041546,1.6762797824688334,0.6380109004977832,-3.8715469576672126e-16,0.04885627919840148,7.887184077027912,-0.4090359935405597,1.9664808066135009,5,0.8352815462064551
2013-06-07,BF/B UN Equity,MKC UN Equity,"Consumer, Non-cyclical",all,0.0020037720125861062,-0.9656930648943157,1.014806173475254,5.465713352000771e-16,0.039568524261247365,4.170715856145585,-0.26443570951547296,1.00486596487971,9,-0.18071012614672322
2013-06-07,KR UN Equity,HNZ UN Equity,"Consumer, Non-cyclical",all,0.0020229288703848955,-1.176775206371655,0.9186547185680852,-6.68980540479261e-16,0.052321508043509345,5.139839122812202,-0.2317084119218523,1.9422551082315473,5,0.645558136825506
2013-06-07,HRL UN Equity,SJM UN Equity,"Consumer, Non-cyclical",all,0.002148295882374067,-1.9592208963376854,1.066615863972132,-1.7848970165127516e-15,0.05202213997115552,5.9503514428853554,-0.4492949018212367,1.5475406063410375,2,0.7859618670154873
2013-06-07,DGX UN Equity,PDCO UW Equity,"Consumer, Non-cyclical",all,0.002152989290814233,1.720452454951053,0.6620074455550008,-1.3635816122960257e-15,0.05004473393002331,5.054482750921277,-0.9413374958253686,1.3138744055946756,6,0.91431782958035
2013-06-07,NOC UN Equity,BA UN Equity,Industrial,all,0.002212924678119978,0.17981075981403755,0.9202041191329762,3.843079700625542e-16,0.05489757369021435,7.905280240636019,1.4402419313422115,1.0634375914673637,4,1.301748603066334
2013-06-07,MMC UN Equity,CB UN Equity,Financial,all,0.0022527222374751936,-0.615422909543055,0.9523665428528695,2.4823448140336832e-15,0.0356634091471036,4.9077877663079175,-0.7362011006523436,0.9867378938297136,4,0.5495519338977575
2013-06-07,TRV UN Equity,VTR UN Equity,Financial,all,0.00229747294749674,-0.38098963683106946,1.1470785916395516,-1.9357734788336063e-16,0.05118402496940236,3.9770191532905015,-0.1626264085687989,1.3114267372332005,7,0.08374206552098534
2013-06-07,CAG UN Equity,GIS UN Equity,"Consumer, Non-cyclical",all,0.0023106724094788538,-2.386723206934086,1.470702181142882,7.458421344917718e-16,0.04812704283864223,5.69719181168847,1.380256835469219,1.3108942404837012,2,1.550966366122342
2013-06-07,ETN UN Equity,DOV UN Equity,Industrial,all,0.00245204867060965,-0.3223116999263531,1.1363177239189024,3.2481140284546245e-15,0.04504719345349247,3.980553314020711,0.312756311019359,1.0761131805273303,11,-0.16388804640905613
2013-12-06,NEE UN Equity,DTE UN Equity,Utilities,all,0.0005503771728952631,-0.4245861432587725,1.1384456583161788,4.383957584417285e-16,0.03135132628420264,9.32321045937882,1.2627905288508046,1.8222490922928432,7,1.5128620320064827
2013-12-06,9876566D UN Equity,CB UN Equity,Financial,all,0.000685312433476668,-0.013317390999082378,0.9947815206110086,-8.198570028001156e-16,0.0204396249351672,3.3897451757148485,-1.1618489033564001,0.7811759198955596,6,1.1088038083175502
2013-12-06,ED UN Equity,SO UN Equity,Utilities,all,0.0007754319967104874,0.4546978515549753,0.9533025127561209,3.045996503458763e-16,0.01906655078832554,4.729652730045664,0.013604106730200745,1.4638588278036535,5,0.14468008852387132
2013-12-06,WEC UN Equity,PNW UN Equity,Utilities,all,0.000788295193512537,-0.7491654449432378,1.1106933565825667,-2.2005189693211437e-15,0.023349003141293713,3.935292889745227,-0.4765395063017299,0.9042931930430983,8,0.17714114888733945
2013-12-06,ABT UN Equity,CL UN Equity,"Consumer, Non-cyclical",all,0.0010174404548654544,-0.8919408143976012,1.09265322851465,-3.3135887196504673e-15,0.032187272734917435,2.943380729548916,-0.1207716216388018,1.2807132476883714,12,-0.23181123086519845
2013-12-06,XEL UN Equity,AEE UN Equity,Utilities,all,0.0010487400074538759,0.1631793392973687,0.9020087796881265,-5.522647866084112e-16,0.028312126014838634,6.3674954748275665,0.0029077340142486733,1.5434706702673462,7,0.08694129669941753
2013-12-06,CNP UN Equity,D UN Equity,Utilities,all,0.0016169794519129842,-1.317931295955404,1.0943387081041172,-4.469359355542297e-16,0.03801504543067019,4.81848938092119,-0.24374807319589023,1.2189251514839512,8,0.04171752023805081
2013-12-06,PPL UN Equity,GAS UN Equity,Utilities,all,0.0017276341114976636,0.550321219905344,0.7361859270019492,-2.681615613325378e-15,0.04191130054601573,7.627718563468643,0.7182080706267742,1.0024298381922527,3,0.5706349615355225
2013-12-06,SRE UN Equity,CMS UN Equity,Utilities,all,0.0017416297512820333,-0.09708079686291077,1.3625629656964073,-1.2297855042001734e-15,0.04585348256518304,8.104312509686169,1.3593424497714621,1.4768159469036626,4,1.549230832762157
2013-12-06,DOV UN Equity,UTX UN Equity,Industrial,all,0.0017731577967248914,-2.0682620780477188,1.316806034570311,-4.013883242875566e-16,0.0384621688291001,2.614221975727412,0.9882010494829884,0.7932543442076125,4,1.0198124215496085
2013-12-06,WM UN Equity,RSG UN Equity,Industrial,all,0.0018312383855635915,-0.19913689117200453,1.1116523009050525,-2.018328524254451e-15,0.04055746271848057,5.433851656703969,0.2050976307248952,0.8888438571770697,3,0.17293132834037062
2013-12-06,MAC UN Equity,WELL UN Equity,Financial,all,0.0019044534789844812,0.518456771639052,0.8643732889681444,-2.146431180941969e-15,0.04203974283397325,4.833558297870262,-1.4015082753945207,0.7506542437906982,3,1.5383184030464165
2013-12-06,LLL UN Equity,MMM UN Equity,Industrial,all,0.0019053588556109417,0.10085839148482725,0.927340245972201,-4.270088556250602e-16,0.03867361654368297,4.524702048651681,-0.9242439271722661,0.7249816736228566,1,1.1958528293807935
2013-12-06,TEG UN Equity,POM UN Equity,Utilities,all,0.0019170204788262685,0.7942088160206404,1.0752978925386951,-3.102931017542104e-16,0.05079484294360295,15.106272097961192,1.0658807978030689,1.1953311742290023,4,1.0443040780382453
2013-12-06,PEP UN Equity,JNJ UN Equity,"Consumer, Non-cyclical",all,0.0019273540623800144,1.3290971883425449,0.6874437441727462,-2.1976722436169766e-15,0.03132153717172978,6.229068243027597,-0.26755599707388045,0.5462738406022136,6,0.572190886475549
2013-12-06,ROP UN Equity,AME UN Equity,Industrial,all,0.00194868045611234,1.353620795744016,0.9223746564820795,2.220446049250313e-15,0.038204235416831794,4.1807669989597125,-1.263056907879204,1.113685591489241,4,1.1707317756971585
2013-12-06,KDP UN Equity,KO UN Equity,"Consumer, Non-cyclical",all,0.002007050768771261,-0.0755331140037022,1.058970615399897,2.391249591500337e-16,0.037948097717053854,4.223712595504237,0.8957099713675042,0.5644202563186177,6,1.167666141010375
2013-12-06,SCG UN Equity,AEP UN Equity,Utilities,all,0.0020947415801583964,0.8365469816274482,0.8002564500567614,-1.7222690510210762e-15,0.042453813401251976,14.796589736731395,-0.971787700706218,0.7427714306860619,2,1.1691546125999008
2013-12-06,C UN Equity,GS UN Equity,Financial,all,0.0021543407618968514,-1.8636826339757846,1.1311345293680264,-3.643808901333847e-16,0.049286879661133105,3.050869006738805,1.4042220213688072,0.9179828937104723,4,1.2897985442063924
2013-12-06,SJM UN Equity,ADP UW Equity,"Consumer, Non-cyclical",all,0.0022884486399333604,0.21496164909771695,1.0732633800032882,2.0268687013669524e-15,0.0449245092403333,4.707431640877217,0.8577448500055409,0.8319270473584177,3,0.8917553754743291
2014-06-06,SO UN Equity,ED UN Equity,Utilities,all,0.0003242046570757354,0.10364896293340085,0.9064352083473263,1.044748333429314e-15,0.02368403623011558,6.872396549138068,-0.06750544245945966,1.8207975018149636,8,0.26678003538234063
2014-06-06,CMS UN Equity,DTE UN Equity,Utilities,all,0.0004699989821127464,-0.9165700711677452,0.9997004610551458,-7.600757630126071e-16,0.016541079429445736,2.86821410374122,-0.8291934449771401,1.134382895223677,10,0.45528224340079326
2014-06-06,PNW UN Equity,SCG UN Equity,Utilities,all,0.0009422076664355981,-0.16907808667129517,1.0698304651002377,-1.969934187283611e-15,0.03428819206029865,10.926650362949438,0.9664972854403558,1.5993445746395973,3,1.2860911899101062
2014-06-06,EIX UN Equity,ES UN Equity,Utilities,all,0.0010677988734075087,-0.013057875564154173,1.0422302633491245,1.804824096441921e-15,0.03474367670084318,5.566454806538787,-0.9004194863124851,1.1522590614627088,1,0.9921439030464603
2014-06-06,KMB UN Equity,ABT UN Equity,"Consumer, Non-cyclical",all,0.0013394257893057625,0.7429106546085161,1.063691022468102,-8.710980654751228e-16,0.034101015867849485,2.9389891421344196,1.3101037164106115,0.9498130611774992,7,1.011593807869331
2014-06-06,VTR UN Equity,WELL UN Equity,Financial,all,0.0013659144494828372,-0.20544226875988852,1.0297191561015866,2.6930025161420463e-15,0.02694250281361709,6.184374740881792,-1.001741817521224,1.3350423250429964,2,1.190704813022928
2014-06-06,LLTC UW Equity,XLNX UW Equity,Technology,all,0.0013910754315096193,0.2876715244011149,0.9039872591800824,3.3306690738754696e-16,0.04232143231632257,8.998096744361753,-1.1231211415451208,1.4837878013984664,5,1.267719285094742
2014-06-06,ETR UN Equity,1500785D UN Equity,Utilities,all,0.001585394285625583,1.9447396764571625,0.787094417064025,5.237975295667405e-16,0.03989649296703157,10.341667290986567,0.7173706186740028,1.5346042516084872,6,0.845643149931063
2014-06-06,CVX UN Equity,XOM UN Equity,Energy,all,0.0016450110430710223,0.7755119917336628,0.8811491011921464,1.9129996732002696e-15,0.041399600846369206,9.599979872958619,0.4526258018947657,1.4003287932641815,3,0.639332863274045
2014-06-06,PEP UN Equity,SYY UN Equity,"Consumer, Non-cyclical",all,0.0017454621334709228,0.648970262515983,1.0553977162445756,2.277380563333654e-16,0.04644969688538955,7.415406361489481,1.2489487676831215,1.1011328881174298,6,1.0452883157946298
2014-06-06,UNP UN Equity,JCI UN Equity,Industrial,all,0.0017939860551786752,0.8875347939392052,0.9901194359624884,1.5628524115877203e-15,0.04168526493770545,4.118516302309604,0.17635820921638143,1.0068732383271308,2,0.08320793451988634
2014-06-06,DUK UN Equity,XEL UN Equity,Utilities,all,0.0018028815540602175,0.7805776574030944,1.025866031181718,3.2481140284546245e-15,0.022457837901510444,4.483650896218132,0.3394476793356616,1.4737219633365966,8,0.32723882799469506
2014-06-06,CLX UN Equity,GIS UN Equity,"Consumer, Non-cyclical",all,0.0018096418989956972,1.0624407265545242,0.8706104337727177,-7.856962943501108e-16,0.04030698126159617,8.045331054579007,-0.2829585851357718,0.989108920771977,2,0.19390940633283701
2014-06-06,DOV UN Equity,TEL UN Equity,Industrial,all,0.001867403673911278,0.36019190310138666,0.9419085220005212,-1.2013182471585028e-15,0.04259145371956954,3.415627046404579,-0.09051417998897208,0.9783206769740338,12,-0.48756804788584107
2014-06-06,PEG UN Equity,POM UN Equity,Utilities,all,0.0019371820238888561,1.7673090562892493,0.5764468589736836,2.1094237467877974e-15,0.04887480704040684,7.221328419924987,1.349888081083937,1.4742272410123998,4,1.5380220291914861
2014-06-06,MO UN Equity,CL UN Equity,"Consumer, Non-cyclical",all,0.0020260782719980085,0.24310959340065805,0.8156082631969015,4.270088556250602e-16,0.03888672581022793,6.937770321270782,-1.3771339308082087,0.663384026075577,2,1.6875351624404071
2014-06-06,PDCO UW Equity,XRAY UW Equity,"Consumer, Non-cyclical",all,0.002034363044815118,-0.40169126237850533,1.0747353100182713,2.0211752499586182e-15,0.047022175928678286,5.015714840435829,0.7044347673315078,0.984484257196375,3,0.5700721390211535
2014-06-06,LLY UN Equity,MKC UN Equity,"Consumer, Non-cyclical",all,0.002036323997469123,-0.2340255217592808,0.993529392886108,-1.084602493287653e-15,0.05463880938156706,6.897934632450456,0.30343572686808834,1.536696712289382,3,0.583070847483364
2014-06-06,CPB UN Equity,SJM UN Equity,"Consumer, Non-cyclical",all,0.002052656619746954,-0.5582122144387794,0.9342803889089195,2.1976722436169766e-15,0.04884444407924531,5.341043099575404,-0.1776111042353766,1.7162386049603708,4,0.5177461428146874
2014-06-06,PH UN Equity,EMR UN Equity,Industrial,all,0.002115392833155895,-0.5078262307796294,1.2562642689940724,-2.34000852882533e-15,0.041230038360979715,3.691084146684367,1.2587197474912193,0.9393433596997852,6,1.021293948822363
2014-12-05,CMS UN Equity,DTE UN Equity,Utilities,all,0.0002797879299647408,-0.7410928746799019,0.9575678834785223,-1.041901607725147e-15,0.015576446721529757,3.2321845350950427,-1.08863533631498,1.1085800740817515,5,0.941715320209469
2014-12-05,SO UN Equity,ED UN Equity,Utilities,all,0.0004942341820725044,0.5333060557273533,0.8021237247071487,9.394194823751324e-17,0.02201396601186315,5.518881676206858,0.6756816440720246,1.1974910618213732,8,0.45591023031484557
2014-12-05,EQR UN Equity,AVB UN Equity,Financial,all,0.0005356290867586,-0.983771929831471,1.0295034522763324,2.2403731291794825e-15,0.022906870659530027,5.3876843672558135,1.3876633611008211,0.7671518296762182,2,1.5527339056639962
2014-12-05,DUK UN Equity,XEL UN Equity,Utilities,all,0.0005897861797878542,1.137426550525319,0.9195545423921113,-1.2696396640585124e-15,0.023262172917549274,5.566316824189826,-0.31035903228517225,1.168851884454791,3,0.3163810039715732
2014-12-05,AEE UN Equity,PEG UN Equity,Utilities,all,0.0007862034256224756,-0.01823942281852163,1.0179496289755323,-3.900014214708883e-16,0.03242528260595427,4.659968745506553,1.1833844803760896,1.6969812970754963,7,1.3622354453980265
2014-12-05,VTR UN Equity,WELL UN Equity,Financial,all,0.0008569745413393589,0.32734000610189457,0.8978306584666098,-1.3094938239168514e-15,0.03430887722649118,11.748658020701905,-0.9734225756946651,1.49069785163648,8,0.972666942810226
2014-12-05,WEC UN Equity,ES UN Equity,Utilities,all,0.0009105717762770388,-0.14546743871821308,1.0354152381503017,-2.0581826841127904e-15,0.022370491319291017,5.188178159786982,0.43330641577095635,0.8983982728027095,11,-0.009551786143367491
2014-12-05,MO UN Equity,KDP UN Equity,"Consumer, Non-cyclical",all,0.0010023623838529374,0.5395815369405514,0.7857622678686338,9.536531108959678e-16,0.03226544470548347,3.937407752098252,-1.4650242152516595,1.1616434401790319,1,1.5648599764891495
2014-12-05,BDX UN Equity,ADP UW Equity,"Consumer, Non-cyclical",all,0.001006273440462586,0.14254177378364705,1.0801835168391292,1.930080027425272e-15,0.036719319862167345,4.0964387553387125,0.6350576440807686,1.4203860222361118,5,0.735986325395483
2014-12-05,SYK UN Equity,DHR UN Equity,"Consumer, Non-cyclical",all,0.001022986099415243,-0.04829268176545626,1.092947847880438,2.226139500658647e-15,0.03403947257338973,3.461152007882241,0.9186011233828757,1.1116855959919476,3,0.8744785418161939
2014-12-05,ESS UN Equity,VNO UN Equity,Financial,all,0.0010402373923187216,1.565402802947023,0.839795440577112,-9.849670936418056e-16,0.035928154195919146,6.260507153166128,-0.24175191233699866,1.52568376491957,3,0.5141945923474467
2014-12-05,PRU UN Equity,MET UN Equity,Financial,all,0.0010507846661999833,0.36535923852997526,1.0629432474850136,-7.316085059709365e-16,0.029337127536435182,4.063818964209347,-0.11054410719482352,1.1304448767458635,7,-0.11684464132367822
2014-12-05,CB UN Equity,TROW UW Equity,Financial,all,0.0011004077589793918,-0.3755442549319091,1.136108191321871,1.3493479837751902e-15,0.040737552528333824,4.943100222922827,1.4068359717246803,1.4765802944576187,6,1.4965647740649741
2014-12-05,HBAN UW Equity,WFC UN Equity,Financial,all,0.0011020027933779828,-1.5752041903635763,0.9834563209662698,-1.7792035651044176e-16,0.03929981854556449,5.426925745705439,-1.0168390862647168,1.655563353498233,3,1.370980432035536
2014-12-05,CL UN Equity,CLX UN Equity,"Consumer, Non-cyclical",all,0.001141176186654874,-0.39628952987416194,1.0116262029554788,-4.358337053079781e-15,0.03632104591537081,7.396948253463912,0.8174062910964949,1.243751745089592,4,0.8355387036732853
2014-12-05,KMB UN Equity,ABT UN Equity,"Consumer, Non-cyclical",all,0.0011783742865344759,0.8871075900895148,1.0194540743003773,-2.3627823344586664e-15,0.03925237004193736,3.840068167046895,-0.5602162664659152,1.7150331653288786,5,0.8496486852810201
2014-12-05,SCG UN Equity,PCG UN Equity,Utilities,all,0.001338812454429488,0.49318450007157655,0.8980739826610337,-1.2610994869460112e-15,0.031990963724602375,5.148330834813569,0.924727732063772,0.693741696145049,6,0.9903833155775501
2014-12-05,AXP UN Equity,CMA UN Equity,Financial,all,0.001454048226753539,0.6464995137649419,0.9904511450553499,-7.572290373084401e-16,0.03702970249640562,2.8660393859228948,0.10731258753155981,0.9050011058379666,4,0.007131700894112247
2014-12-05,PLD UN Equity,KIM UN Equity,Financial,all,0.0015407366542945441,0.6846804240273265,0.9652262988935266,3.9854159858338954e-16,0.038202853019499966,6.827502920171335,-0.060783710990159265,0.9617776358895596,9,-0.3502442862507071
2014-12-05,IR UN Equity,SNA UN Equity,Industrial,all,0.0015737890109807768,-0.5365205471831491,0.9705263534890939,-1.1073762989209895e-15,0.050045570800055145,6.283010284908153,0.036783581508529235,1.6950190773242342,5,0.31447757733615034
2015-06-05,CMS UN Equity,ES UN Equity,Utilities,all,0.0005504153606115976,-1.4809360822098752,1.2755966024769532,-1.0789090418793187e-15,0.02099894254715398,3.5894509231673384,0.5970765007602474,1.7406566131550363,2,1.0513389066850476
2015-06-05,ED UN Equity,SO UN Equity,Utilities,all,0.0006873475606339909,0.18653991391907976,1.0240398270429258,8.454775341376192e-16,0.029288535560200505,10.772950523597322,0.7731556846643612,1.2933322743927236,1,0.9803777308625856
2015-06-05,BDX UN Equity,SYK UN Equity,"Consumer, Non-cyclical",all,0.0006896674296768423,0.029136976627568454,1.0793178116695343,-1.2411724070168416e-15,0.03091619518437606,3.1493255789304526,0.8568226631073137,1.5012900880413746,5,1.0131474602711745
2015-06-05,PEG UN Equity,EIX UN Equity,Utilities,all,0.0008552678548718455,0.38162861423400235,0.8056705640998159,-2.220446049250313e-16,0.032178653720024056,4.9077019055058075,-1.3377459712389446,1.2584352849897056,2,1.4676150831736559
2015-06-05,PRU UN Equity,MET UN Equity,Financial,all,0.0010392907175912998,0.3543829577826537,1.0647386494712712,-1.750736308062747e-15,0.0275239135200658,4.123382370481628,-0.753143401477434,0.9961374118751635,8,0.35701346866100914
2015-06-05,HSIC UW Equity,ZBH UN Equity,"Consumer, Non-cyclical",all,0.001112016986808142,-0.25200876792686283,0.9436763011924841,-5.551115123125783e-16,0.035304048373977284,3.637256762709575,-0.9661942169505114,1.0192193644262506,5,0.735231222239074
2015-06-05,SCG UN Equity,XEL UN Equity,Utilities,all,0.0011148734216329208,1.118061064933159,0.8230977016001106,-1.505917897504379e-15,0.025787213531814936,7.617184803939436,-1.1759523415483866,1.404711364180234,4,1.3157841884823231
2015-06-05,WM UN Equity,SRCL UW Equity,Industrial,all,0.0011478520037296726,-1.6637552390579868,1.1439882753456716,-1.2810265668751805e-16,0.03425369371227933,5.490850143946721,1.1128372341079051,0.9484588361395834,1,1.115754123560704
2015-06-05,KMB UN Equity,CL UN Equity,"Consumer, Non-cyclical",all,0.0012051301368627976,-0.11507752214698119,1.139659319163394,-1.4119759492668657e-15,0.028614993055774234,4.694515631765726,-0.3242106987836663,1.0258773000211845,5,0.09975884775808824
2015-06-05,CLX UN Equity,PEP UN Equity,"Consumer, Non-cyclical",all,0.001239188745624582,-0.16661052411866253,1.0505377140425747,8.540177112501205e-17,0.043369437633821915,7.735153420781845,-0.03463252578282712,1.6375486563400956,1,0.47783292766412927
2015-06-05,DTE UN Equity,AEP UN Equity,Utilities,all,0.0012947833708397475,0.5564534851843342,0.9501996371269767,5.465713352000771e-16,0.028817494201493196,7.466217521203988,-0.14506606483973888,0.41620429783208585,10,0.5216451035531264
2015-06-05,MMC UN Equity,WFC UN Equity,Financial,all,0.0013148974026087566,-0.1420160581473697,1.042222416746634,2.8467257041670683e-16,0.03254300908060377,4.27055257952356,0.21994026031869607,0.6800041687515914,9,0.15559661063242608
2015-06-05,AEE UN Equity,WEC UN Equity,Utilities,all,0.0013198459143052839,-0.25950386545564297,1.0257955816619928,-6.433600091417574e-16,0.031068255012157358,7.046703121703924,-0.3406306884276719,1.086753946090173,5,0.17382591040071066
2015-06-05,BK UN Equity,ALL UN Equity,Financial,all,0.0013262874545734997,-0.31271307373121365,0.9511892947990077,6.547469119584257e-16,0.046547842214890806,6.168856043680928,-0.11992043418025998,1.9037367504829101,3,0.6137390996894662
2015-06-05,CINF UW Equity,TROW UW Equity,Financial,all,0.0013589640039600203,-0.36589229705434456,0.9736744314652241,-4.554761126667308e-16,0.03605984514481862,5.847419816239644,-0.2223281579725984,0.9570260556784507,7,-0.08374718054185076
2015-06-05,SRE UN Equity,NEE UN Equity,Utilities,all,0.0014714241627390642,-0.4673618525625427,1.1121394604494883,6.661338147750939e-16,0.02974845675156841,4.77055476623651,0.5530397868422939,0.959408551653746,11,0.04447806325257597
2015-06-05,CMA UN Equity,AXP UN Equity,Financial,all,0.0015181131920818938,-0.6279317020373932,1.0034436035420735,4.58322838370898e-16,0.047535689658102495,4.553270493220532,0.4283428539177185,1.9967956554016444,3,0.9698865773278965
2015-06-05,UTX UN Equity,AME UN Equity,Industrial,all,0.0015549507293548858,1.0220726311635087,0.9408057714188711,-1.878838964750265e-15,0.038964382901599905,4.824805358285178,-0.5595840486785717,1.5160076330826973,10,0.47566437090104774
2015-06-05,XRAY UW Equity,PDCO UW Equity,"Consumer, Non-cyclical",all,0.0016004719785057942,0.575509101227881,0.872843045548824,1.46606373764604e-15,0.044324096386538794,7.562386449336282,0.33135072481332833,1.4236206604167088,9,0.2345541121581462
2015-06-05,GIS UN Equity,K UN Equity,"Consumer, Non-cyclical",all,0.0017329440374574596,-0.9427690498799712,1.1733583960469989,4.469359355542297e-15,0.04393178107577525,13.222560510455262,1.2003362787486431,0.8545927199374598,2,1.2574665532355158
2015-12-04,CMCSK UW Equity,CMCSA UW Equity,Communications,all,0.0002824153171764096,0.33356267150325863,1.105321455363933,2.268840386221153e-15,0.010637862789214745,4.249342189154112,0.45707101025212893,0.715610947382761,12,0.1916896395295169
2015-12-04,MTB UN Equity,HCBK UW Equity,Financial,all,0.0003588478152840022,2.2537833661477356,1.1174302225986577,2.169204986575306e-15,0.018716466525308912,3.5477666737341758,0.40818408493350916,1.8376518850838048,5,0.7666726921713436
2015-12-04,XEL UN Equity,ES UN Equity,Utilities,all,0.00049441027247254,-0.49071910226886967,1.0291619053516263,8.340906313209509e-16,0.019590174063208107,4.2256375710386065,1.4160558525485287,1.1840940472884887,7,1.2350338176872955
2015-12-04,PEG UN Equity,DTE UN Equity,Utilities,all,0.0005593755233304024,-1.0599218343274552,1.0849764147517846,5.408778837917429e-17,0.03165196977030569,5.4323290122683145,1.0408346229690506,1.7300268879621354,3,1.4389715735326045
2015-12-04,TMK UN Equity,AIG UN Equity,Financial,all,0.000842954169398461,0.22095633740395124,0.9413118563072409,1.138690281666827e-16,0.025788296380266272,3.1474444590430437,-0.9606790520439911,0.8580291871169884,4,0.9137962144978844
2015-12-04,BDX UN Equity,SYK UN Equity,"Consumer, Non-cyclical",all,0.0009132502004288942,0.030207656636571045,1.0783749947157246,2.288767466150323e-15,0.033590522812284605,3.6362934311859294,1.1825874843084891,1.2614888342269497,2,1.3148801221807773
2015-12-04,SRE UN Equity,NEE UN Equity,Utilities,all,0.0009810189421930655,0.19683013833625224,0.9636361536636899,1.423362852083534e-15,0.03361117865865677,7.140127816658515,-1.1364657734034602,1.3170244276898904,9,0.9618407439727676
2015-12-04,SCG UN Equity,PNW UN Equity,Utilities,all,0.001106436653689403,0.11799295561920527,0.942223897974876,-1.545772057362718e-15,0.031099696359575643,6.9805627214230475,-0.11636234907953773,0.7877697266143328,9,-0.09508819398141244
2015-12-04,D UN Equity,AEE UN Equity,Utilities,all,0.0011345403008388877,0.6348880445928277,0.9752927517831423,2.0411023298877876e-15,0.03424889670770433,7.8702296982646915,-0.8686792237856588,1.1746258772115674,8,0.6296289183078488
2015-12-04,CINF UW Equity,PGR UN Equity,Financial,all,0.0011385959374664934,1.2843692930801454,0.8018820549271908,-1.4489833834210376e-15,0.03432502386822984,6.690658046846947,0.0909556810747629,1.274594957158651,2,0.23358412855408053
2015-12-04,EIX UN Equity,AEP UN Equity,Utilities,all,0.0011984601324156333,-0.5117466119826927,1.1453416862749044,-2.4595710084003467e-15,0.02972978758322119,3.464206140788029,0.6128694042844638,0.6379452207239943,11,0.5123722645422502
2015-12-04,RF UN Equity,ZION UW Equity,Financial,all,0.0012550997355500583,-1.2478468441702044,1.0522520460152853,-3.1869094258150326e-15,0.037102082439287115,5.87205613837202,0.3258447970077763,1.940492204513617,3,0.8387864515699565
2015-12-04,KEY UN Equity,UNM UN Equity,Financial,all,0.0012769082107417435,-1.1736043995872327,1.0707928805680869,1.3294209038460208e-15,0.04461484750316565,5.416416786517295,1.1916562508623596,1.3593166834924166,1,1.4486383857372302
2015-12-04,MDT UN Equity,ADP UW Equity,"Consumer, Non-cyclical",all,0.0013107113048902131,-0.6172243992525462,1.1109611035732143,-2.2802272890378217e-15,0.03629504955986235,3.6356770997014762,0.6617635855901972,1.0926684915218616,12,0.15038644733555373
2015-12-04,PRU UN Equity,MET UN Equity,Financial,all,0.001319394379471119,0.3072615876162816,1.0766621245308863,4.554761126667308e-16,0.028592992319672775,5.2747726410595055,-0.4338269654084389,0.9118621866976085,9,0.0760933768118573
2015-12-04,MMM UN Equity,APH UN Equity,Industrial,all,0.0014030427653606836,1.3603143609197044,0.9240648429418875,-1.4347497549002023e-15,0.03901416806084148,4.509094942579117,-0.9256373356917108,1.073107935590038,3,0.846196386629792
2015-12-04,GGP UN Equity,SPG UN Equity,Financial,all,0.001506125666020489,-3.155809273366672,1.2356458770032828,-2.0325621527752865e-15,0.04212110226247761,10.040732372653299,1.1497413318568774,1.202771394169365,3,1.1843697210070707
2015-12-04,USB UN Equity,CB UN Equity,Financial,all,0.0015432261851928667,-0.7761389752760378,0.969059665817598,1.2753331154668465e-15,0.03861862547717572,6.54773455877553,-0.2079294352179529,1.0847132026482678,4,0.08924505791277876
2015-12-04,WELL UN Equity,O UN Equity,Financial,all,0.0015438671107511535,0.4226775541111911,0.9908546224385301,2.562053133750361e-16,0.0484219960343481,11.549750470169007,0.020403484411219527,1.6157020754450093,5,0.2501730682595409
2015-12-04,WFC UN Equity,PNC UN Equity,Financial,all,0.001630090154645939,-1.0002497720571455,1.1053065818494539,1.2952601953960159e-15,0.02509009355919794,4.045493850949307,-0.28450440447427133,0.7637946667069192,9,0.10396069126737667
2016-06-03,PNC UN Equity,STI UN Equity,Financial,all,0.0004802236047557085,1.0798419719123276,0.9216996263032481,1.4575235605335388e-15,0.030456149097311452,6.970437911350391,1.0495636183490005,1.8768087637447415,5,1.429136486769634
2016-06-03,MDT UN Equity,BDX UN Equity,"Consumer, Non-cyclical",all,0.0007281263096625477,-0.12584747986500275,0.8929191103869802,5.608049637209124e-16,0.029156299420287076,2.932329537664865,-1.4197060708327829,1.1845886326007042,5,1.3391016396662974
2016-06-03,FOXA UW Equity,FOX UW Equity,Communications,all,0.0007622990413236363,-0.483851434078615,1.1437385797728796,1.710882148204408e-15,0.012002112413538216,4.180072176017282,-0.5082280582957176,0.924410299691803,8,0.1868273169104896
2016-06-03,FITB UW Equity,RF UN Equity,Financial,all,0.0009060417516930335,0.8087771011552207,0.9525159437386318,-8.568644369542875e-16,0.030908213378715525,4.809128561210963,0.7751505805032628,1.1017958853243437,10,0.3720920520495409
2016-06-03,AEP UN Equity,DTE UN Equity,Utilities,all,0.0009120453167095299,-1.2084002406287169,1.1954659290794118,6.946010718167646e-16,0.024956556435549358,4.544857204800142,0.734910933455012,0.8123083856215487,6,0.6427861591274213
2016-06-03,WEC UN Equity,AEE UN Equity,Utilities,all,0.0010111103145304392,-0.09996602634142353,1.0713352488488497,-1.6539476341210666e-15,0.030174441170802792,6.437903144207987,1.2058154896301712,0.8242368396821287,2,1.2991128532033054
2016-06-03,SPG UN Equity,KIM UN Equity,Financial,all,0.0010513663553600725,1.6242845939539265,1.1109305335009627,-6.775207175917622e-16,0.03492416686201686,6.574757715611574,0.3843165443968223,1.624276469147123,3,0.719379011269801
2016-06-03,MKC UN Equity,CPB UN Equity,"Consumer, Non-cyclical",all,0.0011191031899249137,0.9397301634752165,0.8785214105208532,-5.693451408334136e-17,0.03352271740130737,3.756365130637246,1.1630225659806834,0.8896546074792323,6,0.9799445390437509
2016-06-03,SCG UN Equity,PNW UN Equity,Utilities,all,0.001355356805844223,-0.5276869815477987,1.103117090147404,1.7222690510210762e-15,0.03715299133787053,7.493875972303306,1.2006326986779254,1.2500298464429298,7,1.0738001268614243
2016-06-03,PRU UN Equity,MET UN Equity,Financial,all,0.0014013320980827782,1.101275542401379,0.8703238992909382,2.2773805633336544e-17,0.02886336962074555,5.218146944195172,0.37653794159806425,1.1143166068853412,9,0.034779249981860716
2016-06-03,BK UN Equity,WFC UN Equity,Financial,all,0.0015663711153411513,-0.7899686558468128,1.1250758312788203,1.3948955950418633e-16,0.04226779827892303,12.031786042285074,1.1220076697767862,0.9117308739924811,2,1.1144180965399744
2016-06-03,TRV UN Equity,CB UN Equity,Financial,all,0.0016880208940079227,-1.1727266726934853,1.234608754001182,6.661338147750939e-16,0.0364955256469586,10.909744263920464,1.3447097137716324,1.2746947631726238,5,1.337416462287688
2016-06-03,USB UN Equity,MTB UN Equity,Financial,all,0.0017021902829772563,-0.6672261366068246,0.9189397286585931,-8.938718711084593e-16,0.03949641792228529,9.981326565664265,0.7909324478895662,0.9076359763757486,8,0.4878443357303034
2016-06-03,MCHP UW Equity,LLTC UW Equity,Technology,all,0.001728776906027891,-0.06163346148511718,1.0245080739987897,-4.953302725250699e-16,0.03525016333595122,4.3658684224831035,1.3697610880727278,0.9450525940152754,3,1.276275786067187
2016-06-03,SRE UN Equity,D UN Equity,Utilities,all,0.0017462803474694866,0.10527604134817409,1.0602609596017947,-2.5221989738920224e-15,0.04270118227324323,6.638533486199377,-0.6086143578089265,1.0673411702722424,6,0.37378502622952237
2016-06-03,COF UN Equity,KEY UN Equity,Financial,all,0.0018238644096615622,2.1077994977234185,0.8614238658326158,-4.3270230703339434e-16,0.04335603403768104,4.160306049285,0.3211995564935068,1.070275634237061,6,0.08911577388431113
2016-06-03,PEP UN Equity,SYY UN Equity,"Consumer, Non-cyclical",all,0.0018693923964606684,1.9277422341318344,0.7115290613273237,1.3322676295501878e-15,0.04519232994856959,8.83511993298428,-0.36748456834244386,1.4762225732088547,11,0.20697107800927061
2016-06-03,SYK UN Equity,DHR UN Equity,"Consumer, Non-cyclical",all,0.001962103727606422,-0.39867490391937405,1.1813629803862504,1.1045295732168224e-15,0.04283503286939711,4.0587467694787245,-0.1321766235603849,1.6373015001886202,6,0.3252260834809062
2016-06-03,EIX UN Equity,PEG UN Equity,Utilities,all,0.0019949133005568997,-0.22886498808083736,1.1713382837114767,8.511709855459534e-16,0.03624050508009947,3.702485705519415,-0.2171704872523083,0.9427719273518792,9,-0.17389862855889238
2016-06-03,CMS UN Equity,XEL UN Equity,Utilities,all,0.0020019905526953838,-0.6939775280166354,1.192012772441965,-1.5087646232085461e-16,0.013510901407059742,2.05579448346485,0.5394129746194996,0.7216108973262146,14,0.16568218335109985
2016-12-02,FOXA UW Equity,FOX UW Equity,Communications,all,0.00033333031176865723,-0.491007493662349,1.1465789047189403,-1.9186931246086038e-15,0.01120429021538239,2.968032105247077,0.07694041885738392,1.2215884033492157,7,-0.07290759926701368
2016-12-02,AEP UN Equity,ES UN Equity,Utilities,all,0.0005379937730621592,-0.08825770980020275,1.057333895499724,-3.9911094372422294e-15,0.023245167421992886,4.725349308979042,0.9131911348527311,1.09916341715248,11,0.4577404954461237
2016-12-02,USB UN Equity,MTB UN Equity,Financial,all,0.0007028854207372677,0.3809046693179459,0.7035444851588738,-3.900014214708883e-16,0.024943834308802097,4.515312207329406,1.0959476770235181,0.8226486809400051,4,1.0911737226022218
2016-12-02,WEC UN Equity,SCG UN Equity,Utilities,all,0.0007916017776981462,0.47957983816747113,0.8495941628269309,-1.7308092281335773e-15,0.027008089015537785,8.384847539595574,-1.38791702950425,0.9970578857567732,4,1.1908634802733786
2016-12-02,AON UN Equity,MMC UN Equity,Financial,all,0.0008795009914646622,0.9978529016431219,0.8828246581584708,1.1557706358918297e-15,0.025846089937800444,4.910557450473634,-0.7430868479462704,0.5929163325698843,6,0.9657888296727808
2016-12-02,KO UN Equity,CL UN Equity,"Consumer, Non-cyclical",all,0.000909244122145986,0.6914356575780388,0.7217001090486321,-1.9471603816502747e-15,0.03390156054436432,5.950681684329886,0.9809826248774817,1.302028328562619,2,1.1449059261557493
2016-12-02,SCHW UN Equity,NTRS UW Equity,Financial,all,0.0009511852437714096,-1.5920208891762258,1.1755611186384285,1.932926753129439e-15,0.03550261660344485,2.710136826776241,0.1100585664703834,1.6454528986070447,8,0.2080742310967446
2016-12-02,ALL UN Equity,BRK/B UN Equity,Financial,all,0.0010631070970319129,-1.2133159700769816,1.0909949630323212,-3.008989069304591e-15,0.02965082455321748,2.945815409022762,0.41508773852966013,0.8828084279119287,7,0.18973479637831053
2016-12-02,CMA UN Equity,RF UN Equity,Financial,all,0.0011843784424649245,1.4126245298485198,1.0584884184281016,-9.764269165293044e-16,0.03677650283360682,4.778912730466948,-0.40822066474318863,1.286045512071384,11,0.1097926803455973
2016-12-02,AEE UN Equity,PPL UN Equity,Utilities,all,0.001192107340006641,-0.04188359358440227,1.0903100747265193,3.473005359083823e-16,0.04585098338027116,13.485518769633531,1.3763732530070159,1.7005668603584423,5,1.6573348957576726
2016-12-02,XEL UN Equity,NEE UN Equity,Utilities,all,0.0012875824902058716,-1.7067612935396443,1.1315080217015694,-3.5299398731671645e-15,0.030327153865854103,5.280510597800539,0.264855971953836,0.9585766657717957,6,0.007161706493156117
2016-12-02,CHD UN Equity,HSIC UW Equity,"Consumer, Non-cyclical",all,0.001293277363954529,-0.17403952242608775,0.9125668021946194,-9.308793052626313e-16,0.04013441924981174,3.938136267032801,-1.0041220779015154,1.267043014755869,7,0.890807928747785
2016-12-02,GIS UN Equity,K UN Equity,"Consumer, Non-cyclical",all,0.0013472308464026366,-0.20198716899111643,1.0028797591050307,-4.839433697084016e-17,0.03601416337726617,9.393563732405122,0.40735382371474066,1.1377646493603808,4,0.33641932727520946
2016-12-02,JPM UN Equity,TMK UN Equity,Financial,all,0.0013809180074857558,0.7047250322402451,0.8476839098916923,-1.3664283380001927e-16,0.036503230492287944,4.722631770441793,-0.8074244235042769,1.0205484363948685,9,0.3777645890409535
2016-12-02,PNW UN Equity,ED UN Equity,Utilities,all,0.0013989633206943773,-0.11638063129302585,1.02587676845049,2.3912495915003373e-15,0.02573273938555917,5.2309838792563745,-0.315924914467645,0.9536135407999052,8,-0.03657830242481919
2016-12-02,BDX UN Equity,SYK UN Equity,"Consumer, Non-cyclical",all,0.0014012490101458946,0.01309475766887803,1.0825002800127037,5.693451408334136e-18,0.04036046101328771,4.731491706250275,-0.0015749566336298814,1.4557779387637995,6,0.0771153801912895
2016-12-02,MAC UN Equity,GGP UN Equity,Financial,all,0.0014079155155266696,0.884726083676936,1.0503243606692285,5.807320436500819e-16,0.03545180370328752,2.93552015104898,-0.687809254616139,0.9923640853800055,7,0.3454744720969129
2016-12-02,VZ UN Equity,T UN Equity,Communications,all,0.0014802904481096785,1.7639856962375826,0.595069297705349,-5.465713352000771e-16,0.03043293755967099,5.639645033948229,-0.807224608237005,0.8409020518301832,6,0.6805047003426159
2016-12-02,STT UN Equity,C UN Equity,Financial,all,0.0015107463125141494,0.3037303948665308,1.0072317346577884,4.956149450954866e-15,0.04321786022462817,4.31211902539897,-0.8653061308925388,1.5074184350051603,1,1.2257046729153889
2016-12-02,DGX UN Equity,LH UN Equity,"Consumer, Non-cyclical",all,0.0015270017530345727,-0.9950318204435854,1.100684447083335,-2.8723462355045717e-15,0.038179216694182616,5.713679765467071,0.7604915257187234,1.1772556169036712,3,0.7736775070560639
2017-06-02,GOOGL UW Equity,GOOG UW Equity,Communications,all,0.00015347337636038353,-0.051358328969099566,1.0117103268328775,5.067171753417381e-16,0.009715156688753898,7.221871649179343,-0.635824337458411,0.5180996548754393,2,1.1934120087550606
2017-06-02,DISCK UW Equity,DISCA UW Equity,Communications,all,0.0003754562324533178,-0.02386605401556964,0.9960140302063986,-8.540177112501204e-16,0.01743659686113586,5.4993408724781885,0.9279520564458787,0.40033323142119953,3,1.6934100565843688
2017-06-02,FOXA UW Equity,FOX UW Equity,Communications,all,0.0005804400039481584,-0.45518297583121115,1.1363895058144229,9.337260309667984e-16,0.012002993079559212,3.582530688439506,0.7300811545724322,0.9951055104132519,5,0.4849876614015516
2017-06-02,UDR UN Equity,AVB UN Equity,Financial,all,0.0005953602500091702,-2.034303889945939,1.080534862753876,1.0532885105418152e-15,0.023645110979751846,5.710053280789532,0.6859807939602437,0.8232941362000127,4,0.680422540975993
2017-06-02,LNT UN Equity,NEE UN Equity,Utilities,all,0.0006932619633997789,-1.6429645451842896,1.095020145936037,-7.970831971667791e-16,0.026341996751952333,4.940839773855136,0.008388734369769207,1.2060382409927173,5,-0.05427045887877008
2017-06-02,AEP UN Equity,SO UN Equity,Utilities,all,0.0008452222078876618,-0.648035766765829,1.2289283085944702,8.682513397709557e-16,0.029721297742791173,9.189434295802497,1.131871800586255,1.2999136500471196,4,1.194169639806961
2017-06-02,NTRS UW Equity,BK UN Equity,Financial,all,0.0008683079812893194,-0.19151425772864417,1.202692282754054,-2.886579864025407e-15,0.030434096047829602,3.594390300578989,1.1097929915949272,1.9150209936832543,4,1.5595215769263253
2017-06-02,XEL UN Equity,PCG UN Equity,Utilities,all,0.0008770029095551634,-0.397564567761265,0.9997299368579465,9.280325795584642e-16,0.025640690462198495,4.7437957245867235,0.054626265941146786,0.5570585857856067,14,-0.06028887041651132
2017-06-02,AEE UN Equity,DTE UN Equity,Utilities,all,0.000921983191385366,-1.1498207349734175,1.1138406015367528,-1.1529239101876626e-15,0.02250021106113325,5.679761615871659,-1.1216385029433207,0.7502067350774507,2,1.3090449666087582
2017-06-02,SCG UN Equity,WEC UN Equity,Utilities,all,0.0010538395988547308,-0.2848487127449369,1.1060003308976698,2.214752597841979e-15,0.03995548373991091,11.643519778759194,0.5920931524723146,1.7600643215441791,7,0.807443507186494
2017-06-02,CMS UN Equity,PNW UN Equity,Utilities,all,0.0010698820083882953,-0.6484586719619317,1.0115593341816356,-9.564998366001348e-16,0.029366805039894806,8.484020555507529,-0.6060740640031814,0.7292637479052981,5,0.6717938822995909
2017-06-02,PRU UN Equity,FITB UW Equity,Financial,all,0.0010823117652104036,1.7293639621036194,0.900556078668456,-2.015481798550284e-15,0.03782220461180267,4.574074122393786,-1.3526174940300815,1.306914745537427,3,1.4702866974225635
2017-06-02,WM UN Equity,RSG UN Equity,Industrial,all,0.0011561768923325675,0.39206343890231404,0.9516718970760747,2.1635115351669717e-16,0.034912221743455985,14.340756122003603,-0.39855559336827967,1.2260819434467705,3,0.4523792666966733
2017-06-02,MTB UN Equity,USB UN Equity,Financial,all,0.0011565471160262877,-0.06737428724201092,1.2940220967153533,-1.810517547850255e-15,0.028870365671855917,4.573476104136941,0.39070876710474794,1.564418012447342,3,0.6882226449030017
2017-06-02,ALL UN Equity,BRK/B UN Equity,Financial,all,0.0011868536472536887,-1.306872815256343,1.1102103909398529,5.2949098097507465e-16,0.03407468510499279,4.355431587199979,0.024043957891798973,1.1490658833309626,6,-0.1370067051718095
2017-06-02,NWSA UW Equity,NWS UW Equity,Communications,all,0.001269393432215662,-0.5238357207387107,1.1954990103331482,1.2724863897626794e-15,0.017433870094413075,4.507438522110594,-0.3472553389064523,0.6844117834878837,5,0.4764508587658678
2017-06-02,VNO UN Equity,BXP UN Equity,Financial,all,0.0015065608162933618,-0.10077938377284316,0.9246751697709521,-2.9207405724754117e-15,0.031571517199936644,6.892066163881863,-0.5329337768155251,1.4619118032197183,2,0.8126788102083148
2017-06-02,DHR UN Equity,TMO UN Equity,"Consumer, Non-cyclical",all,0.001611274167219016,-1.383468293080868,1.1446130034504327,-8.654046140667887e-16,0.04499020303222495,5.039823023244105,1.2022005797342952,1.2136464559343652,4,1.1958300074987698
2017-06-02,MMM UN Equity,HON UN Equity,Industrial,all,0.0017109264255878306,0.8888946415409137,0.9089078854200079,7.686159401251084e-16,0.034870018863144635,6.512132263339485,0.5230331599929511,0.4452228517759139,3,1.1822134916548936
2017-06-02,FRT UN Equity,SPG UN Equity,Financial,all,0.0017926151017354508,-0.11595834743420565,0.967368092850627,-1.5372318802502167e-16,0.03284693048817949,6.611417003745312,1.0261695819502519,1.2902523806877215,2,1.1810074251320222
2017-12-01,PNW UN Equity,AEE UN Equity,Utilities,all,0.0004686613796661962,0.44885909813394853,0.989737025254612,-9.109522253334617e-16,0.02258525224677513,6.365325058331842,-0.39865574122439656,1.552914075821141,4,0.6387889559923972
2017-12-01,XEL UN Equity,NEE UN Equity,Utilities,all,0.0008350868623153397,-0.6561272334952938,0.909876688351243,2.846725704167068e-18,0.02384974269362616,5.394341981409627,-0.7915186425024632,0.8533204912214924,4,0.7501387221421578
2017-12-01,AEP UN Equity,ES UN Equity,Utilities,all,0.0008710960435304153,-0.15465257692236017,1.0730778521852145,-1.764969936583582e-16,0.0199681760081349,3.948543528549463,-0.3371591312853727,0.5763700037945558,13,0.23816458810255503
2017-12-01,DISCA UW Equity,DISCK UW Equity,Communications,all,0.0008839950382076411,0.09040443225105911,0.9849295893465158,2.391249591500337e-16,0.017077808242610185,6.102331066847499,-0.07430265694173996,1.3979204808249404,1,0.3592884184667366
2017-12-01,BDX UN Equity,DHR UN Equity,"Consumer, Non-cyclical",all,0.0008891932087284672,0.27792677576125374,1.1183684757482244,-3.302201816833799e-16,0.03919811665981751,4.576619565112819,1.1448040400042054,1.7841248621718462,1,1.673732061719477
2017-12-01,VNO UN Equity,BXP UN Equity,Financial,all,0.001011974046598959,-0.5044436362240168,1.0067137889947586,-3.529939873167164e-16,0.031155012538471725,6.077129898827598,0.382444516612193,1.10020377668856,9,0.02793993079462559
2017-12-01,L UN Equity,BRK/B UN Equity,Financial,all,0.0010749233169012298,-0.7995868390833066,0.9038628073935636,-1.1102230246251565e-16,0.026169738669783952,3.903375171099106,-0.08349590343626465,1.3145652330944135,5,0.10700189317776854
2017-12-01,AVB UN Equity,ESS UN Equity,Financial,all,0.001172944906125633,2.027206623561738,0.5790882162632552,3.3989904907754794e-15,0.02876779940552335,7.31690058389683,-0.7806509094116674,1.1918232189725275,2,0.8561351608252677
2017-12-01,LNT UN Equity,EIX UN Equity,Utilities,all,0.0013523843879011473,-1.1957885593929845,1.1240299941571918,-3.228186948525455e-15,0.03268492292264355,6.386618732374682,-0.1337636385971038,1.129640508095179,6,-0.044336913723184934
2017-12-01,PEP UN Equity,ADP UW Equity,"Consumer, Non-cyclical",all,0.0014436845837443287,2.062452940794796,0.57034626128847,-3.416070845000482e-16,0.036148323134302045,6.581277015339952,-1.1895511444420648,1.5154764191813648,6,1.305281002075177
2017-12-01,STI UN Equity,JPM UN Equity,Financial,all,0.0014568690318612803,-0.01900702103558594,0.9014809603806945,8.027766485751132e-16,0.036087293404663205,8.184381497214135,-1.2932846108076346,1.0342990340902805,4,1.1270085463311055
2017-12-01,MS UN Equity,LNC UN Equity,Financial,all,0.0014703116403702275,-0.4364230802611655,1.0018654629333281,-5.608049637209124e-16,0.033180185149896894,3.4226147636533772,0.18140255527054985,0.497271490272294,17,0.03002169920755149
2017-12-01,CMA UN Equity,RF UN Equity,Financial,all,0.001505792639632755,1.292946496596515,1.1106205918842877,-4.469359355542297e-16,0.03670835077581434,3.9563851147874907,0.624328562734487,0.8564463706957403,3,0.6292921403953162
2017-12-01,RJF UN Equity,FITB UW Equity,Financial,all,0.0015148848943066066,0.7871845075109454,1.0882491494252013,3.045996503458763e-16,0.04041886113804422,4.307746659189889,1.400039522017243,1.4407036194807303,1,1.715171140906402
2017-12-01,GGP UN Equity,MAC UN Equity,Financial,all,0.0015321678871069665,0.13424645008091698,0.7279309679902896,-7.116814260417671e-17,0.035718265461792215,3.237626604209166,1.1866821233129778,1.2111928068908355,6,1.0782877881678197
2017-12-01,AIV UN Equity,CCI UN Equity,Financial,all,0.001533128011639408,0.7044910264264221,0.670882371482562,-2.5705933108628624e-15,0.047807456690897025,5.950061569066138,0.08570496818263199,1.8917355188326241,1,0.6731996398403818
2017-12-01,TMK UN Equity,CME UW Equity,Financial,all,0.0015419114690710784,-0.7317394318448673,1.0520061215704022,8.540177112501205e-18,0.038064285433506,3.3651521565966602,0.9825573934070809,0.7447009419494343,4,1.0773299548024173
2017-12-01,BLK UN Equity,ALL UN Equity,Financial,all,0.0015946074211335526,2.839989538109979,0.7165114929741906,-6.26279654916755e-17,0.038545278287857546,3.655432444866572,-1.4710886213115464,1.107818230702333,5,1.3234811444659884
2017-12-01,ALLE UN Equity,PKI UN Equity,Industrial,all,0.001595897743422545,0.639804543234765,0.8947368036138912,9.337260309667984e-16,0.04021078082770522,3.2246806490633078,0.2886087285497277,1.1123899714001715,9,-0.054880443395355916
2017-12-01,WM UN Equity,LMT UN Equity,Industrial,all,0.0016281894663498304,-1.5042445486639378,1.0280808319578767,2.4481841055836787e-16,0.03978063970162944,5.384235862883826,0.6018200827539377,1.0305871873421781,7,0.28194880735710687
2018-06-01,GOOG UW Equity,GOOGL UW Equity,Communications,all,8.646008230138205e-05,-0.37209578888269723,1.0518885062782504,4.611695640750651e-16,0.007099534777294268,3.702820537640154,0.5261265384745393,0.674022994964685,7,0.5706175899680599
2018-06-01,FOXA UW Equity,FOX UW Equity,Communications,all,0.00023631010333155964,-0.14281054858263637,1.043695577864183,-3.102931017542104e-16,0.013075141866713772,5.854815279494604,0.5446900680419998,1.3940264168763545,3,0.7268863306142289
2018-06-01,AEP UN Equity,ES UN Equity,Utilities,all,0.00047347103410706564,-0.06032402568458924,1.0498841969926933,8.938718711084593e-16,0.020981599097779732,3.5777367452761952,0.12003542770203657,0.9415420150555562,10,-0.31972826607379756
2018-06-01,PNW UN Equity,CMS UN Equity,Utilities,all,0.0005738645021938391,0.3766852686428446,1.0572503092691796,-1.2753331154668465e-15,0.02282541687315515,7.374488582060852,-0.05854498496657765,1.0752116355561725,5,-0.11893750254539606
2018-06-01,WEC UN Equity,ED UN Equity,Utilities,all,0.0005882772853649429,-0.14438750141049267,0.978069484839431,-2.4481841055836787e-16,0.0198888022935314,7.089342445406922,-0.38026726835000624,1.2281321608370155,1,0.5357617151154813
2018-06-01,RSG UN Equity,WM UN Equity,Industrial,all,0.0009740848682863808,-0.04420481509212817,0.9621593588724838,3.188332788667116e-16,0.03551126194902665,16.972779923193016,-0.1320246792754704,1.466307610849971,3,0.3647720907764139
2018-06-01,VNO UN Equity,BXP UN Equity,Financial,all,0.001209244296368363,-0.6008546939098842,1.0230064968432953,-3.142785177400443e-15,0.04433843515403903,14.024985976626064,-1.4810469582416088,1.5883268340726253,6,1.643728114796765
2018-06-01,ALL UN Equity,BRK/B UN Equity,Financial,all,0.001254046794847296,-1.5365778460446498,1.1583353496290512,-4.697097411875662e-15,0.04545718180388818,5.662982196088037,1.3498578773299243,1.5580814422099654,2,1.693313096974503
2018-06-01,NOC UN Equity,RTN UN Equity,Industrial,all,0.0014034097276750502,0.4297018063789513,1.0055430729502883,3.131398274583775e-16,0.03136682721132002,4.127345077187126,0.1373955153789416,0.9047972848377199,7,-0.11256012959384493
2018-06-01,CMA UN Equity,ZION UW Equity,Financial,all,0.0014761747725581373,0.04083288377888819,1.1234198518342544,7.458421344917718e-16,0.03735519859527994,5.2518992514703475,1.129427956573588,1.1148094397519153,4,1.0381114408274728
2018-06-01,RJF UN Equity,FITB UW Equity,Financial,all,0.0014823476019147565,0.8840260799605948,1.0540920841864232,1.7735101136960834e-15,0.04243595067357925,4.458331447883878,0.7625621597436949,1.2706679251932322,4,0.8021048473129311
2018-06-01,EMR UN Equity,UTX UN Equity,Industrial,all,0.0014940929211901802,-1.3275144222068427,1.1430025318768429,-1.753583033766914e-15,0.04323700195685396,3.688699557160462,0.9949094874904298,1.3793762503954206,1,1.2665408920130707
2018-06-01,LNT UN Equity,DTE UN Equity,Utilities,all,0.0015870650862616052,-1.1200568475230235,1.0386724974298416,5.664984151292465e-16,0.03496062753771209,12.98801672590529,-0.7407606266221038,0.6418266839827831,1,1.134197601004394
2018-06-01,NTRS UW Equity,BBT UN Equity,Financial,all,0.0016507081195992178,0.42760821824349116,1.0611915070330122,-1.1386902816668273e-15,0.04134731605949586,5.266696811951244,1.2538177936818986,1.0151961674747452,4,1.0688996559497337
2018-06-01,USB UN Equity,PBCT UW Equity,Financial,all,0.0016792302900874355,0.5515852794622818,1.166249286153755,-1.7080354225002409e-15,0.04580546960326979,8.142737315895477,1.278395297085638,1.232988739613499,5,1.2378363887147885
2018-06-01,DUK UN Equity,D UN Equity,Utilities,all,0.0017650802471482871,0.4310112358888069,0.9152385448019361,-3.529939873167164e-16,0.04108066291809497,12.909585081991725,0.935884913465827,1.7175281044272834,5,1.2267710220138721
2018-06-01,CL UN Equity,KO UN Equity,"Consumer, Non-cyclical",all,0.0018020285706664958,1.2443865578871234,0.7964646113439623,-2.0610294098169574e-15,0.03895478105926495,7.769220420151964,-0.18007545380199177,0.8342802787743301,9,-0.08873867879385178
2018-06-01,PRU UN Equity,HBAN UW Equity,Financial,all,0.001829411741652953,2.1938284335528357,0.9403292866399365,6.832141690000964e-16,0.05722698514812181,11.013186708896328,-0.6824367203177328,1.9602756913297295,9,0.90552184251033
2018-06-01,AOS UN Equity,LLL UN Equity,Industrial,all,0.0018401713401006356,-1.316040630669151,1.0300491993672678,-1.0902959446959871e-15,0.04133148843351601,2.6993559691333315,0.43212452390437417,0.8355269975746006,12,0.011817142297594563
2018-06-01,JPM UN Equity,PNC UN Equity,Financial,all,0.0018437406115748023,-0.4890576875169888,1.034424321855095,4.1562195280839194e-16,0.030806276962603494,6.096361841262587,0.5585507919762118,0.6005533560976749,5,0.8184545806000152
