date,strategy_net,strategy_gross,benchmark
1993-01-01,-0.0008106887916952174,-0.0005106887916952171,-0.00923209859699392
1993-01-08,-0.00041291572047302393,-0.00041291572047302393,-0.015285396249799077
1993-01-15,-0.0008619661590515838,-0.0008119661590515838,0.018878918540962575
1993-01-22,-0.0005658827080708094,-0.0005658827080708094,-0.002379046094017956
1993-01-29,0.0008736401132249068,0.000923640113224907,0.006122308591868908
1993-02-05,-0.0036490402433382017,-0.0035990402433382016,0.023132321436710956
1993-02-12,-0.0008842443961251933,-0.0008842443961251933,-0.009689706635778506
1993-02-19,0.0010435473278323046,0.0011935473278323048,-0.023302892617751536
1993-02-26,0.0010398383499558713,0.0010898383499558712,0.021095297314725148
1993-03-05,-0.00030810697248944856,-0.0002081069724894485,0.006157246605620559
1993-03-12,0.0018404228387251906,0.001990422838725191,0.008338750532379757
1993-03-19,-0.002185807328888729,-0.002035807328888729,0.0007780717159815431
1993-03-26,-0.002182063987327485,-0.002132063987327485,-0.005331200852992213
1993-04-02,-0.0016633243042756963,-0.0015133243042756966,-0.014270400643172976
1993-04-09,-0.0018131643466337954,-0.0016631643466337952,0.0010195065588254337
1993-04-16,0.0004009966684598852,0.0004009966684598852,0.016069165308709055
1993-04-23,-0.00039336630671421254,-0.0003433663067142125,-0.026529157571167694
1993-04-30,9.036864175776654e-05,0.00014036864175776654,0.007230624899892568
1993-05-07,0.000766950017608007,0.0008169500176080071,0.0048161021377133295
1993-05-14,0.0012078250228462343,0.0012578250228462344,-0.006217358865953759
1993-05-21,-0.00022535961860733483,-0.00022535961860733483,0.014287014287014177
1993-05-28,-0.001490503381332405,-0.0013905033813324049,0.009756863448770803
1993-06-04,0.0014731911919238238,0.0015231911919238238,-0.0002887669650591951
1993-06-11,-0.001646629342684255,-0.0015966293426842551,-0.0062213927031951055
1993-06-18,-0.0016382259503058363,-0.0016382259503058363,-0.008004292805079749
1993-06-25,-0.0006417373453160429,-0.0002417373453160428,0.008835196538045542
1993-07-02,0.002040743238603729,0.0023907432386037295,-0.003932082216264621
1993-07-09,-0.000310722205045298,-0.000260722205045298,0.005136371792571426
1993-07-16,0.0024875497973592072,0.0025375497973592074,-0.005310958873541161
1993-07-23,-0.0034255522491606926,-0.0033755522491606925,0.0030286034772855075
1993-07-30,0.0032003339645536575,0.0032003339645536575,0.002303735182285882
1993-08-06,0.0004292350761249117,0.00047923507612491177,0.0012273224287595585
1993-08-13,0.001811317156669872,0.001911317156669872,0.0032539894802532388
1993-08-20,-0.000862009439321611,-0.000862009439321611,0.013373617096903212
1993-08-27,-0.0033102515016395695,-0.0032602515016395698,0.009601894072255313
1993-09-03,-0.0004649076371496039,-0.0004649076371496039,0.0017370912407173034
1993-09-10,0.0008510456513038712,0.0009010456513038712,0.0008236875189666648
1993-09-17,0.0002911679142087196,0.0004911679142087196,-0.006259204712813049
1993-09-24,-0.0005805184483060926,-0.00033051844830609236,-0.0026153477322755636
1993-10-01,-0.001351150917910828,-0.001201150917910828,0.007997727421716228
1993-10-08,0.0007358216846834932,0.0007858216846834932,-0.0021244770101238597
1993-10-15,-0.002259603026457451,-0.002159603026457451,0.01996480632617148
1993-10-22,0.0008049780802790779,0.001004978080279078,-0.013269435569755128
1993-10-29,0.0027502319938784254,0.002900231993878426,0.009843072074600112
1993-11-05,-0.0006777973362959112,-0.0005777973362959112,-0.017655986148814695
1993-11-12,-0.0011850699855994531,-0.001135069985599453,0.012664012011227799
1993-11-19,-0.0014987112469005302,-0.00144871124690053,-0.0059949719590020045
1993-11-26,0.0010442885318905602,0.0010942885318905604,0.00099437959360138
1993-12-03,0.0006926312416828731,0.0006926312416828731,0.003951971666738663
1993-12-10,0.0022600607278347707,0.0022600607278347707,-0.0020650046247499
1993-12-17,0.00047606697737803477,0.0005260669773780348,0.005280969111719491
1993-12-24,0.0013178515331205335,0.001567851533120533,0.0021441742784853446
1993-12-31,-0.0006301525819155336,-0.00048015258191553347,-0.001989815567632336
1994-01-07,0.0019334894740237897,0.00213348947402379,0.00739629113516993
1994-01-14,-0.0023824829986734365,-0.0023324829986734364,0.010661842945307587
1994-01-21,0.00011859642102146108,0.00011859642102146108,-0.0004000758038364971
1994-01-28,0.00032501862431636775,0.0004250186243163678,0.008383889450623405
1994-02-04,-0.002624334386737702,-0.0024743343867377017,-0.018571130144140358
1994-02-11,-0.0005022916585627349,-0.0004522916585627349,0.000787552414805992
1994-02-18,-0.0006390507295428059,-0.0005390507295428062,-0.0052958441447956695
1994-02-25,0.0015840214764912485,0.0016340214764912486,-0.0034638328807543584
1994-03-04,0.0035982826649676143,0.003648282664967614,-0.002853648593558855
1994-03-11,-0.00408574889749954,-0.00393574889749954,0.0036579592890648716
1994-03-18,-0.0018133826665387303,-0.0017633826665387302,0.009904810908155426
1994-03-25,0.0025963776697200862,0.002746377669720086,-0.022247696684074225
1994-04-01,-0.0017750696170723231,-0.001725069617072323,-0.03215510877589123
1994-04-08,0.0011062954879040535,0.0011562954879040534,0.0029836014087982754
1994-04-15,0.002780515323104522,0.0029805153231045227,-0.0020577052113621708
1994-04-22,-0.006356478585039982,-0.0061564785850399826,0.00324980949392617
1994-04-29,-0.0011442045741400144,-0.0009942045741400142,0.00732748028505692
1994-05-06,0.003795145098444329,0.003845145098444329,-0.006852808764498564
1994-05-13,0.0008578342991128508,0.0008578342991128508,-0.008217587423518413
1994-05-20,-0.0001196624184788414,-1.9662418478841402e-05,0.0242716260638538
1994-05-27,-0.002171861818226669,-0.002171861818226669,0.0052976347489668285
1994-06-03,0.0008599758744278456,0.0009599758744278456,0.006122493604180823
1994-06-10,0.001837125731066866,0.001837125731066866,-0.0031730163214743756
1994-06-17,-0.0007103572769594224,-0.0006103572769594224,-0.0004796476769791669
1994-06-24,0.0006329545275226248,0.0008829545275226249,-0.03413676518704323
1994-07-01,0.0003794763566225847,0.0004794763566225847,0.007678410117434531
1994-07-08,-0.0015281085905609348,-0.0013781085905609346,0.007507844016136245
1994-07-15,0.003894523102511235,0.003894523102511235,0.01025469914358812
1994-07-22,0.00019947867342358562,0.0002994786734235856,-0.0023119605425401257
1994-07-29,0.0004714529121075852,0.0004714529121075852,0.011365893491646517
1994-08-05,-0.0006455055080218442,-0.0005955055080218442,-0.002553135774451265
1994-08-12,-0.0003936242897804268,-0.0002936242897804268,0.010610601850838952
1994-08-19,0.001079015596982751,0.001079015596982751,0.0037667229510325306
1994-08-26,-0.0005311802439831959,-0.0005311802439831959,0.021825396825396748
1994-09-02,0.0003110847001911543,0.0004110847001911543,-0.005930772477838797
1994-09-09,0.002152924483235503,0.0022529244832355027,-0.005966156393978683
1994-09-16,0.0016002177664624674,0.0017502177664624676,0.006429151181169601
1994-09-23,-0.0005550966319035731,-0.00040509663190357295,-0.02444873617861154
1994-09-30,0.0020426956958890107,0.0020426956958890107,0.0065699306023885296
1994-10-07,-0.00014981204021097548,-0.00014981204021097548,-0.016404071840757206
1994-10-14,-0.0006035731530993344,-0.0005535731530993343,0.030762469786860036
1994-10-21,-0.0014417943319246964,-0.0014417943319246964,-0.008974632274568406
1994-10-28,0.0008295290297757104,0.0008295290297757104,0.019101292778936907
1994-11-04,-0.0014549875533005716,-0.0013549875533005716,-0.0242522743103194
1994-11-11,0.0007614084641635367,0.0008114084641635367,0.0001514233797699216
1994-11-18,0.0015872470669254513,0.0017372470669254514,-0.0019033199956742797
1994-11-25,0.0017939757988649986,0.0018439757988649985,-0.019892950787700148
1994-12-02,-0.002309339178070511,-0.002209339178070511,0.0022330805456676206
1994-12-09,0.0010230259920322414,0.0010230259920322414,-0.013986322523715011
1994-12-16,0.0011508319320943337,0.0012008319320943339,0.026490066225165698
1994-12-23,-0.00046781445628172366,-0.00021781445628172368,0.002244986922406156
1994-12-30,0.001908351190125799,0.0021083511901257993,-0.0012178413761607665
1995-01-06,0.0016488771669687346,0.0016988771669687347,0.0030700894898425535
1995-01-13,-0.0018760111122787845,-0.0018760111122787845,0.011483025093340427
1995-01-20,-0.0013171852064923321,-0.001267185206492332,-0.002553812477198214
1995-01-27,0.0030602247595803286,0.0030602247595803286,0.012070226773957637
1995-02-03,0.0010162479229639915,0.0011162479229639916,0.017538638151321173
1995-02-10,0.0018529478881473744,0.0019029478881473743,0.005891693130536613
1995-02-17,0.0010570690840849624,0.0011070690840849623,0.0010592780293274817
1995-02-24,-0.0005308845741440023,-0.0004808845741440023,0.01273938211921899
1995-03-03,-0.0012877294354673916,-0.0012377294354673917,-0.005511052836450814
1995-03-10,-0.0013695054952575791,-0.001269505495257579,0.008549297515553445
1995-03-17,0.001987918602937274,0.002037918602937274,0.012153522478909995
1995-03-24,0.0005350610457766991,0.0006350610457766992,0.010998546980949486
1995-03-31,0.0019707425117820253,0.0020207425117820255,-0.000518993153282743
1995-04-07,0.0003984355541713751,0.0003984355541713751,0.011403806594635801
1995-04-14,-0.0003215839648231097,-0.0002715839648231097,0.005548753998657174
1995-04-21,-0.00023893643910991857,-0.00018893643910991857,-0.0014531744005655822
1995-04-28,0.0008882884088920252,0.0009382884088920253,0.012232295620366207
1995-05-05,0.0025090025827503434,0.002659002582750344,0.010510773056672695
1995-05-12,-0.0002998742187845114,-0.00024987421878451137,0.01043989848496496
1995-05-19,-0.0015167529259322214,-0.0014667529259322213,-0.01210160783940617
1995-05-26,8.882326393033291e-05,0.000188823263930333,0.008590304127583215
1995-06-02,-0.000700715723849401,-0.0006007157238494008,0.01691969827174633
1995-06-09,0.0007015384478230137,0.0007515384478230138,-0.008581998460122642
1995-06-16,-0.005590846744295536,-0.005440846744295536,0.022521498655150074
1995-06-23,-0.001510672259213574,-0.001210672259213574,0.018302058055313708
1995-06-30,-0.0005484171693914068,-0.0004484171693914068,-0.009022939368030447
1995-07-07,0.0016275247885957987,0.0016775247885957988,0.02133088572739794
1995-07-14,0.0003760039157865693,0.0004260039157865694,0.006326725021118973
1995-07-21,-0.00024290546939414044,-0.00014290546939414034,-0.011198628301987812
1995-07-28,0.00019331288205683567,0.00019331288205683567,0.016816588996062087
1995-08-04,0.0010307919822998119,0.0011307919822998122,-0.007087915016076418
1995-08-11,-0.0030047499513783686,-0.002954749951378369,-0.006852256056106287
1995-08-18,-0.001678233849913359,-0.0015282338499133588,0.007385923510655479
1995-08-25,0.002335185211335665,0.002435185211335665,0.0015915309096761199
1995-09-01,0.0007923862430732527,0.0007923862430732527,0.006677379039457199
1995-09-08,0.0008968367853670273,0.0009468367853670273,0.01567820658342778
1995-09-15,-0.0012176446352267054,-0.0011676446352267057,0.018631696584480162
1995-09-22,0.00033526445312878807,0.0003852644531287881,-0.0027770635124710896
1995-09-29,-0.001361285556100453,-0.0013112855561004532,0.004606948240592601
1995-10-06,0.000746747209926959,0.0007967472099269591,-0.003285364726818396
1995-10-13,8.915246370712113e-05,0.00013915246370712118,0.0034507030163608565
1995-10-20,9.636209371892343e-05,0.00014636209371892347,0.005064157399486735
1995-10-27,-0.003458884949193218,-0.0033088849491932177,-0.01320941000238307
1995-11-03,-0.0013027674937060823,-0.0012027674937060823,0.01875107814386756
1995-11-10,-0.00011170490859405804,-0.00011170490859405804,0.003640550654452346
1995-11-17,0.0006963260720490537,0.0006963260720490537,0.012400458901336231
1995-11-24,-1.0291545089515702e-05,3.97084549104843e-05,-0.00016664722449055702
1995-12-01,0.001561071613745645,0.001561071613745645,0.01168391752920983
1995-12-08,0.00011172702058034751,0.00016172702058034756,0.01729875778444101
1995-12-15,0.000460553425988032,0.000560553425988032,-0.001846213642547112
1995-12-22,-0.0021400584092227805,-0.0019400584092227808,-0.007106467209657019
1995-12-29,-0.0002718667305372236,-0.00022186673053722358,0.006487352114517231
1996-01-05,0.0013167738940827105,0.0013167738940827105,0.0012663776727876996
1996-01-12,6.49454512517066e-05,0.0001649454512517066,-0.02416046439979913
1996-01-19,-0.0005358220502549519,-0.000435822050254952,0.016649773184227667
1996-01-26,-0.001983388908409762,-0.0018833889084097616,0.01600117679747637
1996-02-02,0.0013253943211013579,0.001425394321101358,0.022875711849683178
1996-02-09,0.002618113718073969,0.002668113718073969,0.032287996980372435
1996-02-16,-0.000118389048305108,-0.000118389048305108,-0.012782424547130411
1996-02-23,0.0014201635389026323,0.0014201635389026323,0.017130158338220403
1996-03-01,-0.00011064862077448177,3.935137922551832e-05,-0.022318990107422554
1996-03-08,-0.000619565112804149,-0.000569565112804149,-0.016869190061610584
1996-03-15,0.0007023443486879226,0.0008023443486879226,0.012517758484609232
1996-03-22,0.0007542420469311034,0.0008042420469311036,0.014327362299861424
1996-03-29,0.00034769736194747135,0.00039769736194747137,-0.007869416863914402
1996-04-05,-0.0026229410206164813,-0.0024729410206164814,0.01604957397366391
1996-04-12,-0.0027667976663354544,-0.0027167976663354542,-0.02919830451620764
1996-04-19,0.0023836763375151455,0.0023836763375151455,0.013129996387680531
1996-04-26,0.001390759147507438,0.001490759147507438,0.013006340397166083
1996-05-03,0.0003927284619990973,0.0004927284619990974,-0.018103632969118322
1996-05-10,-0.0006219435736002173,-0.0006219435736002173,0.016302230257313477
1996-05-17,-0.002278977976297461,-0.002228977976297461,0.025793985492799987
1996-05-24,0.00017318980557601513,0.00022318980557601512,0.01435170650760198
1996-05-31,0.0,0.0,-0.013839147543882935
1996-06-07,-5e-05,0.0,0.006261956001912816
1996-06-14,0.0005264063373177175,0.0005264063373177175,-0.011079591867044769
1996-06-21,-0.0001672700868712788,-0.0001172700868712788,0.0014868213561614052
1996-06-28,0.0004749567145898853,0.0006749567145898855,0.0056835222842059885
1996-07-05,-0.0003188541458387671,-0.00026885414583876707,-0.01966807330420639
1996-07-12,-0.0006593569189964831,-0.000609356918996483,-0.01711182769530295
1996-07-19,0.003138740374306766,0.0032387403743067656,-0.011544592147820332
1996-07-26,0.0006611223362662422,0.0006611223362662422,-0.00443066710503659
1996-08-02,-0.0035494583621029268,-0.0034994583621029266,0.04181475074697283
1996-08-09,-0.0007621219234758719,-0.0006121219234758717,-0.0005886881311415459
1996-08-16,0.0006922182738624159,0.0007422182738624159,0.004697175653224583
1996-08-23,0.00022597989891775838,0.00027597989891775846,0.002735978112174964
1996-08-30,0.00312655114360295,0.0031765511436029495,-0.022547711497234002
1996-09-06,0.00046429313685500477,0.0005142931368550048,0.005659596006073686
1996-09-13,-0.00022113259562030798,-0.00017113259562030796,0.03791483650561256
1996-09-20,-0.00036042724960049595,-0.0002604272496004959,0.009536544508772504
1996-09-27,0.0011207813603474248,0.001170781360347425,-0.0012226540325749324
1996-10-04,-0.0004474204598893299,-0.0003474204598893298,0.022253311764963035
1996-10-11,-0.002693878763071827,-0.0025438787630718265,-0.0011404784307017524
1996-10-18,-0.0003999864586756486,-0.00024998645867564857,0.014500613707076226
1996-10-25,0.0012292670793537825,0.0012792670793537824,-0.013927576601671432
1996-11-01,-0.0014262015481573734,-0.0012762015481573735,0.004066084574559259
1996-11-08,-0.0004948447019910608,-0.0004948447019910608,0.038435852622305644
1996-11-15,0.0008089934981411962,0.0008089934981411962,0.009304616731890203
1996-11-22,-0.0004719996522934593,-0.00042199965229345926,0.01506195602071525
1996-11-29,-2.1150482886465578e-05,-2.1150482886465578e-05,0.011072082058953159
1996-12-06,0.0016668399691547261,0.001716839969154726,-0.023011281075797196
1996-12-13,-0.0003531639542615394,-0.00030316395426153943,-0.014818820984315861
1996-12-20,-0.0018491188043111915,-0.0014991188043111917,0.02776405357927092
1996-12-27,-0.00015904576377393415,9.095423622606591e-05,0.010575934407841103
1997-01-03,0.0013130490226954126,0.0013130490226954126,-0.011575205803459387
1997-01-10,0.002744824640551307,0.002744824640551307,0.01533360961458774
1997-01-17,0.0024712482814717345,0.0024712482814717345,0.02194865042791294
1997-01-24,-0.0005698282815116555,-0.0005198282815116557,-0.007279333135782107
1997-01-31,0.0013297032385820426,0.0015297032385820429,0.020297980584540243
1997-02-07,-0.001643700978568402,-0.0015437009785684024,0.004324819375190803
1997-02-14,0.0012902869905349896,0.0013402869905349897,0.02396271341000067
1997-02-21,-0.0011552708539030805,-0.0011052708539030804,-0.008299525034632937
1997-02-28,0.003250090963990885,0.003300090963990885,-0.013657283260785413
1997-03-07,-0.001260864232901608,-0.001260864232901608,0.01789282011077109
1997-03-14,-0.0023180059962861037,-0.0021180059962861036,-0.01465893138874752
1997-03-21,0.00010484017667642637,0.00020484017667642644,-0.011435127400178935
1997-03-28,-0.002071601824712982,-0.0018216018247129823,-0.013034051779109879
1997-04-04,0.0028275302439438516,0.0028775302439438518,-0.020649196257817803
1997-04-11,-0.000112289775475213,-1.2289775475212914e-05,-0.026718564454413563
1997-04-18,0.0001966952775011628,0.00024669527750116285,0.03889378431505475
1997-04-25,-0.001637512663368201,-0.0015375126633682009,-0.0012657567137301928
1997-05-02,-0.0011006595590977168,-0.0010006595590977166,0.06219214236251758
1997-05-09,0.00021461643959054983,0.00031461643959055,0.014526981315423626
1997-05-16,0.0008176453728531952,0.0008176453728531952,0.0060258493173936944
1997-05-23,6.878853889328009e-05,0.00011878853889328014,0.02082554986441698
1997-05-30,0.0012449136538409081,0.001294913653840908,0.00147574466075584
1997-06-06,-8.564403042450362e-05,-8.564403042450362e-05,0.011470269250719145
1997-06-13,-0.00048262977331894137,-0.0004326297733189415,0.04109509213179341
1997-06-20,-0.0020815784893335764,-0.0017315784893335764,0.006078789167888843
1997-06-27,-0.0011330074704830062,-0.0009330074704830061,-0.01268498942917562
1997-07-04,0.0016497973273057916,0.0016497973273057916,0.03338217063000104
1997-07-11,1.2112151948616292e-05,1.2112151948616292e-05,-0.0002617458447847776
1997-07-18,-0.0002809399573068359,-0.00023093995730683595,-0.001505432648252425
1997-07-25,-0.0014572036336059232,-0.001407203633605923,0.025663716814159354
1997-08-01,0.00018672414790552242,0.00023672414790552242,0.008894427933829663
1997-08-08,0.0002150058766329591,0.00026500587663295906,-0.01435901767426151
1997-08-15,0.0007649461489845785,0.0007649461489845785,-0.03506009383636488
1997-08-22,7.618114049915384e-05,0.00012618114049915385,0.02524394711426381
1997-08-29,0.0007761715096708862,0.0008261715096708862,-0.026073304098316208
1997-09-05,-0.004376649070431354,-0.0043266490704313544,0.03288603288603276
1997-09-12,0.0009215278520343536,0.0009215278520343536,-0.005532533232872283
1997-09-19,-0.0009965894033170408,-0.0009465894033170406,0.028790683075191392
1997-09-26,-0.0024492707967912718,-0.002299270796791272,-0.005565433293705402
1997-10-03,0.0007951550157710097,0.0007951550157710097,0.020958083832335328
1997-10-10,0.0015545934299527114,0.0016045934299527109,0.0020206625700756042
1997-10-17,-0.0008531884275060538,-0.0008531884275060538,-0.023599247140582036
1997-10-24,-0.0001661255788880143,-1.61255788880143e-05,-0.002669039145907437
1997-10-31,0.0012675961067317551,0.0012675961067317551,-0.02869461790068395
1997-11-07,0.001011637966323047,0.0011116379663230471,0.01409328464280235
1997-11-14,0.002371453370612011,0.002421453370612011,0.0009056506129314634
1997-11-21,-0.0024193327798545184,-0.0023693327798545182,0.037421231216674844
1997-11-28,0.0014916122224534335,0.0015416122224534336,-0.007984715862484393
1997-12-05,-0.0011065240191943434,-0.0010065240191943433,0.029715302491103213
1997-12-12,0.00016797025927039674,0.0002179702592703968,-0.030900903648136246
1997-12-19,-0.0009718954067685779,-0.0008218954067685781,-0.0069331543229947945
1997-12-26,0.0006694129888082624,0.0008694129888082624,-0.010900103508734826
1998-01-02,0.0016478887156719541,0.0016978887156719543,0.04119770198406747
1998-01-09,0.0037495370905398324,0.0037995370905398325,-0.048562110272398984
1998-01-16,0.002738840001533984,0.002788840001533984,0.03645614375491801
1998-01-23,0.0005176419400692673,0.0007176419400692675,-0.004076920676851947
1998-01-30,0.0023079133815271232,0.0024579133815271236,0.02369490074040037
1998-02-06,0.0008972001932421195,0.0009972001932421193,0.03282735544946358
1998-02-13,-0.003480076995417617,-0.003430076995417617,0.007536100191612549
1998-02-20,-0.0003601830240115985,-0.0002601830240115985,0.013841915909380553
1998-02-27,0.0033080291770451733,0.0033080291770451733,0.014629523984490467
1998-03-06,-0.0020762247405554973,-0.0019262247405554972,0.006051422799092876
1998-03-13,-0.0010039220371564665,-0.0009539220371564663,0.012238441209066808
1998-03-20,-0.0023124069026061187,-0.0022624069026061185,0.028588540253226435
1998-03-27,0.0013698304496558764,0.0014198304496558765,-0.0033844026347392697
1998-04-03,-0.001743733126392217,-0.0016937331263922168,0.024884977725845303
1998-04-10,0.004462212130325173,0.0046122121303251735,-0.010715240046316854
1998-04-17,0.004516797929156031,0.004616797929156031,0.010849307174948475
1998-04-24,-0.0004946707840462848,-0.0003946707840462848,-0.013200085506626658
1998-05-01,0.000490599968496967,0.000540599968496967,0.011824171856665622
1998-05-08,0.0007875131210309881,0.0008875131210309882,-0.011471900089205955
1998-05-15,0.001219682157151013,0.0013696821571510132,0.0005324237009762811
1998-05-22,0.0013356256372540603,0.0014356256372540603,0.0015693631452202705
1998-05-29,0.0022540051249693802,0.00230400512496938,-0.01769521013624875
1998-06-05,0.0011146933892327948,0.001214693389232795,0.021121724940870168
1998-06-12,5.350937527457611e-05,0.00010350937527457615,-0.013484639003106258
1998-06-19,0.0010775774228637912,0.0015275774228637917,0.0016471915838522921
1998-06-26,-0.0005450707130825674,-0.0002450707130825671,0.029573433879980016
1998-07-03,-0.0008895034085929799,-0.0008895034085929799,0.01166607836216027
1998-07-10,0.00018982158171125147,0.00023982158171125152,0.015622546710629459
1998-07-17,-0.0007394725257194881,-0.0006894725257194881,0.019255709292039347
1998-07-24,-0.0036449492672815664,-0.0034949492672815665,-0.038719191068043
1998-07-31,0.001190714341908318,0.001240714341908318,-0.017645511921458468
1998-08-07,-0.0025997414044761336,-0.0025497414044761335,-0.027858334746178604
1998-08-14,-0.002824952977442066,-0.0026749529774420656,-0.024507779154619325
1998-08-21,0.0009120606153491465,0.0009620606153491467,0.01739825923312166
1998-08-28,-0.001802660136836665,-0.0016526601368366649,-0.05003514483370941
1998-09-04,0.0006569488130577898,0.0007569488130577898,-0.05184298148256339
1998-09-11,0.0006959987938445552,0.0008459987938445552,0.03611290802862732
1998-09-18,0.0006640122525942154,0.0006640122525942154,0.010930965452995878
1998-09-25,0.001266085715779321,0.0013160857157793206,0.024174337558450665
1998-10-02,-0.0013879555973084145,-0.0012379555973084143,-0.04034458004307251
1998-10-09,0.004208648532434163,0.004308648532434164,-0.018162776780371037
1998-10-16,0.002012973488537466,0.0021629734885374664,0.07317221832810183
1998-10-23,-0.00010623466701011903,-5.623466701011907e-05,0.01348895325722732
1998-10-30,0.002532276024237204,0.002532276024237204,0.026151848842313585
1998-11-06,0.0015339323151388796,0.0016839323151388798,0.03853750443718296
1998-11-13,0.0004315206391310658,0.0004315206391310658,-0.013400408410092823
1998-11-20,-0.0021776193325682785,-0.0021276193325682783,0.03360515936467312
1998-11-27,-0.0004180684249783978,-0.0004180684249783978,0.02473464827467664
1998-12-04,0.0007654653801552259,0.0007654653801552259,-0.013075239237459346
1998-12-11,0.0011010347223009737,0.0011510347223009738,-0.008735999456124577
1998-12-18,0.0,0.0,0.018491847127205308
1998-12-25,0.0004828350980071302,0.0006828350980071302,0.03218773936685104
1999-01-01,-0.00380411247080418,-0.00375411247080418,0.002413824035489842
1999-01-08,-0.001199445689167326,-0.0010994456891673262,0.037307908202695916
1999-01-15,9.833158562192224e-05,0.0001483315856219223,-0.024962943792202874
1999-01-22,0.0011403898762533849,0.0011903898762533848,-0.014534369319370022
1999-01-29,0.0011547850033227073,0.0013047850033227073,0.04444208653351733
1999-02-05,-0.0011556388427998096,-0.0011056388427998095,-0.03144634428433002
1999-02-12,-0.0031403258050097804,-0.0029903258050097805,-0.007479425528481465
1999-02-19,0.0016807986336516301,0.0017807986336516302,0.007389462902294808
1999-02-26,0.00424408937512754,0.004294089375127539,-0.0007181937024903773
1999-03-05,0.002087938807975113,0.002087938807975113,0.02999200536206037
1999-03-12,0.0006943900530375142,0.0008943900530375144,0.014990552502214705
1999-03-19,0.002539044799106378,0.0025890447991063783,0.0036304930518542555
1999-03-26,0.0002941348159632848,0.0003441348159632849,-0.012691546921780317
1999-04-02,0.0009111805642873477,0.0010111805642873477,0.008512628624883112
1999-04-09,-0.003256178028362924,-0.0031561780283629244,0.04222706613486671
1999-04-16,2.3806065143565586e-05,2.3806065143565586e-05,-0.021767345273853156
1999-04-23,0.0016709758994435573,0.0017209758994435574,0.028695981804397253
1999-04-30,-0.0033823729878591146,-0.0033823729878591146,-0.015970814754762808
1999-05-07,-0.0012798795291379566,-0.0012298795291379567,0.007354813583187347
1999-05-14,0.0008387343946681086,0.0009387343946681088,-0.005353159851301137
1999-05-21,0.0011597929345098495,0.0012097929345098496,-0.005613694124682267
1999-05-28,-5.694000453613825e-05,-6.940004536138203e-06,-0.02138631426230375
1999-06-04,-0.0020647403234027753,-0.0019647403234027755,0.0199025993977755
1999-06-11,-0.002547509595493454,-0.0023475095954934534,-0.025690077198267658
1999-06-18,0.000405195028597366,0.0006551950285973661,0.038032219164527925
1999-06-25,0.0011126380516184174,0.0014626380516184175,-0.02050132554883677
1999-07-02,0.0020044034065319935,0.0020544034065319936,0.05771263048254793
1999-07-09,0.00015850770480015653,0.0002585077048001566,0.00866865053693866
1999-07-16,-0.0022824923424040115,-0.0022324923424040114,0.01104555042471933
1999-07-23,0.0004845440902591102,0.0004845440902591102,-0.043586743540224626
1999-07-30,-0.0003016653506323614,-0.0002516653506323614,-0.02079679278376345
1999-08-06,0.006559883504557368,0.006709883504557368,-0.021396532000722557
1999-08-13,0.0029143620956829834,0.0030643620956829834,0.021064531758300253
1999-08-20,-0.0020201302525052834,-0.001920130252505283,0.0067260183176667265
1999-08-27,-0.0004979915094085274,-0.0004479915094085277,0.008723561846761596
1999-09-03,-0.0023601692836133443,-0.0023101692836133446,0.006652970102427602
1999-09-10,0.0022533124493831448,0.002403312449383145,-0.004111284665939685
1999-09-17,-0.0003845417391215465,-0.0002845417391215464,-0.012014855806933733
1999-09-24,0.0013496334619771972,0.0014496334619771973,-0.043476958559854006
1999-10-01,0.0027035899346399056,0.0027035899346399056,0.004266612388050373
1999-10-08,-0.0008253544891560977,-0.0008253544891560977,0.04147925257832408
1999-10-15,0.0021317868921926367,0.0021817868921926364,-0.06632385742728397
1999-10-22,0.0012600198865283182,0.0013100198865283181,0.04348209490063404
1999-10-29,0.00013115003387236543,0.00023115003387236553,0.047078707793953845
1999-11-05,0.0021932449958076104,0.0021932449958076104,0.005356107797172216
1999-11-12,0.003138198358025367,0.0032881983580253667,0.018850849857323215
1999-11-19,-0.0007585781679131856,-0.0007585781679131856,0.018580863286678184
1999-11-26,0.0020937492886811846,0.0020937492886811846,-0.0037834036568215046
1999-12-03,0.003272715215310169,0.0033727152153101682,0.011774505513122868
1999-12-10,-0.0007533284895764644,-0.0005033284895764642,-0.011344449870927198
1999-12-17,-0.0004579088432289896,-0.00010790884322898937,0.002815728560944031
1999-12-24,0.001324567970036173,0.0016245679700361733,0.026255603329979005
1999-12-31,-0.0037275275525173617,-0.0035775275525173613,0.0074811086577890595
2000-01-07,-0.0023516870027399683,-0.002201687002739968,-0.018907605921388404
2000-01-14,0.001486872056361956,0.0016368720563619565,0.016427674526698466
2000-01-21,0.0025484167602129416,0.002698416760212942,-0.016237245333242445
2000-01-28,-0.0031344804843045316,-0.0029844804843045317,-0.056335682966087486
2000-02-04,-0.004791671804982837,-0.004691671804982837,0.047207681449241035
2000-02-11,0.004553803533893947,0.0046038035338939465,-0.026151912775472685
2000-02-18,-0.002789687723577238,-0.0027396877235772383,-0.029579272161024295
2000-02-25,-0.0003066120907369754,-0.00025661209073697536,-0.009457019961518154
2000-03-03,-0.0008405616219126118,-0.0008405616219126118,0.05685636287274276
2000-03-10,-0.0014575417574220224,-0.0013575417574220223,-0.010005889991981154
2000-03-17,0.00231862375263698,0.00246862375263698,0.04974660769710493
2000-03-24,0.0026478673016032206,0.0026478673016032206,0.043012147739455164
2000-03-31,-0.00803944381652536,-0.00788944381652536,-0.01890720542600144
2000-04-07,0.002407773664738967,0.002407773664738967,0.011857892137890458
2000-04-14,0.0011868884196136842,0.0012368884196136843,-0.10537804596564115
2000-04-21,0.004443732345478973,0.0045437323454789735,0.057483635076959416
2000-04-28,-0.002526697442623691,-0.0024266974426236905,0.012470896594030112
2000-05-05,-0.0011789644609886672,-0.0011289644609886673,-0.013632326514875004
2000-05-12,-0.0004257331267920637,-0.0004257331267920637,-0.008145857618505836
2000-05-19,0.0008537294696080309,0.0008537294696080309,-0.00985953158428099
2000-05-26,0.0033625145958584767,0.003412514595858477,-0.02056220903372552
2000-06-02,0.0005679322639739196,0.0006679322639739198,0.07201637131536542
2000-06-09,-0.0006801783465590998,-0.0005801783465590998,-0.013748426140286707
2000-06-16,-0.003331739755181383,-0.003281739755181383,0.005154603795600288
2000-06-23,0.0010886360605536643,0.0012386360605536643,-0.015691790830749897
2000-06-30,0.0012283061019854372,0.0013283061019854373,0.009101756528012706
2000-07-07,0.00045721659353981493,0.000507216593539815,0.01670562353911742
2000-07-14,-0.0010567816944550158,-0.0009567816944550157,0.021015619717357437
2000-07-21,0.0011927919975719627,0.0012927919975719627,-0.019728738128981793
2000-07-28,-0.0038421444224976593,-0.003742144422497659,-0.040738013363149306
2000-08-04,-0.002454342991727512,-0.002354342991727512,0.030312207283662795
2000-08-11,0.0030184632570342115,0.0031184632570342118,0.006090516976205107
2000-08-18,-0.0009992626534225482,-0.0009492626534225483,0.013506902924230957
2000-08-25,0.0020148289821289135,0.0020148289821289135,0.009874507280186684
2000-09-01,-0.0018649357949236164,-0.0018649357949236164,0.009505791762089544
2000-09-08,-0.005599304527766692,-0.005449304527766692,-0.017274144019148174
2000-09-15,-4.0360588158436586e-05,0.00010963941184156355,-0.01919705587152898
2000-09-22,0.0004827814774514593,0.0004827814774514593,-0.011659082691481082
2000-09-29,-0.0044468349360093015,-0.004346834936009301,-0.00842812965928541
2000-10-06,0.0017616901999658516,0.0018116901999658517,-0.019157541541653056
2000-10-13,0.0038417752677116974,0.0038917752677116975,-0.024712737492813996
2000-10-20,0.0025810214695972783,0.0026810214695972786,0.01656272513590018
2000-10-27,-0.0004745520965311072,-0.0003745520965311072,-0.01242009263169963
2000-11-03,-0.0005068486142210639,-0.0004568486142210639,0.03414807405152298
2000-11-10,-0.00277613096143657,-0.00272613096143657,-0.04255304235678392
2000-11-17,0.0006416325953061564,0.0006916325953061564,0.0012738107439347335
2000-11-24,-0.0013021418345795178,-0.0013021418345795178,-0.01897318164536599
2000-12-01,-0.003406068046411195,-0.003406068046411195,-0.019779843043144507
2000-12-08,-0.0011903981550075173,-0.0010903981550075173,0.04155927100203005
2000-12-15,0.0006783132916008966,0.0008783132916008966,-0.04214936965741778
2000-12-22,0.004520330667648016,0.004920330667648016,-0.0047098273825401105
2000-12-29,0.0018714649195858443,0.0018714649195858443,0.010957372680842514
2001-01-05,0.0018652024966454336,0.0019152024966454337,-0.016610113006332083
2001-01-12,-0.0012127712431419671,-0.001112771243141967,0.015381060576886041
2001-01-19,0.0006083838133006689,0.0006083838133006689,0.018371867224953098
2001-01-26,0.0005845870668174261,0.0006845870668174261,0.009243672441789474
2001-02-02,0.0019626463534566803,0.0020126463534566805,-0.004044429683752182
2001-02-09,-0.0004749603637811906,-0.0004249603637811905,-0.025721209067263495
2001-02-16,-0.0011383888212642978,-0.0011383888212642978,-0.010062673035382885
2001-02-23,-0.0011446740695075838,-0.0011446740695075838,-0.04277273670218906
2001-03-02,-0.003114796585194645,-0.003114796585194645,-0.009375050166150145
2001-03-09,0.0018326787924184192,0.0019826787924184194,-0.0006157934823121103
2001-03-16,-0.0015893762259745852,-0.001439376225974585,-0.06720338570803142
2001-03-23,0.002876991481376292,0.002876991481376292,-0.009300061710689866
2001-03-30,-0.0015622568299227789,-0.0015622568299227789,0.017985138134634093
2001-04-06,2.7778372073079728e-05,0.00012777837207307973,-0.02749217894909195
2001-04-13,0.0008059135694593602,0.0008059135694593602,0.048802318265200206
2001-04-20,-0.0010334902050585972,-0.0008334902050585972,0.05025771018166458
2001-04-27,-0.0003858836475924939,-0.00023588364759249378,0.008101498012839992
2001-05-04,0.003180260319246085,0.003180260319246085,0.01082159530744975
2001-05-11,0.0005382087224760397,0.0005882087224760397,-0.01653231855109294
2001-05-18,0.004151001637361742,0.004201001637361742,0.03716072475053589
2001-05-25,-0.0018965485127408178,-0.0018965485127408178,-0.010890430044273813
2001-06-01,-0.0002376768625654793,-0.0002376768625654793,-0.013475338252901259
2001-06-08,0.0017883049877051797,0.0017883049877051797,0.0034029523983278853
2001-06-15,-0.0009318597876517547,-0.0007318597876517548,-0.04000126486213018
2001-06-22,-0.0008618387771449955,-0.0007618387771449953,0.009050034586119526
2001-06-29,0.0015227168868403237,0.0016227168868403238,-0.0007589668258047855
2001-07-06,-0.0019247190539372024,-0.0018747190539372023,-0.027629408209601358
2001-07-13,-0.0005253709925054599,-0.0004753709925054599,0.02107358536523929
2001-07-20,0.0005569169573085844,0.0005569169573085844,-0.0039730850223744785
2001-07-27,0.0032190240116471936,0.0032690240116471938,-0.004154106619317033
2001-08-03,-0.00044869479964575675,-0.00044869479964575675,0.007074024315403493
2001-08-10,-0.00029762710081234785,-0.00029762710081234785,-0.01992012187590053
2001-08-17,0.0015495294575243114,0.0015995294575243113,-0.0236858909726424
2001-08-24,0.0014026886216231727,0.0014526886216231726,0.01975954628776999
2001-08-31,-0.0016261859712070903,-0.0016261859712070903,-0.04333589325951759
2001-09-07,0.00040727241920608914,0.0005072724192060892,-0.042167293000935024
2001-09-14,0.000699046309658259,0.000699046309658259,0.006225938956326393
2001-09-21,-0.0043320758576957845,-0.0041820758576957846,-0.11600490599886504
2001-09-28,0.0005767624419890371,0.0008267624419890374,0.07780078691240444
2001-10-05,-0.00016077797903166379,-0.00011077797903166374,0.029242799777124517
2001-10-12,0.0017424042009572289,0.0017924042009572288,0.018919524351770578
2001-10-19,-0.005790665713093306,-0.0057406657130933065,-0.016644528924105728
2001-10-26,0.005202958748441219,0.005252958748441219,0.028999142974251768
2001-11-02,-0.003960926084409113,-0.003960926084409113,-0.01576121889173543
2001-11-09,0.005312677466238151,0.005312677466238151,0.030454378219278766
2001-11-16,-0.003521203557346991,-0.0034712035573469914,0.016370468888075695
2001-11-23,0.0016037513495365207,0.0016037513495365207,0.010266543714047227
2001-11-30,-0.00027064252967628946,-0.00022064252967628952,-0.009466766347340672
2001-12-07,0.004690428163659918,0.004740428163659919,0.016551845188468084
2001-12-14,-0.0014952409260624519,-0.001095240926062452,-0.030406367898058395
2001-12-21,-0.0006241355253732157,-0.0005741355253732157,0.019410732888726745
2001-12-28,0.0003280464717103378,0.0003280464717103378,0.014088689743119387
2002-01-04,-0.0003029012276899378,-0.0003029012276899378,0.009896470345041486
2002-01-11,0.00043678197543030436,0.0005367819754303045,-0.02295076374615146
2002-01-18,0.00035703816191113625,0.0004070381619111363,-0.015729748603351967
2002-01-25,0.001816861888151191,0.001816861888151191,0.005055073697653345
2002-02-01,-0.000767655033528087,-0.000767655033528087,-0.009785754623746978
2002-02-08,-0.0011039689314736763,-0.0011039689314736763,-0.023142248638822305
2002-02-15,0.0015595332633802914,0.0015595332633802914,0.007261316159165254
2002-02-22,0.00014097665468999548,0.00014097665468999548,-0.012987012987013102
2002-03-01,-2.4477676518417854e-05,2.552232348158219e-05,0.03848271305879769
2002-03-08,0.001574776312750731,0.0016747763127507313,0.028742335082790005
2002-03-15,-0.0005637331196484046,-0.0005637331196484046,0.0015803351341139305
2002-03-22,0.0005030824291060676,0.0006030824291060677,-0.014972344895596623
2002-03-29,-0.001585024209719887,-0.001585024209719887,-0.0011317239638196641
2002-04-05,0.0012852389104718819,0.001385238910471882,-0.02149225633829832
2002-04-12,0.0027238716770429452,0.0027738716770429454,-0.010438841039252522
2002-04-19,-0.002752481947666026,-0.002602481947666026,0.012745159809542717
2002-04-26,-0.0008504206771965757,-0.0008504206771965757,-0.04341566163335331
2002-05-03,-0.0015004848678708987,-0.0015004848678708987,-0.0026850750706108872
2002-05-10,3.968814013967856e-05,8.96881401396786e-05,-0.01717857708467252
2002-05-17,0.0010623359098569877,0.0010623359098569877,0.04891041621247583
2002-05-24,0.002023438745962595,0.002073438745962595,-0.020576726700946124
2002-05-31,-0.0013365513664364333,-0.0012365513664364333,-0.015390009411156647
2002-06-07,0.0009447735791330635,0.0009447735791330635,-0.037117903930131146
2002-06-14,-0.0024630947692379037,-0.0022130947692379035,-0.019717185872918597
2002-06-21,2.1751118662147185e-05,0.0003217511186621474,-0.017999146207074546
2002-06-28,-0.0034903216402376583,-0.003290321640237658,0.0006773560871058404
2002-07-05,-0.0020548621387515504,-0.0020048621387515507,-0.0007880300259645034
2002-07-12,-0.000555645903691423,-0.00045564590369142293,-0.06839024094314627
2002-07-19,0.000712411425759846,0.0009624114257598463,-0.07991187227992491
2002-07-26,-0.0005681640633997765,-0.0005681640633997765,0.005992261960932277
2002-08-02,0.00348920582618443,0.0036392058261844303,0.013367102856338686
2002-08-09,0.0011172002300505544,0.0011172002300505544,0.0513746181616217
2002-08-16,0.0022032021863257036,0.0022532021863257033,0.022153988378235567
2002-08-23,-0.00017490960036230956,-0.00012490960036230951,0.013017216318356617
2002-08-30,-0.0013658060911947898,-0.0013658060911947898,-0.026348234593882136
2002-09-06,-0.0017823527927971847,-0.0016823527927971847,-0.024179374938596454
2002-09-13,0.002987259255522875,0.003037259255522875,-0.004597726865938845
2002-09-20,0.0005985653024570461,0.0006985653024570461,-0.04992076960249936
2002-09-27,-0.0031376603373550497,-0.0030376603373550503,-0.02131560581506753
2002-10-04,0.006578019094647272,0.006628019094647272,-0.03237970919902822
2002-10-11,0.007183990350860194,0.007333990350860194,0.043393539683729276
2002-10-18,-0.0008502464865801862,-0.0008002464865801862,0.05874395441267999
2002-10-25,-0.00506839160685015,-0.004968391606850151,0.014993385271203863
2002-11-01,0.0006937253547183585,0.0006937253547183585,0.003687406004567517
2002-11-08,-2.8858558890772038e-05,-2.8858558890772038e-05,-0.006903747114189285
2002-11-15,0.0010239271824603702,0.0010239271824603702,0.016865234593289813
2002-11-22,-0.000694457434271066,-0.000694457434271066,0.02277348515656752
2002-11-29,-0.00019630554912789837,-0.00014630554912789837,0.006189887700822183
2002-12-06,-0.0008020528019422154,-0.0008020528019422154,-0.02571797802010012
2002-12-13,0.0007463603240560814,0.0008463603240560814,-0.024938886026550366
2002-12-20,0.00038356570050594334,0.0006335657005059434,0.007049062373521542
2002-12-27,0.0011265459724896128,0.0011265459724896128,-0.02271839240859619
2003-01-03,0.00163748142612269,0.00163748142612269,0.03791409641306842
2003-01-10,-0.0013887857974829436,-0.0013387857974829435,0.020889510120076116
2003-01-17,0.0007840254553454576,0.0007840254553454576,-0.027803831516758915
2003-01-24,-0.0006472311231060352,-0.0005972311231060352,-0.04477810552462902
2003-01-31,0.000681056977302774,0.000681056977302774,-0.0066171348966796995
2003-02-07,-0.003797372756221382,-0.003747372756221382,-0.030396166880916176
2003-02-14,-0.00019852806967757567,-0.00019852806967757567,0.006267401077510781
2003-02-21,0.000432402022487372,0.0005324020224873721,0.01590628705577979
2003-02-28,-0.0011030213216003015,-0.0010530213216003014,-0.008276642654184818
2003-03-07,-0.005972947490970477,-0.005872947490970477,-0.014575283837603314
2003-03-14,-0.0004918541646342417,-0.00034185416463424173,0.005284175222285192
2003-03-21,0.0006184086184909974,0.0006684086184909975,0.0750297022573716
2003-03-28,-0.0008343963660719428,-0.0008343963660719428,-0.036046394802353166
2003-04-04,4.849828963949948e-05,4.849828963949948e-05,0.017776491024898755
2003-04-11,0.0012407453663784527,0.0012407453663784527,-0.012004323832280894
2003-04-18,0.0015445854752335272,0.0015445854752335272,0.029114361395831123
2003-04-25,0.002234787264257056,0.0022847872642570563,0.0058528615233106596
2003-05-02,0.004058404958838367,0.004058404958838367,0.03479044514413521
2003-05-09,0.0020734432055055903,0.0020734432055055903,0.0035803371752967106
2003-05-16,0.0009701414094782892,0.0010701414094782893,0.01166689879045646
2003-05-23,0.0004573330984253606,0.0004573330984253606,-0.011733559250238224
2003-05-30,0.0012196096280515235,0.0012196096280515235,0.032543237393112046
2003-06-06,0.00047211912777159616,0.0005221191277715962,0.025083282308865806
2003-06-13,-0.00030878256634744633,-5.8782566347446344e-05,0.0008605329229771641
2003-06-20,0.0002642073337547813,0.0004142073337547813,0.007161570285552532
2003-06-27,-0.0007697897187056631,-0.0007197897187056631,-0.019554278942241043
2003-07-04,-0.000786688247845036,-0.0006866882478450359,0.009710925815902272
2003-07-11,0.001101869923094636,0.001151869923094636,0.012620472760474621
2003-07-18,0.00025501415298076984,0.00030501415298076986,-0.004828981906345731
2003-07-25,0.0011298268794961634,0.0011298268794961634,0.00539604558450435
2003-08-01,-0.0005416984261312768,-0.0005416984261312768,-0.01855449192934666
2003-08-08,0.0014811968588109195,0.0014811968588109195,-0.0026118451257459707
2003-08-15,-0.0012597500971724739,-0.0012597500971724739,0.013379842265162312
2003-08-22,-0.00028161464988178155,-0.00028161464988178155,0.0024125087062289996
2003-08-29,-0.0012845867633630866,-0.0012345867633630867,0.015054478077860312
2003-09-05,0.0009911876204186433,0.0010411876204186432,0.0132736778404976
2003-09-12,0.0013587378464906292,0.0015087378464906291,-0.0027021999432146337
2003-09-19,-0.002416788339629331,-0.002366788339629331,0.01734682858348946
2003-09-26,0.0012667873033007262,0.0013167873033007261,-0.03806812699025375
2003-10-03,4.1404964996235445e-05,0.00014140496499623546,0.0331042784772031
2003-10-10,-0.0012157319435431543,-0.0010657319435431543,0.007972034762343982
2003-10-17,-0.001269999784139463,-0.001269999784139463,0.00121380267036586
2003-10-24,-0.00011296813763377782,-0.00011296813763377782,-0.01002578609090543
2003-10-31,-0.00013321056465858796,-0.00013321056465858796,0.021197395276508768
2003-11-07,0.0012621219435409244,0.0012621219435409244,0.002379343491543784
2003-11-14,0.00013453723540781323,0.00013453723540781323,-0.002715507828448427
2003-11-21,-0.0018844348217616175,-0.0018844348217616175,-0.014347598419574337
2003-11-28,-0.0015613200799715209,-0.0015113200799715212,0.022138938258249086
2003-12-05,0.0003187632815267122,0.0004187632815267122,0.0031185031185030354
2003-12-12,-0.00024006369295642515,9.936307043575e-06,0.011907677814413598
2003-12-19,0.0007134210849131949,0.000963421084913195,0.013517790976967703
2003-12-26,0.0014298556192881289,0.0014298556192881289,0.006641191924016798
2004-01-02,-0.0007613927966187744,-0.0006613927966187743,0.011488379308142171
2004-01-09,0.003466117357696666,0.0035161173576966657,0.012070583140877389
2004-01-16,-0.0011295568815308098,-0.0010795568815308097,0.01601804146684982
2004-01-23,0.0018577088051066257,0.0019577088051066257,0.0015089969556862926
2004-01-30,-0.0011284867104689026,-0.0011284867104689026,-0.009127940081468
2004-02-06,-0.005129018956291567,-0.005079018956291566,0.01028175364458539
2004-02-13,0.0010006476081823306,0.0010006476081823306,0.0026689768630332456
2004-02-20,0.00021044132118722535,0.00021044132118722535,-0.0014836665764830226
2004-02-27,-0.0022961627109622526,-0.0022961627109622526,0.0007254547202630857
2004-03-05,0.0010130531744525666,0.0011130531744525667,0.010419759987422728
2004-03-12,0.002206837061917751,0.002306837061917751,-0.031377769325853344
2004-03-19,-0.0018556054355172518,-0.0018056054355172519,-0.00962902808392152
2004-03-26,-0.001076249114732268,-0.000976249114732268,-0.0015498567283606102
2004-04-02,-0.0028076351912581705,-0.0027076351912581702,0.03045863942385796
2004-04-09,-0.0024270639837676183,-0.002377063983767618,-0.00218074811045621
2004-04-16,0.0003653804450172506,0.00041538044501725056,-0.004134044868869147
2004-04-23,-0.0005926707238582414,-0.0004926707238582414,0.005279347088426922
2004-04-30,0.0007188999945113345,0.0007188999945113345,-0.02918639312642468
2004-05-07,-7.080410383833533e-06,4.291958961616651e-05,-0.007775600328724486
2004-05-14,-0.00014168740653951374,-9.16874065395137e-05,-0.002730499681441678
2004-05-21,-0.0008110385740028083,-0.0008110385740028083,-0.0019530893492745172
2004-05-28,0.0015428440342503272,0.0015928440342503271,0.024799736639965042
2004-06-04,-0.0006725489469796214,-0.0006225489469796213,0.0016240139915051355
2004-06-11,-0.0008050368248882916,-0.0005550368248882914,0.012445434298441027
2004-06-18,-0.000938486657387444,-0.0007884866573874439,-0.0012758805775779924
2004-06-25,-0.0014922272947748556,-0.0014422272947748557,-0.0005198146288170058
2004-07-02,0.00031296668394489955,0.00031296668394489955,-0.007977574641009122
2004-07-09,0.00023436043471416172,0.0002843604347141617,-0.011169560504007636
2004-07-16,7.118429203318609e-05,7.118429203318609e-05,-0.010262308929646413
2004-07-23,0.0014566083970193528,0.001506608397019353,-0.013791663261878195
2004-07-30,-0.00028675079321285884,-0.00028675079321285884,0.014288344687902743
2004-08-06,-0.0015509733690256577,-0.0015509733690256577,-0.03426460443669899
2004-08-13,-0.00031661812164311015,-0.00031661812164311015,0.0007800971831912751
2004-08-20,0.0003516571364986858,0.0003516571364986858,0.031508264462809965
2004-08-27,-0.0007456786152939204,-0.0007456786152939204,0.008576501115309387
2004-09-03,-7.957162755632162e-05,2.0428372443678378e-05,0.005289906749596174
2004-09-10,9.674172307804624e-05,0.00014674172307804623,0.009240052800301601
2004-09-17,-0.0004920428680418868,-0.00039204286804188674,0.004119510285429451
2004-09-24,-0.0029063875449946946,-0.002806387544994695,-0.016339550750963716
2004-10-01,-0.0005733896782649064,-0.0005233896782649065,0.01926836079307459
2004-10-08,0.0018095573933416306,0.0018095573933416306,-0.008272205037560654
2004-10-15,0.0015076290056071833,0.001607629005607183,-0.012422692355677611
2004-10-22,0.0001301449400591859,0.00023014494005918598,-0.011252481501534017
2004-10-29,0.0029120179354923084,0.0029620179354923086,0.03145847973497129
2004-11-05,3.632922405459593e-06,5.3632922405459635e-05,0.031826225446823564
2004-11-12,0.0013187454762100194,0.0013187454762100194,0.015435142389188528
2004-11-19,0.000865704975421825,0.0009157049754218251,-0.011679066350270828
2004-11-26,-0.0016309877639399677,-0.0016309877639399677,0.010518310918194773
2004-12-03,0.001278924866840361,0.0013289248668403608,0.007204160148818417
2004-12-10,0.0003765200703220976,0.0006765200703220977,-0.0026612490240688347
2004-12-17,-0.00037685895375116804,-0.00012685895375116782,0.00523569023569026
2004-12-24,-0.002258536254061873,-0.0021585362540618726,0.013322503391334894
2004-12-31,-0.0010550973534700007,-0.0010050973534700008,0.0014791799228182079
2005-01-07,0.00348539639996222,0.00348539639996222,-0.02123077430853526
2005-01-14,0.0012450439561993993,0.0012450439561993993,-0.001407868891155739
2005-01-21,-0.003185968628172775,-0.003135968628172775,-0.014056326613311798
2005-01-28,0.0013860615027524747,0.0014860615027524747,0.0029883463056676884
2005-02-04,-0.0021104533972087585,-0.0020104533972087587,0.027036948504302716
2005-02-11,-0.00261179922691864,-0.0025117992269186396,0.0018869022385143985
2005-02-18,0.0011038682654676475,0.0011038682654676475,-0.0030780718493321757
2005-02-25,-0.00024054461917319094,-0.00024054461917319094,0.008139215539410216
2005-03-04,-0.0014855182722960402,-0.00143551827229604,0.008882504932432145
2005-03-11,0.0008206898164276258,0.0008706898164276258,-0.01804227046222595
2005-03-18,0.00010563875372733781,0.0001556387537273378,-0.008699420038663974
2005-03-25,-5e-05,0.0,-0.015315557647691769
2005-04-01,-0.0009747553686678684,-0.0009747553686678684,0.0012804971743696214
2005-04-08,9.47132410375524e-05,9.47132410375524e-05,0.007059304982437009
2005-04-15,0.0010284908930631403,0.0010784908930631402,-0.032661699966136215
2005-04-22,0.001111725425015991,0.001161725425015991,0.00831422520172942
2005-04-29,0.0006704089368614604,0.0007204089368614604,0.004105475124118962
2005-05-06,0.0005129672556294221,0.0005129672556294221,0.012534036391926406
2005-05-13,0.00044499619644667546,0.00044499619644667546,-0.014769283305587577
2005-05-20,0.0007142649683460241,0.000814264968346024,0.030527273515012388
2005-05-27,0.000887131152441149,0.000887131152441149,0.007988026368895396
2005-06-03,-0.0009055794271957323,-0.0009055794271957323,-0.0023023407130582374
2005-06-10,0.000849105476299381,0.001149105476299381,0.0017474624170163988
2005-06-17,8.354496194337563e-05,0.00023354496194337568,0.015733112986286768
2005-06-24,-0.0007490059365825,-0.0006990059365825,-0.02086346305548259
2005-07-01,0.001236566480578991,0.0012865664805789912,0.0024085869902734647
2005-07-08,-0.0007208255922726955,-0.0006208255922726955,0.01458424031345218
2005-07-15,-0.0018154875331484015,-0.0018154875331484015,0.013252355882692912
2005-07-22,-0.0012801791488210566,-0.0011301791488210569,0.004682715486350908
2005-07-29,0.0017470501925353188,0.001797050192535319,0.0004134006663045753
2005-08-05,-0.0001336758895074305,-3.367588950743041e-05,-0.006287575556239711
2005-08-12,0.00029167095754293004,0.0003416709575429299,0.0032370639748211527
2005-08-19,0.002725583502319829,0.002725583502319829,-0.00868017457879211
2005-08-26,-0.00048171830670717464,-0.0004317183067071746,-0.011978257126694203
2005-09-02,-0.0010951255175143974,-0.0009451255175143972,0.010721101983238057
2005-09-09,0.0003357070393628445,0.0003857070393628445,0.019260767475082652
2005-09-16,0.0017340424179127767,0.001834042417912777,-0.0028756000902148138
2005-09-23,-0.0013714717093050884,-0.0013214717093050885,-0.018272733882107817
2005-09-30,-0.00023716342618264772,-8.71634261826476e-05,0.011124916686552133
2005-10-07,0.00046054405792141876,0.0005605440579214188,-0.026782008609955832
2005-10-14,-0.0004243279838203011,-0.00037432798382030114,-0.007801655656827666
2005-10-21,-0.002332124858628219,-0.0022321248586282187,-0.00588250166446147
2005-10-28,-0.001480002573102378,-0.001380002573102378,0.015954696123229306
2005-11-04,0.0020749440714961896,0.00217494407149619,0.018132358708622176
2005-11-11,-0.00026190241941194544,-0.00026190241941194544,0.011941252643139277
2005-11-18,-0.0009029662510457986,-0.0009029662510457986,0.010982335933134024
2005-11-25,0.00045022555151968036,0.00045022555151968036,0.016006152515080974
2005-12-02,-0.000612543284940203,-0.0005125432849402029,-0.0024995071949537317
2005-12-09,-0.001315168569794742,-0.0009151685697947418,-0.0045135485502892925
2005-12-16,-0.000652777709735149,-0.0004527777097351488,0.006312680149598737
2005-12-23,0.000467008961635834,0.0005670089616358339,0.001057349367168614
2005-12-30,-0.0003868940888412316,-0.00033689408884123164,-0.0160563113836647
2006-01-06,0.0012021686786683338,0.0012021686786683338,0.029768723613903925
2006-01-13,0.00045882607159231613,0.00045882607159231613,0.001680345404333039
2006-01-20,-0.0021449847525356865,-0.001994984752535686,-0.02029341182500899
2006-01-27,-0.0008381085679490273,-0.0007881085679490275,0.01763008529663579
2006-02-03,-0.0010303676994033561,-0.0009303676994033561,-0.015338235752344831
2006-02-10,0.0002474546234369727,0.00039745462343697267,0.002341716573182717
2006-02-17,-0.00011977990708032385,-1.9779907080323764e-05,0.01598276229488782
2006-02-24,-0.0002631234947299349,-0.00021312349472993485,0.00170131444019761
2006-03-03,-0.00035789665231980973,-0.00020789665231980958,-0.001706180250188094
2006-03-10,-0.0001885022128641207,-8.850221286412063e-05,-0.004389269982831401
2006-03-17,0.0027739314098803687,0.002873931409880369,0.020029963014404073
2006-03-24,0.00040146160010762634,0.0005014616001076265,-0.0032893478676611076
2006-03-31,0.0012904977038320597,0.0012904977038320597,-0.006232011972830964
2006-04-07,-0.00032737902300110957,-0.00032737902300110957,0.000517442444181837
2006-04-14,-0.0003359441929557438,-0.00028594419295574383,-0.0049247394828252355
2006-04-21,-0.0031598488618535953,-0.0030598488618535954,0.017190021099664943
2006-04-28,0.000765513910100236,0.000765513910100236,-0.0005109511317187287
2006-05-05,-0.0012773719229834711,-0.0011773719229834713,0.01155950282692797
2006-05-12,-0.00012731436233902912,-7.731436233902913e-05,-0.02603789524499156
2006-05-19,2.1779542240374048e-05,2.1779542240374048e-05,-0.018749419162975123
2006-05-26,-7.015146485876838e-05,-2.0151464858768375e-05,0.010362816981444922
2006-06-02,0.0005053695784815408,0.0006053695784815408,0.0062960879890012755
2006-06-09,-0.0017327897496462567,-0.0014827897496462563,-0.027883436059058297
2006-06-16,-0.0004971376597728493,-0.0003471376597728493,-0.0006068833346641878
2006-06-23,0.0016660235345272545,0.0016660235345272545,-0.005625069913866132
2006-06-30,-0.0005134366451663266,-0.0005134366451663266,0.02065086380072323
2006-07-07,-0.0008110811672740741,-0.0008110811672740741,-0.003715950244056021
2006-07-14,-8.974319140530253e-05,-3.9743191405302526e-05,-0.02313746562569141
2006-07-21,-0.0033720453594226637,-0.003272045359422664,0.0033085261284582224
2006-07-28,0.004005277108214008,0.004055277108214008,0.030847624345919034
2006-08-04,0.0011985727618598046,0.0012985727618598046,0.0006335301708966234
2006-08-11,0.0012373442249688123,0.0012873442249688124,-0.009864307153576668
2006-08-18,-0.0019435484443375243,-0.0018435484443375242,0.02807205898605858
2006-08-25,0.0002472338615953726,0.0002472338615953726,-0.005536358749903991
2006-09-01,0.000965550993130234,0.001065550993130234,0.01229258198271932
2006-09-08,0.00017986648569047996,0.00022986648569047995,-0.009221897620918185
2006-09-15,-0.001283807634556753,-0.001283807634556753,0.016128783912789046
2006-09-22,0.0009020378257426348,0.0009020378257426348,-0.0038564404070097202
2006-09-29,-0.00031678103377185876,-0.0002667810337718587,0.016025494759579484
2006-10-06,0.0003552702011265851,0.0004552702011265851,0.010278100086087427
2006-10-13,-0.0006175047836907817,-0.0005175047836907816,0.011885179092754772
2006-10-20,0.0015087440282882322,0.0015587440282882324,0.0021821590193464857
2006-10-27,0.0006895686168246773,0.0007395686168246774,0.006386087973111243
2006-11-03,-0.0015912787478281863,-0.0015412787478281862,-0.009467524358546142
2006-11-10,-0.0004756621104653802,-0.00037566211046538025,0.012167411859561827
2006-11-17,0.000778444604728945,0.000778444604728945,0.014700557607357556
2006-11-24,-0.00018993299509707345,-0.00018993299509707345,-0.00017841849842992197
2006-12-01,-6.486225311713766e-05,-1.48622531171377e-05,-0.0030265177201185267
2006-12-08,-0.0008466221201743659,-0.00044662212017436594,0.009400662986589925
2006-12-15,0.0004731049578851459,0.0006231049578851461,0.012235430970890304
2006-12-22,0.00042898151717083973,0.00047898151717083975,-0.011435858985768155
2006-12-29,0.0011142003001493508,0.001164200300149351,0.005337510721095562
2007-01-05,0.002975311058828372,0.002975311058828372,-0.006056546569837118
2007-01-12,0.0005431549169944996,0.0006431549169944996,0.014910868192748783
2007-01-19,0.0007443666528025982,0.0008943666528025982,-0.0001607570960279192
2007-01-26,0.0028441674245564346,0.0028941674245564347,-0.005816148199930038
2007-02-02,-0.0025529766533647505,-0.0024529766533647507,0.018429453374397164
2007-02-09,0.0032438236558213368,0.0032438236558213368,-0.007132056973605305
2007-02-16,-0.002944761531295992,-0.002844761531295992,0.012155264731652293
2007-02-23,-0.002168428140678392,-0.002168428140678392,-0.002988581557360037
2007-03-02,5.5813656820953396e-05,0.00010581365682095345,-0.04411551898786514
2007-03-09,0.00023574492560349695,0.00033574492560349686,0.011303589322144925
2007-03-16,-0.00017951757210321525,-7.951757210321523e-05,-0.011341198274940179
2007-03-23,-0.0021928470141753527,-0.0021928470141753527,0.03545214645190109
2007-03-30,0.001980718338816996,0.001980718338816996,-0.010618963728405206
2007-04-06,0.0007959808244688941,0.0009459808244688943,0.01611699956364454
2007-04-13,0.001502618261532784,0.0015526182615327841,0.006296060287028338
2007-04-20,-0.0030057296284267867,-0.0029057296284267864,0.02168152252469291
2007-04-27,-0.0017519033730049281,-0.001651903373004928,0.006548320813824171
2007-05-04,-0.0004975286510685543,-0.0003975286510685543,0.007730561486409604
2007-05-11,-0.0010099959158221005,-0.0009599959158221004,0.0001527609888285486
2007-05-18,0.001473269070787693,0.001473269070787693,0.011222897366935713
2007-05-25,-0.0006901527514557518,-0.0005901527514557516,-0.004610080446560527
2007-06-01,-0.000726599452626429,-0.000726599452626429,0.01359740850943103
2007-06-08,0.0003892942600612761,0.0005392942600612762,-0.01866123384146723
2007-06-15,-0.0007144523769802924,-0.00041445237698029236,0.016741064025947328
2007-06-22,-0.0007069365324004123,-0.0006069365324004123,-0.01979894449119657
2007-06-29,-0.003000564147761349,-0.002950564147761349,0.0005257693536364627
2007-07-06,-0.002455611967960886,-0.002355611967960886,0.01801975587853799
2007-07-13,-0.0006755991711751796,-0.0006255991711751796,0.014414155406288431
2007-07-20,0.003110837531829323,0.0032108375318293234,-0.011851851851851891
2007-07-27,0.0011177458973149511,0.0012677458973149513,-0.04898637637702874
2007-08-03,-0.00026124844700462716,-0.00011124844700462706,-0.017745638986942702
2007-08-10,0.001624412460008344,0.001624412460008344,0.01436087812094411
2007-08-17,0.001143393996728004,0.001143393996728004,-0.005297047412013978
2007-08-24,-0.0012320470973868226,-0.0012320470973868226,0.023119908156631563
2007-08-31,-0.0028842952974086414,-0.0028842952974086414,-0.0036366831827060464
2007-09-07,0.001971259059871294,0.002071259059871294,-0.013867122572066348
2007-09-14,0.0004010484213816108,0.0004510484213816108,0.021120704482129993
2007-09-21,-0.000758399276478499,-0.000758399276478499,0.027960249284150196
2007-09-28,0.001412838458985713,0.001412838458985713,0.0006554153694904308
2007-10-05,0.0005075046277192245,0.0005075046277192245,0.020199770754871338
2007-10-12,0.0022686370286752232,0.0023186370286752238,0.0027028935727630987
2007-10-19,-0.0004716572712601827,-0.00032165727126018276,-0.03916634652324236
2007-10-26,-0.0016547636588982804,-0.0014047636588982804,0.023090302073129232
2007-11-02,0.0027328915635066744,0.0027828915635066745,-0.01669402324006042
2007-11-09,-0.00020565774200773023,-5.565774200773019e-05,-0.0370615705627132
2007-11-16,0.0004885222583644257,0.0004885222583644257,0.00346701520258641
2007-11-23,-0.0016390221041915974,-0.0015890221041915975,-0.012366837133416464
2007-11-30,0.0017049938420989025,0.0018049938420989027,0.028069688345943034
2007-12-07,-0.0023889362635303056,-0.0021389362635303054,0.01587966026169041
2007-12-14,-0.0010565176521378128,-0.0006065176521378127,-0.02439753831430358
2007-12-21,-0.0005189446354888973,-0.00026894463548889704,0.011246977076875941
2007-12-28,-0.002158129372851483,-0.002158129372851483,-0.004021664443636053
2008-01-04,1.4143792959101864e-05,0.00011414379295910182,-0.045221814148218686
2008-01-11,-0.004100308140762225,-0.003950308140762225,-0.007516133831103167
2008-01-18,0.0004299819313185457,0.0006299819313185459,-0.05412485189362026
2008-01-25,0.0011036117560664887,0.0012536117560664889,0.004089979550102152
2008-02-01,-0.0004464381112042856,-0.0003964381112042855,0.04869946866474795
2008-02-08,-0.0007931930684511443,-0.0007931930684511443,-0.04595065249639896
2008-02-15,-0.00018705658210823963,-0.00013705658210823958,0.014054037812948339
2008-02-22,-0.0010376750619915762,-0.000937675061991576,0.0023037037037036967
2008-02-29,0.0010773251973800497,0.0011273251973800496,-0.016613579088174513
2008-03-07,0.00044344021111130375,0.0006434402111113038,-0.028001773595966006
2008-03-14,0.0003796929324877891,0.0004296929324877891,-0.00404369979201602
2008-03-21,0.000567523404889739,0.0006175234048897392,0.032116074339745504
2008-03-28,-0.004870957271575311,-0.004820957271575311,-0.010748320809922385
2008-04-04,-0.0003777733120096117,-0.0003277733120096117,0.041954958105868245
2008-04-11,0.0009712616511414106,0.0009712616511414106,-0.02741535318155297
2008-04-18,-7.027114594915836e-06,9.297288540508416e-05,0.043141285835402776
2008-04-25,-0.0016838947740660595,-0.0016338947740660594,0.005401595304711737
2008-05-02,0.0008016916335906281,0.0008016916335906281,0.011489154695816461
2008-05-09,-0.004512906178012237,-0.004462906178012237,-0.018120093358794942
2008-05-16,-0.0009558981630679861,-0.0009558981630679861,0.026702106203359444
2008-05-23,-0.0011715517064465298,-0.0011215517064465297,-0.034672185778931386
2008-05-30,-0.0009048804579403217,-0.0008548804579403217,0.01776979933572198
2008-06-06,-0.00022846794541561024,-0.00017846794541561024,-0.02834944800696959
2008-06-13,-0.0009483300055425428,-0.0006483300055425428,-0.0004777023253079715
2008-06-20,-0.002308105360629839,-0.002108105360629839,-0.030955199517657683
2008-06-27,-0.00028387795234510597,-0.00023387795234510594,-0.03000918106424466
2008-07-04,-0.0002499181627209729,-0.00014991816272097287,-0.01210907554874141
2008-07-11,-0.003067279999595908,-0.002917279999595908,-0.018536701243170528
2008-07-18,0.00668634919374077,0.00668634919374077,0.017095740990246133
2008-07-25,0.0030921462041659494,0.003142146204165949,-0.0023162102992037026
2008-08-01,0.0021684193608841303,0.0021684193608841303,0.0020274138150362386
2008-08-08,-0.002636751004170785,-0.002636751004170785,0.028572335377803793
2008-08-15,-0.0037316549187314902,-0.0036316549187314904,0.0014502591952605393
2008-08-22,-0.0019075383792137104,-0.0019075383792137104,-0.004621784008627339
2008-08-29,-0.000670538482017103,-0.000620538482017103,-0.007251199504720751
2008-09-05,-0.00016072917439846667,-6.0729174398466664e-05,-0.031586414411886254
2008-09-12,0.0004985933908875781,0.0005485933908875782,0.007558499891331616
2008-09-19,0.001082617107446747,0.0012326171074467471,0.00270032755452565
2008-09-26,0.004354649505928467,0.004504649505928467,-0.03351977563183217
2008-10-03,-0.013129981385128714,-0.012929981385128714,-0.09379972135431691
2008-10-10,-0.0026147814281072034,-0.0025647814281072033,-0.18195464097595593
2008-10-17,-0.0009334667566936874,-0.0008834667566936874,0.04596205600409231
2008-10-24,-0.0017430059757558714,-0.0017430059757558714,-0.06781138695444155
2008-10-31,0.0021454618578447436,0.0021954618578447437,0.10490778653466704
2008-11-07,0.0,0.0,-0.03897806451612906
2008-11-14,0.0,0.0,-0.06197703519908915
2008-11-21,0.0,0.0,-0.08388965864718478
2008-11-28,-5e-05,0.0,0.12025799032536288
2008-12-05,-0.0004923748369737721,-0.00044237483697377223,-0.02250513255378017
2008-12-12,0.003839316875995649,0.0043393168759956495,0.004177748353441979
2008-12-19,-0.0010561406093005377,-0.0009561406093005376,0.009264206063223979
2008-12-26,-0.00020164130128797752,-0.00015164130128797752,-0.016984277154570515
2009-01-02,0.0008188862795673896,0.0008188862795673896,0.06759853345554534
2009-01-09,0.008103950208934955,0.008203950208934954,-0.044483794805752264
2009-01-16,0.0038320502058825146,0.0039320502058825145,-0.04518447801426406
2009-01-23,0.00012172339656125364,0.00027172339656125364,-0.021373453159553857
2009-01-30,0.0024862130534671046,0.0024862130534671046,-0.007296111545165074
2009-02-06,-0.0014070030931776633,-0.0014070030931776633,0.0517266430958494
2009-02-13,0.0027008526772441107,0.0027008526772441107,-0.048077365876122435
2009-02-20,-0.003301839496630603,-0.0032018394966306027,-0.06868317933336565
2009-02-27,0.0039723721505286955,0.004222372150528696,-0.04539964937341723
2009-03-06,-0.002469266457138085,-0.002219266457138085,-0.07034512780747937
2009-03-13,0.0016713739665439238,0.0017213739665439237,0.10707073663262023
2009-03-20,-0.002557064163295376,-0.002457064163295376,0.015848258542066063
2009-03-27,0.0012121170724664829,0.001262117072466483,0.061675384495276875
2009-04-03,0.0012874737836977626,0.0013374737836977625,0.032551413094100035
2009-04-10,0.003801128973681918,0.0038511289736819177,0.016688427299703212
2009-04-17,0.0016697822279895989,0.001719782227989599,0.01522368543943231
2009-04-24,0.00012283292042724524,0.00012283292042724524,-0.0038753449862005684
2009-05-01,0.004485531728204065,0.004635531728204065,0.013033489950705857
2009-05-08,0.0017575385416303188,0.0017575385416303188,0.05892743185340499
2009-05-15,-0.0011155078069100795,-0.0009655078069100793,-0.04988000817881477
2009-05-22,0.0011827519637040685,0.0012827519637040687,0.004666545849945747
2009-05-29,0.0019061599795350726,0.0020061599795350724,0.03623449830890646
2009-06-05,0.001301970937276884,0.0014519709372768843,0.022793045673129342
2009-06-12,-0.0007281063178869477,-0.0006281063178869477,0.006510014998563962
2009-06-19,-0.0020459711526977396,-0.0019959711526977395,-0.02640005918347932
2009-06-26,0.00022874084013937935,0.0002787408401393794,-0.0025292272288136575
2009-07-03,0.0005106347092808807,0.0005106347092808807,-0.02446403308303413
2009-07-10,0.00010920059424912223,0.00010920059424912223,-0.01928783382789312
2009-07-17,0.0013042302491766563,0.0013042302491766563,0.06967115216179631
2009-07-24,0.001176586496282976,0.001176586496282976,0.04134498819626109
2009-07-31,-0.0009463520054957362,-0.0009463520054957362,0.008394093499172861
2009-08-07,-0.00015163734462540957,-0.00015163734462540957,0.023291610969336185
2009-08-14,-0.00026921659087672647,-0.00021921659087672648,-0.006323727337502971
2009-08-21,0.0007159323176411625,0.0007159323176411625,0.021950223585535333
2009-08-28,0.00017491158134428215,0.0002249115813442822,0.002728699092707565
2009-09-04,0.00022214550848078125,0.0002721455084807813,-0.012177699163208433
2009-09-11,4.5359903240175387e-05,4.5359903240175387e-05,0.025905155450610007
2009-09-18,-0.0017019840662422763,-0.0016519840662422764,0.024522167771139136
2009-09-25,0.0003986538814096309,0.0003986538814096309,-0.022390714218852192
2009-10-02,-0.0007173694901583107,-0.0007173694901583107,-0.01835538788563551
2009-10-09,0.0006996855878036633,0.0007496855878036632,0.04514197091327632
2009-10-16,0.0002003017298737442,0.0002503017298737442,0.015109800371445381
2009-10-23,-0.00039459602928294346,-0.00034459602928294344,-0.007428655486908076
2009-10-30,0.0006121290477221202,0.0007121290477221202,-0.04020933679140404
2009-11-06,0.0004953078352808672,0.0006453078352808673,0.031953599243381925
2009-11-13,0.0002460996729685227,0.0002460996729685227,0.022612924343028196
2009-11-20,0.0030247550928978843,0.0030247550928978843,-0.0019204740827448719
2009-11-27,-0.0001391493958406614,-3.91493958406614e-05,0.00010078982572503392
2009-12-04,0.0017269885650417662,0.0021269885650417658,0.013275430833081359
2009-12-11,-0.0001,0.0,0.0003887954574224306
2009-12-18,-0.0005683052888229782,-0.00036830528882297815,-0.0035610668739437523
2009-12-25,-0.001908974276567213,-0.001858974276567213,0.02177837038649577
2010-01-01,0.0005541790426915885,0.0005541790426915885,-0.010102265464100646
2010-01-08,-0.0008629440050454609,-0.0008629440050454609,0.0267958030669897
2010-01-15,-0.0019361775411662313,-0.0018361775411662312,-0.007816730423238827
2010-01-22,0.000529672843528424,0.000529672843528424,-0.03896904131052881
2010-01-29,0.00026248058988000427,0.0003124805898800043,-0.016386385286143557
2010-02-05,0.0007746983023353283,0.0007746983023353283,-0.007151703651279817
2010-02-12,0.0009927275959843278,0.0009927275959843278,0.008741406315947442
2010-02-19,-0.0021457569963532217,-0.002095756996353222,0.03129678013221637
2010-02-26,-0.002503846479804118,-0.002453846479804118,-0.004219371241559022
2010-03-05,-0.0009392544722184049,-0.0008392544722184049,0.030973571512643794
2010-03-12,-0.0010209580736225987,-0.0008209580736225986,0.009914815140072086
2010-03-19,0.0002929550473211794,0.00044295504732117934,0.008617466238836968
2010-03-26,0.0005789313714861402,0.0005789313714861402,0.005767738598154937
2010-04-02,-0.00012798946755217136,-7.79894675521714e-05,0.009866362646688165
2010-04-09,-0.0012327745296080127,-0.0011327745296080128,0.013810372633902057
2010-04-16,-0.000688067621964286,-0.0005380676219642858,-0.0018754657267009422
2010-04-23,0.0008342749984458799,0.00098427499844588,0.02109669247481394
2010-04-30,0.00044321562620814535,0.0005432156262081454,-0.02512979758149314
2010-05-07,0.004971128256586613,0.005021128256586613,-0.06388357532295708
2010-05-14,-0.0035490987303041024,-0.0035490987303041024,0.022324643525853283
2010-05-21,0.0034405166717709087,0.0034405166717709087,-0.04225662158354471
2010-05-28,-0.0028863111657419054,-0.0028363111657419052,0.0015813329165479395
2010-06-04,-0.0006689537150207233,-0.0002689537150207232,-0.022516775135164924
2010-06-11,-0.0014017928781335882,-0.0012017928781335881,0.025092029148824135
2010-06-18,0.0007386045654012586,0.0007886045654012586,0.02373580065958225
2010-06-25,-0.0016960188011858057,-0.0016460188011858056,-0.03645604961029436
2010-07-02,-0.00013924553536497352,-0.00013924553536497352,-0.05032643925815161
2010-07-09,-0.0004859600938285391,-0.0004859600938285391,0.05415713196033556
2010-07-16,-0.00017107618305107916,-0.00017107618305107916,-0.012134030947344887
2010-07-23,-0.0018964343922157952,-0.0017964343922157954,0.03547817594470737
2010-07-30,-0.0001604021955505219,-0.00011040219555052185,-0.0009613117370723678
2010-08-06,0.0017590432173342115,0.0017590432173342115,0.018191721132897687
2010-08-13,0.0010384198211590419,0.0010384198211590419,-0.03779287471916126
2010-08-20,8.775055981916835e-05,8.775055981916835e-05,-0.007004864489228546
2010-08-27,-0.0003499900702952134,-0.00024999007029521335,-0.006625050154429157
2010-09-03,0.0006514047119062387,0.0007014047119062387,0.03749800392639435
2010-09-10,-0.00017276965416297566,-7.276965416297557e-05,0.004563109433142198
2010-09-17,-0.0008201067321251639,-0.0007701067321251639,0.014456311117119425
2010-09-24,-4.873037407659214e-05,-4.873037407659214e-05,0.020504801926101157
2010-10-01,-0.0012143853574186948,-0.0012143853574186948,-0.0021154900885372863
2010-10-08,0.00014751285697146258,0.00014751285697146258,0.016497417643774437
2010-10-15,-0.0011017819377430508,-0.0010017819377430507,0.009475174870188452
2010-10-22,-0.000993554454165741,-0.000943554454165741,0.005857897108460186
2010-10-29,0.00046220164239244206,0.0005122016423924421,0.00015214524799689322
2010-11-05,-0.0001424983014374397,-0.0001424983014374397,0.03599377989621888
2010-11-12,-0.0009558258991972841,-0.0009558258991972841,-0.021731859526043062
2010-11-19,4.864118691118302e-05,4.864118691118302e-05,0.00043361879904257883
2010-11-26,3.290966628464644e-05,3.290966628464644e-05,-0.008610270644228257
2010-12-03,0.0009438361563886104,0.0011938361563886104,0.029687237262485233
2010-12-10,0.001819577214250366,0.002019577214250366,0.012811196119897783
2010-12-17,-0.000135008467484511,-8.500846748451095e-05,0.0028297323444050893
2010-12-24,-0.00037546612107703075,-0.00037546612107703075,0.010338368531485287
2010-12-31,0.0012106300257563327,0.0012106300257563327,0.0006922507698305935
2011-01-07,-5.9695460008011605e-05,-5.9695460008011605e-05,0.011020641837091505
2011-01-14,-0.00018264032814104634,-0.00018264032814104634,0.01709791584742426
2011-01-21,0.00201422328502645,0.00201422328502645,-0.00764745909498632
2011-01-28,-0.0028130353926037023,-0.0028130353926037023,-0.005462266723808784
2011-02-04,0.00030064356652482625,0.00035064356652482617,0.027053919801933723
2011-02-11,4.0105625711120025e-05,4.0105625711120025e-05,0.013944937331695995
2011-02-18,-0.0013549796605473862,-0.001304979660547386,0.010427716961968203
2011-02-25,0.00018795758712551546,0.0003879575871255156,-0.01722250765072475
2011-03-04,0.0015717863760296338,0.001621786376029634,0.0009622086856380108
2011-03-11,-9.082031786732179e-06,9.091796821326778e-05,-0.012769178367331602
2011-03-18,-0.000545521336809901,-0.0004455213368099009,-0.019228999907995203
2011-03-25,0.0010396276533190128,0.0010396276533190128,0.027048155096935478
2011-04-01,-0.00044949348602974106,-0.00044949348602974106,0.014165017506469813
2011-04-08,0.00027813572652094865,0.00027813572652094865,-0.003182203676045714
2011-04-15,-0.001761654271724244,-0.001761654271724244,-0.006392254003629083
2011-04-22,4.5097081159302734e-05,9.509708115930278e-05,0.01341234238603306
2011-04-29,-0.002382134365760924,-0.0023321343657609237,0.01961297462202194
2011-05-06,0.001266523660662466,0.001266523660662466,-0.017167665241527907
2011-05-13,-0.0014879352452286524,-0.0014379352452286525,-0.0018131622145949322
2011-05-20,-0.0020860547763026606,-0.0019860547763026603,-0.0033638069324323228
2011-05-27,-0.0007847715076933328,-0.0006847715076933327,-0.0016275773099222457
2011-06-03,0.0009773500456633434,0.0012273500456633432,-0.02324393358876109
2011-06-10,2.0486141311889128e-05,0.00012048614131188908,-0.022443391582574468
2011-06-17,0.00028271862199285555,0.00033271862199285557,0.0004091331098836637
2011-06-24,-0.0005013385689949654,-0.0004513385689949655,-0.0024066063704285545
2011-07-01,0.0005757787465821302,0.0006257787465821301,0.05615559269654069
2011-07-08,-0.0006146872163818437,-0.0006146872163818437,0.0030828487612619693
2011-07-15,-0.0009816051035182482,-0.0009316051035182481,-0.02058342015180825
2011-07-22,0.0012120038247976283,0.0013120038247976282,0.02194295439694849
2011-07-29,-0.0030453382008785246,-0.0030453382008785246,-0.03921131284293167
2011-08-05,-0.0015397544470165292,-0.0015397544470165292,-0.07188844522858817
2011-08-12,-0.001485075754377472,-0.0013350757543774718,-0.017150527772682667
2011-08-19,-0.0022846749081767586,-0.0022346749081767585,-0.04689474979004249
2011-08-26,-0.00014976535893154638,-9.976535893154638e-05,0.047413064181641706
2011-09-02,-0.0010694000724034039,-0.0010694000724034039,-0.0024048266485383607
2011-09-09,0.0008985418985696826,0.0009485418985696825,-0.016814739729294592
2011-09-16,0.002560965523875562,0.0027109655238755615,0.05352486072966389
2011-09-23,0.002066494440549676,0.002216494440549676,-0.06544354076035552
2011-09-30,0.0015914080751777253,0.0016914080751777253,-0.0044085425411155565
2011-10-07,0.0009326221526765929,0.0009326221526765929,0.021247635714412016
2011-10-14,-3.205027840588771e-05,-3.205027840588771e-05,0.05982033129662634
2011-10-21,0.000839989550718604,0.0008899895507186041,0.011163010991523725
2011-10-28,0.002557865299592613,0.0026078652995926133,0.0378275792449021
2011-11-04,-0.004797689700142141,-0.004747689700142141,-0.02479203791174156
2011-11-11,-0.001389602537503885,-0.001339602537503885,0.008482082299338334
2011-11-18,-0.0003096884841708083,-0.0003096884841708083,-0.038145047710980484
2011-11-25,0.0005544009352661259,0.0005544009352661259,-0.04687204376259613
2011-12-02,0.0008740397406082047,0.001174039740608205,0.07388643876168355
2011-12-09,-0.0009002403269926879,-0.0005002403269926877,0.008768122930530087
2011-12-16,0.00029952573385148785,0.00039952573385148795,-0.0283064715302066
2011-12-23,-0.00037580393834782947,-0.00037580393834782947,0.03744486168276384
2011-12-30,-0.0004792947810584191,-0.0004292947810584191,-0.006101175187500529
2012-01-06,0.0035320406599670313,0.0035320406599670313,0.01606221324575996
2012-01-13,-0.002170167342037684,-0.0020701673420376837,0.008827603477825408
2012-01-20,0.004983604888754191,0.005083604888754191,0.020394231589726308
2012-01-27,0.0029927395199311796,0.0029927395199311796,0.000722224756344092
2012-02-03,0.0028036384591215513,0.0028036384591215513,0.021704283880182196
2012-02-10,-0.000702171069301417,-0.0006521710693014169,-0.0016804223362332227
2012-02-17,0.00122813181169871,0.00122813181169871,0.013845855925638917
2012-02-24,-0.0016442604926469647,-0.0014442604926469644,0.0033131799916252813
2012-03-02,0.0005889895082925256,0.0006889895082925256,0.0028482727312666434
2012-03-09,0.0011763266881763272,0.0012263266881763274,0.0009053540007153416
2012-03-16,0.00017424852809667493,0.00017424852809667493,0.024291143580354113
2012-03-23,-0.00040854245375224473,-0.0003585424537522447,-0.005027881239451193
2012-03-30,-0.00026270533486933816,-0.00021270533486933817,0.008131070567099385
2012-04-06,-0.0004542657416691643,-0.0003542657416691643,-0.0073767989378545895
2012-04-13,0.00012449561935147616,0.00017449561935147613,-0.019898718242160607
2012-04-20,-0.0005108020276742075,-0.00046080202767420755,0.006035350955293062
2012-04-27,-0.0015897271123170415,-0.0015397271123170416,0.018011940255199255
2012-05-04,-0.002023610295856241,-0.0019236102958562408,-0.024412837760802608
2012-05-11,0.0006151009277903712,0.0006651009277903712,-0.011474691403111414
2012-05-18,-4.4013167538162285e-05,5.598683246183776e-05,-0.04298095892536524
2012-05-25,-0.0004421701912660272,-0.00039217019126602717,0.01744877318138993
2012-06-01,-0.00190679720062609,-0.0014067972006260904,-0.030178628340744584
2012-06-08,0.000857381739767624,0.001257381739767624,0.037252063690778936
2012-06-15,-8.474918501282183e-05,6.525081498717847e-05,0.012959582396692815
2012-06-22,-0.0006073865486023701,-0.0005073865486023702,-0.005823478597599019
2012-06-29,-0.0034404269183851087,-0.003340426918385109,0.020329283456427705
2012-07-06,-0.001337340251900937,-0.0011873402519009368,-0.005491278557585022
2012-07-13,-0.0021282003459889,-0.0021282003459889,0.0015501815927008167
2012-07-20,0.00010757964533386231,0.00010757964533386231,0.004333790297616602
2012-07-27,0.000578732306365478,0.000578732306365478,0.0171062480736206
2012-08-03,0.0003753878986809565,0.0003753878986809565,0.0036220120204621953
2012-08-10,0.003162977265938951,0.003212977265938951,0.01069741694764148
2012-08-17,0.0008932891510015058,0.0008932891510015058,0.00874191781601441
2012-08-24,-0.000769532929204927,-0.000569532929204927,-0.004957127545551998
2012-08-31,0.0005759957620130871,0.0007259957620130871,-0.003224366288010483
2012-09-07,0.0005196111239667597,0.0005196111239667597,0.022280993615720446
2012-09-14,0.0026689333145457086,0.002818933314545709,0.019368254144875863
2012-09-21,6.488711917637933e-05,0.00011488711917637934,-0.003834162249193196
2012-09-28,0.0007273559094593636,0.0007773559094593636,-0.013341095092969879
2012-10-05,-0.0013308758173028571,-0.001280875817302857,0.014062901288983687
2012-10-12,0.00026105132004817513,0.00026105132004817513,-0.02213658423059295
2012-10-19,0.000850386273296066,0.000850386273296066,0.003219958140544321
2012-10-26,0.0015766382771270823,0.0015766382771270823,-0.014827064101759047
2012-11-02,0.0017745335851185955,0.0018745335851185958,0.001600634587872074
2012-11-09,-0.0002284830636894922,-0.0002284830636894922,-0.024289350869749815
2012-11-16,-0.000624483811263386,-0.000574483811263386,-0.014472587600101283
2012-11-23,-0.00021341727484806226,-0.00016341727484806226,0.03623113804159184
2012-11-30,0.0,0.0,0.004988823049355995
2012-12-07,0.0005905767012372535,0.0008405767012372535,0.0013345761132057543
2012-12-14,0.001544431892782744,0.0015944318927827443,-0.0031662752896542967
2012-12-21,0.0009370295934832025,0.0009370295934832025,0.011722010781137326
2012-12-28,-0.00018643752153526318,-0.00018643752153526318,-0.019382582246617486
2013-01-04,-0.001049745599634631,-0.0009997455996346308,0.045663598183153464
2013-01-11,-0.00012400826002373998,-0.00012400826002373998,0.0038050556779203326
2013-01-18,0.00023751824930564998,0.00028751824930564997,0.009462993784178586
2013-01-25,0.0003857540091668241,0.000485754009166824,0.011426802514165724
2013-02-01,0.001798665070308973,0.0018486650703089728,0.006793261297705966
2013-02-08,0.00039292603224414907,0.00039292603224414907,0.0031457139647230736
2013-02-15,-0.002811855103900811,-0.002761855103900811,0.0012253529477643799
2013-02-22,0.0014675079861837348,0.0017175079861837343,-0.0027569598431362863
2013-03-01,-0.0006424632898466249,-0.0004424632898466248,0.0017154922143045592
2013-03-08,-0.000797648141808083,-0.0007476481418080831,0.02172309313660925
2013-03-15,-0.00014343750381810762,-9.343750381810757e-05,0.006137263244755609
2013-03-22,0.0005641087475137623,0.0006141087475137623,-0.0024412122765425925
2013-03-29,0.001587898500460654,0.0016878985004606536,0.007900365472191417
2013-04-05,-0.0007151275644120484,-0.0006651275644120484,-0.010138988905104007
2013-04-12,-0.0006038720272010689,-0.0006038720272010689,0.02289992789451989
2013-04-19,-0.0035058289452817087,-0.003405828945281709,-0.021147370739843185
2013-04-26,0.002267634026076195,0.002317634026076195,0.017354123131329446
2013-05-03,-0.00036509061362638635,-0.0003150906136263863,0.020338254626352636
2013-05-10,0.0025066827270414974,0.002606682727041497,0.011942369395820052
2013-05-17,0.0006975401755342442,0.0008475401755342444,0.020670869804737757
2013-05-24,0.00018756498119186952,0.00018756498119186952,-0.01071683448577787
2013-05-31,0.0004429002593312094,0.0005429002593312094,-0.01143307468477206
2013-06-07,-5.1219878518866004e-05,-1.2198785188660016e-06,0.007751082330721193
2013-06-14,-0.0005176302217383888,-0.0005176302217383888,-0.010131558130195173
2013-06-21,-4.95774870429479e-05,4.2251295705210414e-07,-0.021085244631868783
2013-06-28,0.001183800221710269,0.001183800221710269,0.008697399571723663
2013-07-05,-0.0008738925468508374,-0.0008238925468508374,0.015943671090967948
2013-07-12,-0.0005927680226206583,-0.0005927680226206583,0.02959758317043426
2013-07-19,-0.0008386635438704375,-0.0007886635438704374,0.00708253233265288
2013-07-26,-0.0009213672800055339,-0.000871367280005534,-0.00026003344975733533
2013-08-02,-0.002508250306669977,-0.002408250306669977,0.010652321697750766
2013-08-09,-0.0004039372449479458,-0.0004039372449479458,-0.010674574625512578
2013-08-16,-0.0012402700830656452,-0.0011402700830656452,-0.021041491764316467
2013-08-23,0.0011257512005984245,0.0012257512005984243,0.004632118031440369
2013-08-30,-0.00021633756025670617,-0.00021633756025670617,-0.018352870453862358
2013-09-06,0.0006925213548144042,0.0006925213548144042,0.01359486089762818
2013-09-13,0.0004698610018976663,0.0005698610018976662,0.019828778916969325
2013-09-20,-0.00020155422413551896,-0.00020155422413551896,0.012985858920965265
2013-09-27,2.695097238123534e-05,2.695097238123534e-05,-0.010620442011567865
2013-10-04,-0.0019288847384305817,-0.0018288847384305817,-0.0007388798581350331
2013-10-11,-0.0013612403047076008,-0.0013612403047076008,0.007512570245489458
2013-10-18,-0.001365548966983721,-0.0012655489669837212,0.02424847346171899
2013-10-25,-0.0016194306582599752,-0.001419430658259975,0.008753224419604466
2013-11-01,0.0005725671664698779,0.0006725671664698778,0.0010626388675794018
2013-11-08,0.0020426394554145045,0.0020426394554145045,0.005091846234190678
2013-11-15,-0.002364405939105106,-0.002264405939105106,0.015570904942364683
2013-11-22,0.0014891363725848155,0.0015891363725848158,0.0036592554694190316
2013-11-29,0.0007420078109778965,0.0012920078109778966,0.0005817948092821101
2013-12-06,0.00016534642599614876,0.0005653464259961487,-0.00039871304290040044
2013-12-13,0.000465222133776322,0.000465222133776322,-0.016492252463866097
2013-12-20,-0.0020683758851827673,-0.0020183758851827676,0.024220985512471094
2013-12-27,3.562417003943287e-05,3.562417003943287e-05,0.012693035329315094
2014-01-03,-0.0011765148543858312,-0.001126514854385831,-0.005446942543716804
2014-01-10,-0.00023855940772140376,-0.00013855940772140401,0.006006432343000023
2014-01-17,6.768325232046819e-05,0.00011768325232046823,-0.0019919994355096504
2014-01-24,0.0015611697032047178,0.0016611697032047179,-0.02632838418447825
2014-01-31,0.0004895012286311073,0.0006895012286311072,-0.0043009791709722744
2014-02-07,-0.00097620127983858,-0.00092620127983858,0.00809496294717249
2014-02-14,0.001094253131001826,0.0011942531310018263,0.023155001057306057
2014-02-21,-0.0024626432212099857,-0.0022126432212099855,-0.0012944420574014792
2014-02-28,0.0030998974705089407,0.003149897470508941,0.012634445200816913
2014-03-07,0.0004827693505657461,0.0005327693505657461,0.009997579929549083
2014-03-14,0.0010908407076736226,0.0011908407076736227,-0.019653468509722827
2014-03-21,-0.0011555028368806703,-0.0011055028368806704,0.013790443912162553
2014-03-28,0.00043813649896468196,0.00043813649896468196,-0.004768231789640698
2014-04-04,0.0009826486462482368,0.0009826486462482368,0.004021274534081298
2014-04-11,0.0007720677606982197,0.0007720677606982197,-0.026486657480335962
2014-04-18,-0.000983357442342696,-0.000983357442342696,0.027075106433366747
2014-04-25,0.000605911040408592,0.0007059110404085921,-0.0007775424296859734
2014-05-02,0.00049668071907941,0.00049668071907941,0.009520231834281523
2014-05-09,0.0001922052531987239,0.0002922052531987239,-0.0014140361695568204
2014-05-16,5.032648476327663e-05,5.032648476327663e-05,-0.00033005408628261623
2014-05-23,0.0002500590773007883,0.0003500590773007884,0.012072252457584698
2014-05-30,-0.0005230332597883811,-0.00032303325978838115,0.012122934128900864
2014-06-06,-0.0010090122331995466,-0.0008090122331995464,0.013448951688787014
2014-06-13,-0.0001523217283414321,-0.0001523217283414321,-0.0068122127380170205
2014-06-20,0.0007316668985204289,0.0007316668985204289,0.013795347491942778
2014-06-27,0.0004846851960555324,0.0005346851960555323,-0.0009730649508117306
2014-07-04,-4.618483192079443e-05,3.815168079205613e-06,0.01248368146214096
2014-07-11,-0.00019733992590819852,-0.00019733992590819852,-0.00900052381336136
2014-07-18,-1.3162004685260583e-06,4.86837995314739e-05,0.005412768033665971
2014-07-25,-0.0016973528616996913,-0.0015973528616996912,6.066059386711231e-05
2014-08-01,-0.0008075869712016721,-0.000757586971201672,-0.02688617730016063
2014-08-08,0.0009685825158575266,0.0010685825158575266,0.0033451938809963
2014-08-15,-0.0014415841166763104,-0.0014415841166763104,0.0121506116722494
2014-08-22,0.0004287508793069612,0.0004287508793069612,0.017053185068488963
2014-08-29,-0.0006852634873583974,-0.0005852634873583973,0.007528666264333017
2014-09-05,-0.0016550533334064583,-0.0015550533334064583,0.0021663497007542443
2014-09-12,-0.0001421105497552007,-9.211054975520067e-05,-0.011042431426849575
2014-09-19,0.00033167487222667826,0.0004816748722266782,0.01252052338406684
2014-09-26,0.00018991638407388087,0.0002399163840738809,-0.013703740549144583
2014-10-03,-0.0006528855127490563,-0.0006528855127490563,-0.007539652520362039
2014-10-10,0.0002954075245545673,0.0002954075245545673,-0.03138879008079676
2014-10-17,-1.937121589069015e-05,0.00013062878410931,-0.010161951178566109
2014-10-24,0.0012464948507753795,0.0013464948507753796,0.04124530941932192
2014-10-31,0.00010665756179473198,0.00015665756179473198,0.027217013305642856
2014-11-07,-0.0004386913697550643,-0.0004386913697550643,0.006872971432818842
2014-11-14,-0.0006975905772406256,-0.0006475905772406256,0.0038879483444229646
2014-11-21,0.00035749463738798937,0.00040749463738798934,0.011608867449088622
2014-11-28,-0.0002567084737404979,-0.00010670847374049793,0.0019675308941118352
2014-12-05,0.0011428835374029471,0.0013428835374029475,0.0037773994466907546
2014-12-12,-0.0007700859327836385,-0.0007200859327836385,-0.035193724492500134
2014-12-19,0.001970445199597699,0.0020204451995976987,0.034120249908856204
2014-12-26,-0.00019216268362608077,-0.00019216268362608077,0.008750875329002872
2015-01-02,0.0003134435945589129,0.0003134435945589129,-0.014635407440742765
2015-01-09,-0.0018084574062304146,-0.0016584574062304147,-0.006505684578758109
2015-01-16,-0.0011336631586984195,-0.0010836631586984193,-0.012416801561025204
2015-01-23,0.0014963859209507504,0.0015463859209507505,0.016044210713967333
2015-01-30,0.00048592867885819963,0.0006859286788581997,-0.027697361366981532
2015-02-06,0.0013212763010097721,0.0013712763010097725,0.030315941433290305
2015-02-13,-0.0004449474450898461,-0.0004449474450898461,0.020199759665672667
2015-02-20,-0.0013626824776626586,-0.0012626824776626586,0.006347192881225094
2015-02-27,-0.00019476766364027353,-9.47676636402735e-05,-0.002748424394635962
2015-03-06,-0.0009537722116126112,-0.0009037722116126112,-0.015794725588025527
2015-03-13,-0.0013534997181756082,-0.001153499718175608,-0.00862277068064854
2015-03-20,0.0008349004307672273,0.0008849004307672273,0.026638745495276117
2015-03-27,-0.00022102593894335326,-0.00022102593894335326,-0.022332906408614406
2015-04-03,0.00010800991829522785,0.00010800991829522785,0.002882068102201929
2015-04-10,0.0010877555288421636,0.0011377555288421637,0.01698146069590112
2015-04-17,0.0001772600319080752,0.0001772600319080752,-0.009933113231782253
2015-04-24,-0.00020690259871632117,-0.00015690259871632123,0.017542932374902787
2015-05-01,-0.0005946499790637162,-0.0004946499790637164,-0.00443879887991161
2015-05-08,-0.0013310165572819077,-0.0013310165572819077,0.003704423964445036
2015-05-15,0.0011435287847580407,0.0011935287847580406,0.0031331222532016145
2015-05-22,-0.0021755312714036882,-0.0019755312714036886,0.0015687346011974412
2015-05-29,-0.0009987110835775535,-0.0006487110835775534,-0.008781501933153413
2015-06-05,-0.0005206690278260772,-0.0002206690278260771,-0.00690902016238093
2015-06-12,-2.7450472619552848e-05,2.2549527380447154e-05,0.0006116120277328552
2015-06-19,-0.0002696750781236785,-0.00021967507812367852,0.0075831737587803705
2015-06-26,-0.0004453990687615387,-0.0004453990687615387,-0.004028455111161677
2015-07-03,-0.0011617597632134539,-0.0010617597632134538,-0.011758323855930564
2015-07-10,-0.0008176998985154945,-0.0006676998985154944,-7.704234439864788e-05
2015-07-17,0.0015635955589450596,0.0016635955589450596,0.024087218653388698
2015-07-24,-0.0015480222460804807,-0.0014980222460804808,-0.022095888349697113
2015-07-31,-0.0016656179088387051,-0.001615617908838705,0.011631764960450042
2015-08-07,0.00019080858874694393,0.000390808588746944,-0.012486691003118056
2015-08-14,7.735498140993401e-05,7.735498140993401e-05,0.006724201831947774
2015-08-21,0.0010660813330552717,0.0011660813330552717,-0.057684768161259115
2015-08-28,-0.000709479669565222,-0.0005594796695652219,0.009122782093368809
2015-09-04,0.00017275811350377386,0.000322758113503774,-0.03401428952118535
2015-09-11,0.00032010351681755194,0.00037010351681755196,0.02073161845077598
2015-09-18,-0.0003805710104210039,-0.000330571010421004,-0.0015399913311746616
2015-09-25,-0.0006202216759377918,-0.0005702216759377917,-0.01363104753246891
2015-10-02,0.0008195699069770319,0.0008195699069770319,0.010365859972868652
2015-10-09,-0.0005112086974678543,-0.0004612086974678543,0.032556780911774386
2015-10-16,-0.001121765770410595,-0.001121765770410595,0.009042677267741661
2015-10-23,0.006834211753106538,0.006934211753106538,0.020677680991190828
2015-10-30,-0.000142653283656243,-4.2653283656242984e-05,0.0020287690046503215
2015-11-06,-0.0005086269694864673,-0.0004586269694864674,0.009541397353031611
2015-11-13,0.0,0.0,-0.036280487804878025
2015-11-20,0.0,0.0,0.03268842929452709
2015-11-27,0.0,0.0,0.0004499394496380038
2015-12-04,1.7028113851411338e-05,0.0003170281138514113,0.0007559410748716466
2015-12-11,0.0021743429048032845,0.0023743429048032846,-0.03792148932203154
2015-12-18,0.00024191650053952425,0.00044191650053952426,-0.00338903879505259
2015-12-25,0.0025991980057049635,0.0026991980057049633,0.027643289870608934
2016-01-01,-0.0007036651174825234,-0.0006036651174825232,-0.008272723302878537
2016-01-08,-0.003319618330144487,-0.003119618330144487,-0.05964460796305182
2016-01-15,-0.00015225714876981566,-0.0001022571487698156,-0.021695811199617054
2016-01-22,0.0014366800026566564,0.0014366800026566564,0.014130498369967048
2016-01-29,-0.00151817601259557,-0.0014681760125955698,0.017483874351040818
2016-02-05,-0.0029028570449368797,-0.00280285704493688,-0.031021935430668446
2016-02-12,-0.0005665277390092469,-0.00046652773900924686,-0.008122124411584775
2016-02-19,0.0006164033442844682,0.0007164033442844683,0.02842158324306343
2016-02-26,0.0019229213487329103,0.00202292134873291,0.01578387510559076
2016-03-04,0.0008899689077988924,0.0010399689077988925,0.026662559995893398
2016-03-11,-0.00015808034758701332,-0.00010808034758701333,0.011100055500277595
2016-03-18,0.0007658260450244212,0.0007658260450244212,0.013544721316987918
2016-03-25,0.0016344388604036145,0.0016344388604036145,-0.006655022004508182
2016-04-01,-0.0012182998091816257,-0.0012182998091816257,0.018094835800662068
2016-04-08,-7.578010387285141e-05,-7.578010387285141e-05,-0.012147936587578179
2016-04-15,-0.000634248054831563,-0.000584248054831563,0.01617991795272511
2016-04-22,0.0016717089860593573,0.0016717089860593573,0.005214516059267593
2016-04-29,-0.0026555750238504237,-0.002605575023850424,-0.012564664033888118
2016-05-06,-0.0015577676537602639,-0.0014577676537602638,-0.003950999854742787
2016-05-13,8.393719927422129e-05,0.0001339371992742213,-0.005118757109384808
2016-05-20,-0.0001493749961237171,-4.937499612371705e-05,0.0027899795271206784
2016-05-27,6.714710572835826e-05,0.0003171471057283583,0.02277422624152159
2016-06-03,-0.0002409583874311783,-0.00014095838743117829,3.33482606500457e-05
2016-06-10,-0.0009251942845034059,-0.0008251942845034059,-0.0014577467808091216
2016-06-17,0.00012441509992875392,0.00022441509992875394,-0.011855520092363458
2016-06-24,-0.001155307727394756,-0.001105307727394756,-0.016323712594509376
2016-07-01,0.0005111871197506395,0.0005111871197506395,0.03216829209633776
2016-07-08,-0.0012149521554118393,-0.0011649521554118393,0.012815330844765827
2016-07-15,0.0009260378264315435,0.0009260378264315435,0.014949058641250623
2016-07-22,0.00018011458367833718,0.00018011458367833718,0.0061478253629023705
2016-07-29,0.004096948892020599,0.004096948892020599,-0.0006574621959238858
2016-08-05,-0.00249904593757064,-0.00249904593757064,0.004264814133235095
2016-08-12,-0.002683244562997148,-0.002533244562997148,0.000540572732228739
2016-08-19,0.0006936081548983177,0.0006936081548983177,-8.241569561151518e-05
2016-08-26,0.0002110628594284237,0.0002110628594284237,-0.006790697248462596
2016-09-02,-0.0018475112223783976,-0.0016975112223783979,0.005043705971305323
2016-09-09,0.0,0.0,-0.023931412214791004
2016-09-16,0.0,0.0,0.005334122877512559
2016-09-23,-5e-05,0.0,0.011934591147927387
2016-09-30,5.6138976655149485e-05,5.6138976655149485e-05,0.0016538164818056256
2016-10-07,-0.00032886572182201006,-0.00032886572182201006,-0.006701194961882151
2016-10-14,0.0001309161006986653,0.0001309161006986653,-0.00963904649586289
2016-10-21,-0.00015534417573549036,-0.00015534417573549036,0.0038350101735600273
2016-10-28,-6.059956761487683e-05,-1.0599567614876828e-05,-0.006888789254422822
2016-11-04,-3.779043127405931e-05,6.220956872594069e-05,-0.019389487445977016
2016-11-11,-0.0001948528721436361,-4.485287214363604e-05,0.03801590270384336
2016-11-18,-0.0004112092217512119,-0.0004112092217512119,0.008062094296472644
2016-11-25,-0.0012429653023284296,-0.0009929653023284296,0.014414042806728089
2016-12-02,0.0006078991237059538,0.0009078991237059539,-0.00966860189305807
2016-12-09,3.902200336685811e-05,3.902200336685811e-05,0.030830995232555614
2016-12-16,0.0013582732156018325,0.0013582732156018325,-0.0006461520758741512
2016-12-23,-0.0015064492646729372,-0.001356449264672937,0.0025331367052392473
2016-12-30,0.00033027299462421594,0.00033027299462421594,-0.011025757689538396
2017-01-06,0.0019027551799063833,0.0019027551799063833,0.017040150435718715
2017-01-13,-5.564906397125067e-05,-5.564906397125067e-05,-0.0010276770107775501
2017-01-20,0.0019073484122736708,0.002007348412273671,-0.001463967924594578
2017-01-27,-0.00046228149612938946,-0.00026228149612938926,0.010293619100871343
2017-02-03,0.0005194831311820244,0.0005194831311820244,0.0011897031843082218
2017-02-10,0.00019692020969730282,0.00019692020969730282,0.008130859834074577
2017-02-17,-0.0011195231821423115,-0.0010195231821423115,0.015137515651310274
2017-02-24,0.0001781560033310012,0.0003281560033310012,0.00688170945405675
2017-03-03,-0.0008827240474970178,-0.0008827240474970178,0.006665709192595903
2017-03-10,-0.00011707460771892726,-0.00011707460771892726,-0.0044143811474034456
2017-03-17,-0.0005202502054086365,-0.00047025020540863646,0.002381353789092211
2017-03-24,0.00010548286417511777,0.00020548286417511777,-0.014409755072006702
2017-03-31,-0.0002433352083907253,-0.0002433352083907253,0.007994948762361398
2017-04-07,0.0005041196041613678,0.0005041196041613678,-0.00303887045439144
2017-04-14,5.4851213784596566e-05,5.4851213784596566e-05,-0.011288282092428936
2017-04-21,-0.00048758791409124274,-0.00043758791409124266,0.008475922626076215
2017-04-28,4.2293885404182625e-05,4.2293885404182625e-05,0.015119066373169732
2017-05-05,-0.00030175955653676065,-0.0002517595565367605,0.006329167016190018
2017-05-12,0.00019623178702332425,0.00019623178702332425,-0.0034968678233977535
2017-05-19,-0.0006031621986566443,-0.00045316219865664426,-0.003835375799908003
2017-05-26,-0.0008914762352075346,-0.0005914762352075346,0.01431312533326623
2017-06-02,-0.0005753629468355486,-0.00027536294683554874,0.009624061395302697
2017-06-09,0.0019005316505351874,0.0019505316505351873,-0.0029929440319467204
2017-06-16,0.0005376357238491621,0.0005376357238491621,0.0005674878791992466
2017-06-23,-0.0005787004553578978,-0.0005287004553578978,0.0021165978258637086
2017-06-30,0.0001066105049700314,0.0001066105049700314,-0.006106713693967203
2017-07-07,-0.0023109678290367365,-0.0022609678290367364,0.0007303757927878962
2017-07-14,-0.0011566076931781505,-0.0010566076931781507,0.014056688575693421
2017-07-21,0.0002918467380596988,0.00034184673805969884,0.005395910168464635
2017-07-28,-0.0012117002198650639,-0.001161700219865064,-0.00017795465391867715
2017-08-04,0.0009180097287160478,0.0009180097287160478,0.0019133530196997484
2017-08-11,0.0010777644327418143,0.0012277644327418143,-0.014336874149618595
2017-08-18,0.0004779553998797648,0.0006279553998797649,-0.006459620205462646
2017-08-25,0.000541939160813815,0.000591939160813815,0.007214858485704356
2017-09-01,-0.0011543191706733897,-0.0010543191706733897,0.01371236773705009
2017-09-08,-0.00014589019968718934,-4.589019968718935e-05,-0.006105267408289872
2017-09-15,0.0012626940716905916,0.0012626940716905916,0.015763194565760585
2017-09-22,0.0005910675361623346,0.0005910675361623346,0.0007959267747366106
2017-09-29,-0.0003694298623229869,-0.0003694298623229869,0.006849917273461292
2017-10-06,-3.5098425889925094e-05,-3.5098425889925094e-05,0.011895878318302966
2017-10-13,-0.005539119077225394,-0.005439119077225394,0.0015062781201335973
2017-10-20,0.0006567113387081358,0.0007067113387081357,0.008632405989417169
2017-10-27,-0.0002061029992449765,-0.0001561029992449765,0.0022755425771101567
2017-11-03,-0.00015578622778038843,-5.7862277803884164e-06,0.0026229431979760687
2017-11-10,0.0005234717875153171,0.0006234717875153172,-0.0021407815011746933
2017-11-17,-0.0011615727448836448,-0.0011115727448836447,-0.0013360182782791163
2017-11-24,6.365373511839469e-05,0.0002636537351183948,0.009139732826647595
2017-12-01,6.257953959538476e-05,0.00011257953959538475,0.01529345762790002
2017-12-08,4.754850121447261e-05,0.0001475485012144726,0.003512198075860562
2017-12-15,0.0008080583800986283,0.0008580583800986282,0.00916839524797286
2017-12-22,0.00020552559322134528,0.0003055255932213453,0.0028141011506797042
2017-12-29,-0.0007016034973108939,-0.0007016034973108939,-0.003626077947632478
2018-01-05,-0.0008959260057688158,-0.0008959260057688158,0.026009777043024318
2018-01-12,-0.0004308808007138812,-0.0002308808007138812,0.015708218653737394
2018-01-19,-0.0009441456307550918,-0.0009441456307550918,0.008635293442058156
2018-01-26,-0.0024577116024572807,-0.002357711602457281,0.022264526918834182
2018-02-02,-0.0015942966123927507,-0.0013942966123927504,-0.03854681903462387
2018-02-09,-0.0015273341199540668,-0.0013273341199540665,-0.05161958343741968
2018-02-16,-0.0008533662375683661,-0.000803366237568366,0.04301120421446414
2018-02-23,-0.00031368078183579813,-0.00031368078183579813,0.00551932128452326
2018-03-02,-6.932446247685659e-05,8.067553752314355e-05,-0.020401849088195756
2018-03-09,0.0011665932602276455,0.0011665932602276455,0.03541848583372054
2018-03-16,-0.0003872447028638995,-0.00023724470286389947,-0.012402344100453266
2018-03-23,-0.0005879124283533251,-0.0005379124283533251,-0.05950196401902608
2018-03-30,-0.0002720692245523096,-0.0002720692245523096,0.020326396884393194
2018-04-06,-0.0007590887047939134,-0.0007090887047939134,-0.013783336551969616
2018-04-13,-0.0006257313781860431,-0.0006257313781860431,0.019900402001175044
2018-04-20,0.0005770881797785164,0.0006270881797785164,0.005210254865790631
2018-04-27,0.001935041021220322,0.001985041021220322,-8.613780550836836e-05
2018-05-04,0.000949185143586779,0.001049185143586779,-0.002430793547347987
2018-05-11,0.0006960511723997483,0.000796051172399748,0.02414189275442835
2018-05-18,0.0017062317411548314,0.0017562317411548313,-0.0054074465121053406
2018-05-25,0.0007334268893895681,0.0008334268893895682,0.0030814937135317244
2018-06-01,-0.0011836758568557026,-0.0008836758568557028,0.004883641454729748
2018-06-08,0.0007799098509534222,0.0007799098509534222,0.016239916332068116
2018-06-15,0.0012906761917494212,0.0012906761917494212,0.0002266978046294721
2018-06-22,-0.0012735545213788898,-0.0012235545213788897,-0.008914759359058166
2018-06-29,0.00024712802349314715,0.00024712802349314715,-0.013252845858984896
2018-07-06,-2.1131936341888976e-06,-2.1131936341888976e-06,0.015248108241335823
2018-07-13,-0.000316852587819081,-0.000266852587819081,0.015033589147118276
2018-07-20,-0.0021098675958087427,-0.0020098675958087424,0.0001856274385911849
2018-07-27,0.0007763123995146533,0.0008763123995146534,0.006063893955022381
2018-08-03,0.0015531276172567198,0.0016031276172567197,0.0076379477937575935
2018-08-10,-0.002114578436031581,-0.0019145784360315807,-0.002489129860756445
2018-08-17,0.002590437917735473,0.0026404379177354725,0.00594717077027318
2018-08-24,8.422727005524647e-06,0.00010842272700552466,0.00861715079663039
2018-08-31,-0.0002613043676848726,-0.00016130436768487254,0.009333180273351172
2018-09-07,0.0004097258515879076,0.00045972585158790763,-0.010284264799139797
2018-09-14,0.001447838878007515,0.0014978388780075148,0.011595999554268044
2018-09-21,-0.00010908844063092717,-9.088440630927123e-06,0.00849919792907361
2018-09-28,-0.0014394205254309495,-0.0013894205254309493,-0.005355551990497198
2018-10-05,-0.001650386193385426,-0.0016003861933854258,-0.009749552158902941
2018-10-12,0.0005014535343539326,0.0006014535343539327,-0.04104561663726758
2018-10-19,-0.0010861172647688906,-0.0009861172647688907,0.00023490042029106206
2018-10-26,0.0017505083798732464,0.0018505083798732464,-0.03941425980388624
2018-11-02,-0.0023826090318252195,-0.0022826090318252197,0.02421117166724951
2018-11-09,-0.0007755910613189152,-0.0007255910613189152,0.021281205702408323
2018-11-16,0.00011216133899983744,0.00011216133899983744,-0.016087680375115654
2018-11-23,-0.00033719484940221043,-0.00018719484940221042,-0.03790196142924496
